DRR090493	DRR090494	DRR090495	DRR090496	DRR090497	DRR090498	DRR090499	DRR090500	DRR090501	DRR090502	DRR090503	DRR090504	DRR090505	DRR090506	DRR090507	DRR090508	DRR090509	DRR090510	DRR090511	DRR090512
ASV.1	0	0	0	0	0	0	3	0	0	89	2073	5556	0	0	0	57896	0	0	0	42
ASV.2	0	0	0	2219	947	0	0	0	0	14538	778	0	13710	0	31797	0	1448	0	0	0
ASV.3	8557	8303	149	106	1885	0	0	0	0	0	0	3	0	0	0	8	9939	9729	9051	12629
ASV.4	0	0	0	0	0	0	0	0	42461	0	0	0	0	0	0	0	0	0	0	0
ASV.5	0	0	0	0	0	0	0	0	0	0	7059	9962	0	0	24806	0	0	0	0	0
ASV.6	0	0	0	0	0	0	0	41259	0	0	0	0	0	0	0	0	0	0	0	0
ASV.7	0	3150	1567	0	0	23308	0	0	0	0	15	0	0	0	4247	0	445	639	537	445
ASV.8	0	0	0	0	0	26233	0	0	0	0	0	0	0	0	0	0	0	0	0	0
ASV.9	1632	0	2513	5317	3322	0	0	0	0	0	0	0	0	0	0	0	2681	856	2084	2806
ASV.10	408	0	4521	1296	3771	0	0	0	0	0	0	0	5	0	0	0	2480	1705	2978	3408
ASV.11	2017	0	0	0	0	0	17631	0	0	0	0	0	0	0	0	0	336	0	0	0
ASV.12	0	0	0	0	0	0	19712	70	0	0	0	0	0	0	0	0	0	32	0	0
ASV.13	360	0	552	941	555	696	9359	0	4225	1898	376	0	0	0	0	0	77	9	0	0
ASV.14	2394	0	0	4290	332	0	0	0	0	5683	0	0	0	0	0	0	0	1813	2296	1934
ASV.15	0	0	0	0	0	0	0	17732	0	0	0	0	0	0	0	0	0	0	0	0
ASV.16	0	0	0	0	0	0	0	0	0	0	0	0	0	0	15417	0	0	0	0	0
ASV.17	0	0	0	0	0	0	0	0	0	0	0	0	15390	0	0	0	0	0	0	0
ASV.18	632	2559	1073	985	379	0	0	0	0	0	289	0	0	3841	0	0	1096	1224	577	1504
ASV.19	0	0	0	0	0	0	0	0	0	0	0	12940	0	0	0	0	0	0	0	0
ASV.20	2156	0	0	0	2502	0	0	0	0	0	0	0	0	0	0	0	1450	1062	3226	1885
ASV.21	0	0	3098	0	0	0	0	0	0	542	988	0	0	0	6532	0	0	0	0	350
ASV.22	1280	1596	0	272	0	0	0	0	0	0	0	0	5725	0	0	0	235	49	571	40
ASV.23	0	0	0	0	0	0	7052	0	0	0	0	0	0	1029	0	0	0	269	0	179
ASV.24	0	0	0	6	0	0	0	0	0	0	0	8522	0	0	0	0	0	0	0	0
ASV.25	0	0	7744	275	298	0	0	17	0	0	0	0	0	0	0	0	0	0	0	179
ASV.26	0	3507	570	1242	1364	0	0	0	0	0	206	0	0	0	0	0	418	233	211	270
ASV.27	0	0	0	0	0	0	0	0	0	0	0	0	7699	0	0	0	0	0	0	0
ASV.28	1980	0	0	0	0	0	0	0	0	0	0	0	0	0	0	0	2119	1072	67	1709
ASV.29	1785	0	3370	0	0	0	0	0	0	0	0	0	0	0	0	0	0	343	939	388
ASV.30	0	0	0	0	0	0	0	0	0	0	0	0	0	0	0	0	0	0	6259	0
ASV.31	0	0	0	0	0	0	0	0	0	0	0	0	6231	0	0	0	0	0	0	0
ASV.32	984	2868	105	52	40	0	0	0	0	0	2	0	0	0	0	0	397	637	319	260
ASV.33	0	3474	0	565	0	0	0	0	0	0	0	0	0	0	0	0	429	535	494	165
ASV.34	0	0	0	0	0	0	0	0	0	0	0	0	0	5542	0	0	0	0	0	0
ASV.35	151	1020	754	749	1002	0	0	0	0	0	325	0	345	0	0	0	220	158	173	278
ASV.36	0	0	0	0	0	0	5103	0	0	0	0	0	0	0	0	0	0	0	0	0
ASV.37	0	0	0	0	0	0	4922	0	0	0	0	0	0	0	0	0	0	0	0	0
ASV.38	13	19	7	26	13	0	0	0	0	4243	0	0	0	0	0	0	37	53	9	228
ASV.39	0	0	0	0	0	0	0	0	0	0	3636	0	0	0	0	0	0	199	670	0
ASV.40	197	204	142	546	677	0	376	0	889	1209	210	0	0	0	0	0	0	0	0	0
ASV.41	0	4422	0	0	0	0	0	0	0	0	0	0	0	0	0	0	0	0	0	0
ASV.42	0	0	0	0	0	0	0	0	0	0	4359	0	0	0	0	0	0	0	0	0
ASV.43	0	0	0	2	0	0	0	0	0	0	0	4341	0	0	0	0	0	0	0	0
ASV.45	893	0	649	579	0	0	0	0	0	0	875	0	0	0	0	0	463	156	165	396
ASV.46	0	0	0	0	0	0	0	0	0	0	0	4016	0	0	0	0	0	0	0	0
ASV.49	0	0	0	0	0	0	0	0	0	0	3602	0	0	0	0	0	0	0	0	0
ASV.50	0	0	0	0	0	0	0	3426	0	0	0	0	0	0	0	0	21	0	51	47
ASV.54	707	0	0	0	1635	0	0	0	0	0	0	0	0	0	0	0	273	628	56	0
ASV.55	0	0	0	0	0	3255	0	0	0	0	0	0	0	0	0	0	0	0	0	0
ASV.56	0	2943	0	0	0	0	0	0	0	0	0	0	0	0	0	0	0	300	0	0
ASV.57	0	0	0	0	0	0	0	0	0	0	0	0	0	0	0	0	1144	785	0	1187
ASV.58	0	0	0	0	1765	0	0	0	0	0	0	0	0	0	0	0	0	956	0	378
ASV.59	0	0	0	0	0	0	0	0	0	0	551	0	0	0	2481	0	0	0	0	0
ASV.60	0	0	0	0	0	0	0	0	0	0	0	0	0	0	0	0	0	0	0	3032
ASV.62	0	0	0	0	0	0	0	0	0	0	1017	0	0	0	0	0	494	333	449	562
ASV.63	0	0	0	0	0	0	0	0	0	0	0	0	0	0	0	0	2850	0	0	0
ASV.64	0	0	0	2085	0	0	0	0	0	0	0	0	0	0	0	0	742	0	0	0
ASV.65	0	0	0	0	0	0	0	0	0	2819	0	0	0	0	0	0	0	0	0	0
ASV.66	0	0	2326	0	0	0	0	13	0	0	0	0	0	0	0	0	225	0	133	0
ASV.67	0	0	0	0	0	0	0	0	0	0	0	0	0	0	2697	0	0	0	0	0
ASV.68	0	0	0	0	0	0	0	0	2678	0	0	0	0	0	0	0	0	0	0	0
ASV.69	0	0	0	0	0	0	0	0	0	0	0	0	0	0	0	0	1737	0	471	469
ASV.70	672	0	606	0	0	0	0	0	0	0	1108	0	0	0	0	0	0	0	112	169
ASV.71	0	0	0	2573	0	0	0	0	0	0	0	0	0	0	0	0	0	0	0	0
ASV.72	1313	0	0	0	0	0	0	0	0	0	0	0	0	0	0	0	332	285	641	0
ASV.73	0	0	0	661	625	0	0	0	0	259	835	0	0	0	0	0	0	0	0	0
ASV.74	0	0	1867	0	0	0	0	0	0	0	0	0	0	0	0	0	0	168	285	0
ASV.75	0	0	0	0	0	0	0	0	2307	0	0	0	0	0	0	0	0	0	0	0
ASV.76	0	0	0	0	0	0	0	0	0	0	0	0	0	2218	0	0	0	0	0	0
ASV.77	0	0	0	2215	0	0	0	0	0	0	0	0	0	0	0	0	0	0	0	0
ASV.78	0	0	0	0	2180	0	0	0	0	0	0	0	0	0	0	0	0	3	0	0
ASV.79	0	0	0	0	0	0	0	0	0	0	0	0	0	0	0	0	0	2166	0	0
ASV.80	0	0	0	2165	0	0	0	0	0	0	0	0	0	0	0	0	0	0	0	0
ASV.81	2157	0	0	0	0	0	0	0	0	0	0	0	0	0	0	0	0	0	0	0
ASV.82	0	451	643	0	0	0	0	0	0	0	0	0	0	0	0	0	170	528	0	316
ASV.83	0	256	0	0	0	0	0	0	0	0	0	0	0	0	1846	0	0	0	0	0
ASV.84	0	0	0	0	0	0	0	0	0	0	0	0	0	2087	0	0	0	0	0	0
ASV.85	0	0	0	0	0	0	0	0	0	0	0	0	0	0	0	0	0	0	1672	362
ASV.86	0	0	0	0	0	0	0	0	0	0	0	700	1248	0	0	0	0	0	0	0
ASV.87	0	0	0	0	0	0	1947	0	0	0	0	0	0	0	0	0	0	0	0	0
ASV.88	0	0	0	0	0	0	0	0	0	0	0	1918	0	0	0	0	0	0	0	0
ASV.89	0	0	0	0	0	0	0	0	0	0	0	0	0	1512	0	0	0	0	0	367
ASV.91	0	0	0	0	0	0	0	3	0	0	0	0	0	0	1520	0	127	0	0	162
ASV.93	0	0	0	0	0	0	0	0	0	0	1780	0	0	0	0	0	0	0	0	0
ASV.95	0	0	0	0	1633	0	0	0	0	0	0	0	0	0	0	0	0	0	0	0
ASV.96	550	1030	0	0	0	0	0	0	0	0	0	0	0	0	0	0	0	0	0	41
ASV.97	0	0	0	0	0	0	0	0	0	0	0	0	0	0	0	0	0	1567	0	0
ASV.101	0	0	1299	0	0	0	0	0	0	0	0	0	0	0	0	0	0	0	0	155
ASV.102	0	0	0	0	0	0	0	0	0	0	0	0	0	1454	0	0	0	0	0	0
ASV.103	597	0	0	0	0	0	0	0	0	0	0	0	0	0	0	0	357	155	204	133
ASV.104	0	0	0	0	0	0	0	0	0	0	0	1446	0	0	0	0	0	0	0	0
ASV.105	56	0	352	159	301	0	0	0	25	0	0	122	0	0	0	0	74	98	123	105
ASV.106	0	0	0	39	668	0	0	0	0	10	51	0	0	0	0	0	0	0	404	237
ASV.107	0	0	1169	0	0	0	0	0	0	0	0	0	0	0	0	0	0	0	0	197
ASV.109	0	0	0	0	0	0	0	0	0	0	0	0	0	0	0	0	1241	0	0	0
ASV.110	0	0	0	1	0	0	0	0	0	0	0	0	0	0	0	0	5	9	362	854
ASV.111	0	0	0	0	0	0	0	0	0	0	0	0	0	0	0	0	395	336	0	467
ASV.112	0	0	0	1013	0	0	0	0	0	0	0	0	0	0	0	0	0	178	0	0
ASV.113	0	0	0	0	0	0	0	0	0	0	0	0	0	0	0	0	1158	0	0	0
ASV.114	0	0	1145	0	0	0	0	0	0	0	0	0	0	0	0	0	0	0	0	0
ASV.115	0	0	0	0	0	0	0	0	0	0	0	0	0	0	0	0	187	195	565	177
ASV.116	1118	0	0	0	0	0	0	0	0	0	0	0	0	0	0	0	0	0	0	0
ASV.117	0	0	0	1093	0	0	0	0	0	0	0	0	0	0	0	0	0	0	0	0
ASV.118	0	0	0	0	0	0	0	0	0	0	0	1093	0	0	0	0	0	0	0	0
ASV.120	0	0	0	0	0	0	0	0	0	0	249	0	0	0	0	0	232	391	0	199
ASV.122	750	0	0	0	0	0	0	0	0	0	0	0	0	0	0	0	0	141	0	166
ASV.123	0	0	1056	0	0	0	0	0	0	0	0	0	0	0	0	0	0	0	0	0
ASV.125	0	0	0	0	1055	0	0	0	0	0	0	0	0	0	0	0	0	0	0	0
ASV.126	1046	0	0	0	0	0	0	0	0	0	0	0	0	0	0	0	0	0	0	0
ASV.127	0	0	0	131	104	0	0	0	0	0	0	0	801	0	0	0	0	0	0	0
ASV.128	0	528	0	0	0	0	0	0	0	0	0	0	0	0	0	0	0	483	0	0
ASV.129	0	0	0	0	0	0	0	0	0	0	0	0	0	0	0	0	0	0	997	0
ASV.131	0	986	0	0	0	0	0	0	0	0	0	0	0	0	0	0	0	0	0	0
ASV.132	0	0	0	0	0	0	0	0	0	0	0	0	0	0	777	0	24	0	163	0
ASV.133	0	0	949	0	0	0	0	0	0	0	0	0	0	0	0	0	0	0	0	0
ASV.134	0	0	0	0	0	0	0	0	0	0	0	0	945	0	0	0	0	0	0	0
ASV.135	0	0	0	0	0	0	0	0	0	0	0	0	935	0	0	0	0	0	0	0
ASV.138	0	0	0	0	0	0	871	0	0	0	0	0	0	0	0	0	0	0	0	0
ASV.140	0	0	0	0	0	0	0	0	0	0	0	0	0	0	0	0	0	241	0	618
ASV.141	0	0	0	0	0	0	0	0	0	0	0	0	0	0	0	0	0	0	849	0
ASV.143	0	0	0	0	0	0	848	0	0	0	0	0	0	0	0	0	0	0	0	0
ASV.144	0	0	0	0	844	0	0	0	0	0	0	0	0	0	0	0	0	0	0	0
ASV.145	0	0	0	0	0	0	0	0	0	0	0	0	0	0	0	0	0	0	837	0
ASV.146	831	0	0	0	0	0	0	0	0	0	0	0	0	0	0	0	0	0	0	0
ASV.148	0	0	0	0	0	0	0	0	0	0	0	0	823	0	0	0	0	0	0	0
ASV.149	0	0	0	0	0	0	0	0	0	0	0	0	0	0	0	0	0	0	823	0
ASV.150	0	396	222	0	203	0	0	0	0	0	0	0	0	0	0	0	0	0	0	0
ASV.151	0	0	0	0	0	0	0	0	0	0	818	0	0	0	0	0	0	0	0	0
ASV.153	0	0	0	0	0	0	0	0	0	0	0	0	0	0	0	0	0	218	0	591
ASV.154	0	0	0	0	0	0	0	0	0	0	0	806	0	0	0	0	0	0	0	0
ASV.155	0	797	0	0	0	0	0	0	0	0	0	0	0	0	0	0	0	0	0	0
ASV.157	0	0	0	0	0	0	0	0	0	0	0	0	0	0	779	0	0	0	0	0
ASV.160	409	0	0	0	0	0	0	0	0	0	0	0	0	0	0	0	0	245	0	114
ASV.161	0	494	0	257	0	0	0	0	0	0	0	0	0	0	0	0	0	0	0	0
ASV.162	0	0	0	0	0	750	0	0	0	0	0	0	0	0	0	0	0	0	0	0
ASV.163	0	0	0	131	0	0	0	0	0	0	0	0	0	0	0	0	225	384	0	2
ASV.165	0	0	0	0	0	0	0	0	0	0	0	0	0	0	735	0	0	0	0	0
ASV.166	333	0	0	0	0	0	0	0	0	0	0	0	0	0	297	0	27	0	0	60
ASV.172	0	0	0	0	654	0	0	0	0	0	0	0	0	0	0	0	0	0	0	0
ASV.173	0	0	0	0	0	0	0	0	0	0	0	0	0	0	0	0	0	0	649	0
ASV.174	0	0	0	0	0	0	0	0	0	0	0	0	0	0	0	0	648	0	0	0
ASV.175	362	256	0	0	0	0	0	0	0	0	0	0	0	0	0	0	0	0	0	27
ASV.179	0	0	0	471	0	0	0	0	0	0	0	0	0	0	0	0	0	0	162	0
ASV.182	0	0	0	0	0	0	0	0	622	0	0	0	0	0	0	0	0	0	0	0
ASV.183	0	0	0	0	0	0	0	0	0	0	0	0	0	0	0	0	409	0	0	192
ASV.184	0	0	596	0	0	0	0	0	0	0	0	0	0	0	0	0	0	0	0	0
ASV.185	0	0	0	0	591	0	0	0	0	0	0	0	0	0	0	0	0	0	0	0
ASV.186	0	0	0	0	589	0	0	0	0	0	0	0	0	0	0	0	0	0	0	0
ASV.187	0	319	0	0	0	0	0	0	0	0	0	0	0	0	0	0	0	0	268	0
ASV.188	0	0	0	0	0	0	0	0	0	0	0	0	0	0	0	0	0	0	210	367
ASV.189	0	0	0	0	0	0	0	0	0	0	0	0	0	0	0	0	343	0	0	232
ASV.190	0	0	0	0	0	0	0	0	0	0	574	0	0	0	0	0	0	0	0	0
ASV.193	0	0	0	0	0	0	0	0	0	0	0	0	0	0	0	567	0	0	0	0
ASV.195	0	0	0	0	0	0	0	0	0	0	0	0	561	0	0	0	0	0	0	0
ASV.198	0	0	0	0	548	0	0	0	0	0	0	0	0	0	0	0	0	0	0	0
ASV.199	0	0	0	0	0	0	0	0	0	0	0	0	0	548	0	0	0	0	0	0
ASV.201	0	0	0	0	533	0	0	0	0	0	0	0	0	0	0	0	0	0	0	0
ASV.203	0	131	0	0	0	0	0	0	0	0	0	0	0	0	396	0	0	0	0	0
ASV.206	0	0	0	519	0	0	0	0	0	0	0	0	0	0	0	0	0	0	0	0
ASV.207	0	0	0	0	517	0	0	0	0	0	0	0	0	0	0	0	0	0	0	0
ASV.208	0	0	0	0	0	0	0	0	0	0	0	0	0	0	0	0	0	0	0	512
ASV.210	0	0	0	0	0	0	0	0	0	0	0	0	0	0	0	0	503	0	0	0
ASV.212	0	0	0	0	0	0	0	0	0	0	0	0	0	0	0	0	0	354	143	0
ASV.215	0	0	0	0	0	0	0	0	0	0	0	0	0	0	0	0	379	114	0	0
ASV.216	0	0	0	0	0	0	0	0	0	0	0	0	0	489	0	0	0	0	0	0
ASV.217	0	0	0	0	0	0	0	0	0	0	0	0	0	0	0	0	0	0	0	487
ASV.219	0	0	0	0	0	0	0	0	0	0	378	0	0	0	0	0	105	0	0	0
ASV.220	0	0	0	0	0	0	0	0	0	0	0	0	0	0	0	0	0	480	0	0
ASV.225	0	0	0	0	0	0	0	0	0	0	0	0	0	0	0	0	0	468	0	0
ASV.234	0	0	0	0	0	0	0	0	0	0	0	0	0	0	0	0	434	0	0	0
ASV.235	0	0	0	0	425	0	0	0	0	0	0	0	0	0	0	0	0	0	0	3
ASV.236	0	0	0	425	0	0	0	0	0	0	0	0	0	0	0	0	0	0	0	0
ASV.238	0	0	0	0	0	0	0	0	0	0	0	0	0	0	0	0	422	0	0	0
ASV.242	0	0	0	0	0	0	0	0	0	0	0	0	0	0	0	0	192	91	135	0
ASV.243	0	0	417	0	0	0	0	0	0	0	0	0	0	0	0	0	0	0	0	0
ASV.246	0	0	0	0	0	0	0	0	0	0	0	0	0	0	0	0	313	102	0	0
ASV.248	0	0	0	0	0	0	0	0	0	0	0	0	0	0	0	0	414	0	0	0
ASV.250	0	0	0	0	0	0	0	0	0	0	0	0	0	0	0	0	0	410	0	0
ASV.252	0	0	0	406	0	0	0	0	0	0	0	0	0	0	0	0	0	0	0	0
ASV.253	0	0	0	0	0	0	0	0	0	0	0	0	0	0	0	0	0	406	0	0
ASV.256	0	0	0	0	0	0	0	0	0	396	0	0	0	0	0	0	0	0	0	0
ASV.262	0	0	389	0	0	0	0	0	0	0	0	0	0	0	0	0	0	0	0	0
ASV.263	0	0	0	0	0	0	0	388	0	0	0	0	0	0	0	0	0	0	0	0
ASV.264	0	0	0	0	0	0	0	0	0	386	0	0	0	0	0	0	0	0	0	0
ASV.269	0	0	0	0	0	0	0	0	0	0	0	0	0	0	0	0	375	0	0	0
ASV.271	0	0	0	0	0	0	0	0	0	0	0	0	0	0	0	0	374	0	0	0
ASV.272	370	0	0	0	0	0	0	0	0	0	0	0	0	0	0	0	0	0	0	0
ASV.273	0	0	0	0	369	0	0	0	0	0	0	0	0	0	0	0	0	0	0	0
ASV.274	0	0	0	367	0	0	0	0	0	0	0	0	0	0	0	0	0	0	0	0
ASV.275	0	0	0	0	0	0	0	0	0	0	0	0	0	0	0	0	0	0	158	206
ASV.276	0	0	0	0	0	363	0	0	0	0	0	0	0	0	0	0	0	0	0	0
ASV.277	0	0	0	0	0	0	0	0	0	0	0	0	0	0	0	0	0	0	363	0
ASV.278	0	0	0	0	318	0	0	0	0	0	0	0	0	0	0	0	0	0	0	38
ASV.281	0	0	0	0	0	0	0	0	0	0	0	0	0	0	0	0	0	0	349	0
ASV.283	0	0	0	0	0	0	0	0	0	0	0	0	0	0	0	0	133	0	0	212
ASV.284	0	0	0	0	0	0	0	0	0	0	0	0	0	0	0	0	0	344	0	0
ASV.286	0	0	47	0	0	0	0	0	0	293	0	0	0	0	0	0	0	0	0	0
ASV.292	0	0	0	60	108	0	0	0	0	0	0	0	0	0	0	0	96	23	38	0
ASV.293	0	0	0	265	0	0	0	0	0	0	0	0	0	0	0	0	0	0	0	59
ASV.297	0	0	0	0	0	0	0	0	0	0	0	0	0	0	0	0	0	0	320	0
ASV.299	319	0	0	0	0	0	0	0	0	0	0	0	0	0	0	0	0	0	0	0
ASV.300	0	0	0	318	0	0	0	0	0	0	0	0	0	0	0	0	0	0	0	0
ASV.302	0	0	0	0	0	0	0	0	0	0	0	317	0	0	0	0	0	0	0	0
ASV.305	308	0	0	0	0	0	0	0	0	0	0	0	0	0	0	0	0	0	0	0
ASV.315	0	0	0	0	0	0	0	0	0	0	0	0	0	0	0	0	0	199	0	90
ASV.316	0	0	0	0	0	0	0	0	0	0	288	0	0	0	0	0	0	0	0	0
ASV.317	0	0	0	0	0	0	0	0	0	0	0	0	0	0	0	0	287	0	0	0
ASV.318	0	0	0	0	0	0	0	0	0	0	0	0	0	0	0	0	0	0	0	287
ASV.320	0	0	0	0	0	0	0	0	0	0	0	0	0	0	0	0	283	0	0	0
ASV.328	0	0	0	273	0	0	0	0	0	0	0	0	0	0	0	0	0	0	0	0
ASV.329	0	0	0	0	0	0	0	0	0	0	0	0	0	0	0	0	0	0	0	272
ASV.331	0	0	0	0	0	0	0	271	0	0	0	0	0	0	0	0	0	0	0	0
ASV.333	0	0	0	270	0	0	0	0	0	0	0	0	0	0	0	0	0	0	0	0
ASV.336	0	0	0	0	0	0	0	0	0	0	0	0	0	0	265	0	0	0	0	0
ASV.337	0	0	0	0	0	0	0	0	0	0	0	0	264	0	0	0	0	0	0	0
ASV.340	0	0	0	0	0	0	0	0	0	0	0	0	0	0	0	0	0	0	217	42
ASV.341	0	0	0	0	0	0	0	0	0	0	0	0	0	0	0	0	0	0	0	259
ASV.343	0	0	0	257	0	0	0	0	0	0	0	0	0	0	0	0	0	0	0	0
ASV.345	0	0	0	0	254	0	0	0	0	0	0	0	0	0	0	0	0	0	0	0
ASV.346	0	0	0	0	0	0	0	0	0	0	0	0	0	0	0	0	51	203	0	0
ASV.350	0	0	0	0	0	0	0	0	0	0	0	0	0	0	0	0	0	157	92	0
ASV.351	0	248	0	0	0	0	0	0	0	0	0	0	0	0	0	0	0	0	0	0
ASV.353	0	0	0	0	0	0	0	0	0	0	0	0	0	0	0	0	246	0	0	0
ASV.358	0	0	0	0	0	0	0	0	0	0	0	0	0	0	0	0	0	0	243	0
ASV.359	0	0	0	0	0	0	0	0	0	0	0	0	0	0	0	0	0	0	0	243
ASV.368	0	0	0	0	0	0	0	0	0	0	0	0	0	0	0	0	99	0	0	135
ASV.369	0	0	0	0	0	0	0	0	0	0	0	0	0	0	0	0	0	0	0	234
ASV.371	0	0	0	0	0	0	0	0	0	0	0	0	0	0	233	0	0	0	0	0
ASV.374	0	0	0	0	0	0	0	232	0	0	0	0	0	0	0	0	0	0	0	0
ASV.379	0	0	0	0	0	0	0	0	0	0	229	0	0	0	0	0	0	0	0	0
ASV.386	0	0	0	0	0	0	0	0	0	0	0	105	0	0	0	0	0	0	119	0
ASV.390	0	0	0	0	0	0	0	0	0	0	0	0	0	0	0	0	0	221	0	0
ASV.394	0	0	0	0	0	0	0	0	0	0	0	0	0	0	0	0	218	0	0	0
ASV.397	0	0	0	217	0	0	0	0	0	0	0	0	0	0	0	0	0	0	0	0
ASV.403	0	0	116	0	0	0	0	0	0	0	0	0	0	0	0	0	63	0	34	0
ASV.405	0	0	0	0	0	0	0	0	0	0	0	0	0	0	213	0	0	0	0	0
ASV.410	0	0	0	0	0	0	0	0	0	0	0	208	0	0	0	0	0	0	0	0
ASV.411	0	0	0	0	0	0	0	0	0	0	0	0	0	0	0	0	66	87	0	55
ASV.412	0	0	0	0	0	0	0	0	0	0	0	0	0	0	0	0	0	0	0	208
ASV.414	0	0	0	0	0	0	0	0	0	204	0	0	0	0	0	0	0	0	0	0
ASV.415	0	0	0	0	0	0	0	0	0	0	0	0	0	0	0	0	204	0	0	0
ASV.418	0	0	0	0	0	0	0	0	0	0	0	0	203	0	0	0	0	0	0	0
ASV.420	0	0	0	0	0	0	0	0	0	0	0	202	0	0	0	0	0	0	0	0
ASV.421	0	0	0	0	0	0	0	0	0	0	0	0	202	0	0	0	0	0	0	0
ASV.423	0	94	0	0	83	0	0	0	0	0	0	0	0	0	0	0	0	22	0	0
ASV.425	0	0	0	0	0	0	0	0	0	0	0	0	0	197	0	0	0	0	0	0
ASV.426	0	0	0	0	0	0	0	0	0	0	0	0	0	0	0	0	0	197	0	0
ASV.427	91	34	0	0	0	0	0	0	0	0	0	0	0	0	0	0	0	3	68	0
ASV.436	0	0	0	0	0	0	0	0	0	0	0	0	0	193	0	0	0	0	0	0
ASV.437	0	0	0	0	0	0	0	0	0	0	0	191	0	0	0	0	0	0	0	0
ASV.438	0	0	0	0	0	0	190	0	0	0	0	0	0	0	0	0	0	0	0	0
ASV.439	0	0	0	0	0	0	0	0	0	0	0	0	0	0	0	0	31	0	159	0
ASV.441	0	0	0	189	0	0	0	0	0	0	0	0	0	0	0	0	0	0	0	0
ASV.444	0	0	0	0	188	0	0	0	0	0	0	0	0	0	0	0	0	0	0	0
ASV.445	0	0	0	0	0	0	0	0	0	0	188	0	0	0	0	0	0	0	0	0
ASV.447	0	0	0	0	0	0	0	0	0	0	0	0	0	0	0	0	0	0	186	0
ASV.453	0	0	0	0	0	0	0	0	0	0	0	0	0	0	0	0	0	0	0	183
ASV.456	0	0	0	0	0	0	0	0	0	0	0	0	0	0	0	0	182	0	0	0
ASV.463	0	0	0	0	0	0	0	0	0	0	0	0	0	0	0	0	0	0	0	180
ASV.465	0	0	0	0	179	0	0	0	0	0	0	0	0	0	0	0	0	0	0	0
ASV.466	0	0	0	0	0	0	0	0	0	0	0	0	0	0	0	0	0	179	0	0
ASV.473	0	0	0	0	0	0	0	0	0	0	0	0	0	0	0	0	0	176	0	0
ASV.475	175	0	0	0	0	0	0	0	0	0	0	0	0	0	0	0	0	0	0	0
ASV.476	0	0	0	0	0	0	0	0	0	0	0	0	0	0	0	0	0	0	0	175
ASV.477	0	174	0	0	0	0	0	0	0	0	0	0	0	0	0	0	0	0	0	0
ASV.486	0	0	0	0	0	0	0	0	0	0	0	0	0	0	0	0	0	170	0	0
ASV.487	0	0	0	0	0	0	0	0	169	0	0	0	0	0	0	0	0	0	0	0
ASV.488	0	0	0	0	0	0	0	0	0	0	0	0	0	0	0	0	45	0	92	32
ASV.489	0	0	0	168	0	0	0	0	0	0	0	0	0	0	0	0	0	0	0	0
ASV.490	0	0	0	0	0	0	0	0	0	0	0	0	0	0	0	0	168	0	0	0
ASV.492	0	0	0	0	0	0	0	0	0	0	0	0	0	0	0	0	167	0	0	0
ASV.495	112	0	0	0	0	0	0	0	0	0	0	0	0	0	0	0	0	51	0	0
ASV.497	0	0	0	0	0	0	0	0	0	0	0	0	0	0	0	0	0	162	0	0
ASV.501	0	0	0	0	0	0	0	0	0	0	0	0	0	0	0	0	160	0	0	0
ASV.505	0	0	0	0	159	0	0	0	0	0	0	0	0	0	0	0	0	0	0	0
ASV.506	0	0	0	0	0	0	0	0	0	0	0	0	0	0	0	0	0	159	0	0
ASV.508	0	0	0	158	0	0	0	0	0	0	0	0	0	0	0	0	0	0	0	0
ASV.509	0	0	0	0	0	0	0	0	0	0	0	0	0	0	158	0	0	0	0	0
ASV.512	0	0	0	0	0	0	0	0	0	0	0	0	0	0	0	0	157	0	0	0
ASV.513	0	0	0	0	0	0	0	0	0	0	0	0	0	0	0	0	157	0	0	0
ASV.518	0	0	100	55	0	0	0	0	0	0	0	0	0	0	0	0	0	0	0	0
ASV.527	0	0	0	0	0	0	0	0	0	0	0	153	0	0	0	0	0	0	0	0
ASV.532	0	0	0	0	0	0	0	0	0	0	0	0	0	0	0	0	151	0	0	0
ASV.539	0	0	0	0	0	0	0	0	0	0	0	0	0	0	0	0	0	147	0	0
ASV.541	0	0	0	0	0	0	0	0	0	0	0	0	0	0	0	0	0	146	0	0
ASV.545	0	0	0	0	0	0	0	0	0	0	0	0	0	0	0	0	145	0	0	0
ASV.546	0	0	144	0	0	0	0	0	0	0	0	0	0	0	0	0	0	0	0	0
ASV.547	0	0	0	0	0	0	0	144	0	0	0	0	0	0	0	0	0	0	0	0
ASV.552	0	0	0	0	101	0	0	0	0	0	0	0	0	0	0	0	0	0	0	41
ASV.554	0	0	0	0	0	0	0	0	0	0	0	0	0	0	128	0	14	0	0	0
ASV.560	0	0	0	0	0	0	0	141	0	0	0	0	0	0	0	0	0	0	0	0
ASV.572	0	0	0	0	0	0	0	0	0	137	0	0	0	0	0	0	0	0	0	0
ASV.574	0	0	0	0	136	0	0	0	0	0	0	0	0	0	0	0	0	0	0	0
ASV.576	0	135	0	0	0	0	0	0	0	0	0	0	0	0	0	0	0	0	0	0
ASV.579	0	0	0	0	0	0	0	0	0	135	0	0	0	0	0	0	0	0	0	0
ASV.580	0	0	0	0	0	0	0	0	0	0	135	0	0	0	0	0	0	0	0	0
ASV.582	0	0	0	0	0	0	0	0	0	0	0	0	0	0	0	0	135	0	0	0
ASV.584	0	0	0	0	0	0	0	0	0	0	0	0	0	0	0	0	0	0	0	135
ASV.585	0	0	0	0	0	0	0	0	0	0	0	0	0	0	0	0	0	0	0	135
ASV.590	0	0	0	0	0	0	0	0	0	0	0	0	0	0	0	0	0	0	134	0
ASV.591	0	0	0	0	0	0	0	0	0	0	0	0	0	0	0	0	0	0	134	0
ASV.599	0	0	0	0	0	0	0	0	0	0	0	0	0	0	0	0	0	0	0	131
ASV.600	0	0	0	0	0	0	0	0	0	0	0	0	0	0	0	0	0	0	0	131
ASV.601	0	0	0	130	0	0	0	0	0	0	0	0	0	0	0	0	0	0	0	0
ASV.605	85	0	0	0	0	0	0	0	0	0	0	0	0	0	0	0	28	12	0	4
ASV.606	0	0	0	0	0	0	0	0	0	0	0	129	0	0	0	0	0	0	0	0
ASV.610	0	0	0	0	0	0	0	0	0	0	0	0	0	0	0	0	107	0	0	22
ASV.615	0	0	0	0	0	0	0	0	0	0	0	0	0	0	0	0	0	128	0	0
ASV.619	0	0	0	0	0	0	0	0	0	0	0	0	0	0	0	0	127	0	0	0
ASV.627	0	0	0	0	0	0	0	0	0	0	0	0	0	0	125	0	0	0	0	0
ASV.632	0	0	123	0	0	0	0	0	0	0	0	0	0	0	0	0	0	0	0	0
ASV.643	0	0	0	0	0	0	0	0	0	0	0	0	0	0	0	0	0	122	0	0
ASV.648	0	0	0	0	0	0	0	0	0	0	0	0	0	0	0	0	0	121	0	0
ASV.651	0	0	0	0	0	0	0	0	0	0	0	0	0	0	0	0	0	120	0	0
ASV.652	0	0	119	0	0	0	0	0	0	0	0	0	0	0	0	0	0	0	0	0
ASV.655	0	0	0	0	0	0	0	0	0	0	0	0	119	0	0	0	0	0	0	0
ASV.657	0	0	0	0	0	0	0	0	0	0	0	0	0	0	0	0	0	0	0	119
ASV.666	0	0	0	0	0	0	0	0	0	0	0	0	0	118	0	0	0	0	0	0
ASV.668	0	0	0	0	117	0	0	0	0	0	0	0	0	0	0	0	0	0	0	0
ASV.672	0	0	116	0	0	0	0	0	0	0	0	0	0	0	0	0	0	0	0	0
ASV.681	0	0	0	0	0	0	0	0	0	0	0	0	0	0	0	0	115	0	0	0
ASV.684	0	0	114	0	0	0	0	0	0	0	0	0	0	0	0	0	0	0	0	0
ASV.690	0	0	0	0	0	0	0	0	0	0	0	0	0	0	0	0	0	0	61	52
ASV.694	0	0	0	0	0	0	0	0	0	0	0	0	112	0	0	0	0	0	0	0
ASV.698	0	0	0	0	0	0	0	0	0	0	0	0	0	0	0	111	0	0	0	0
ASV.705	0	0	0	0	0	0	0	0	0	0	0	0	0	0	0	0	0	0	0	110
ASV.710	0	0	108	0	0	0	0	0	0	0	0	0	0	0	0	0	0	0	0	0
ASV.712	0	0	0	0	0	0	0	0	0	0	0	0	0	0	0	0	0	0	0	108
ASV.716	0	0	0	0	0	0	0	0	0	0	0	0	0	0	0	0	0	106	0	0
ASV.723	0	0	0	0	0	0	0	0	0	0	0	0	0	0	0	0	0	0	0	104
ASV.724	103	0	0	0	0	0	0	0	0	0	0	0	0	0	0	0	0	0	0	0
ASV.726	0	0	0	0	0	0	0	0	0	0	103	0	0	0	0	0	0	0	0	0
ASV.727	0	0	0	0	0	0	0	0	0	0	0	0	0	0	103	0	0	0	0	0
ASV.728	0	0	0	0	0	0	0	0	0	0	0	0	0	0	0	0	0	0	103	0
ASV.745	0	0	0	0	0	0	0	0	0	0	0	0	0	0	0	0	0	100	0	0
ASV.754	0	0	0	0	0	0	0	0	0	0	0	0	0	0	0	0	99	0	0	0
ASV.755	0	0	0	0	0	0	0	0	0	0	0	0	0	0	0	0	0	0	99	0
ASV.756	0	0	0	0	0	0	0	0	0	0	0	0	0	0	0	0	0	0	0	99
ASV.767	0	0	0	96	0	0	0	0	0	0	0	0	0	0	0	0	0	0	0	0
ASV.773	0	0	0	0	95	0	0	0	0	0	0	0	0	0	0	0	0	0	0	0
ASV.782	0	0	94	0	0	0	0	0	0	0	0	0	0	0	0	0	0	0	0	0
ASV.786	0	0	0	0	0	0	0	0	0	0	0	0	0	0	0	0	0	45	0	49
ASV.793	0	0	0	0	0	0	0	0	0	0	0	0	0	0	0	0	0	93	0	0
ASV.797	0	0	0	0	0	0	0	0	0	0	0	0	0	0	0	0	0	92	0	0
ASV.798	0	0	0	0	0	0	0	0	0	0	0	0	0	0	0	0	0	0	92	0
ASV.802	91	0	0	0	0	0	0	0	0	0	0	0	0	0	0	0	0	0	0	0
ASV.812	0	0	0	0	90	0	0	0	0	0	0	0	0	0	0	0	0	0	0	0
ASV.825	0	0	88	0	0	0	0	0	0	0	0	0	0	0	0	0	0	0	0	0
ASV.826	0	0	0	88	0	0	0	0	0	0	0	0	0	0	0	0	0	0	0	0
ASV.833	0	0	0	0	0	0	0	0	0	0	0	0	0	0	0	0	88	0	0	0
ASV.834	0	0	0	87	0	0	0	0	0	0	0	0	0	0	0	0	0	0	0	0
ASV.839	0	0	0	0	0	0	0	0	0	0	0	0	0	0	0	0	0	87	0	0
ASV.843	19	0	0	1	0	0	0	0	0	0	0	0	1	0	0	0	19	11	15	20
ASV.866	0	0	0	0	0	0	0	0	0	0	0	0	0	0	0	0	0	0	0	85
ASV.871	0	0	0	0	0	0	0	0	0	0	0	0	0	0	0	0	84	0	0	0
ASV.879	0	0	0	0	0	0	0	0	0	0	0	0	83	0	0	0	0	0	0	0
ASV.887	0	0	0	0	0	0	0	0	0	0	0	0	0	0	0	0	80	0	2	0
ASV.888	0	0	0	0	0	0	0	0	0	0	0	0	0	0	0	0	82	0	0	0
ASV.898	0	0	0	0	0	0	0	0	0	0	0	0	0	0	0	0	0	0	81	0
ASV.911	0	0	0	0	0	0	0	0	0	0	0	0	0	0	0	0	0	79	0	0
ASV.912	0	0	0	0	0	0	0	0	0	0	0	0	0	0	0	0	0	79	0	0
ASV.925	0	0	0	0	0	0	0	0	0	0	0	77	0	0	0	0	0	0	0	0
ASV.926	0	0	0	0	0	0	0	0	0	0	0	77	0	0	0	0	0	0	0	0
ASV.929	0	0	0	0	0	0	0	0	0	0	0	0	0	0	0	0	0	0	77	0
ASV.952	0	0	0	0	0	0	0	0	0	0	0	0	0	0	0	0	0	75	0	0
ASV.966	0	0	0	0	0	0	0	0	0	0	0	0	0	0	0	0	74	0	0	0
ASV.967	0	0	0	0	0	0	0	0	0	0	0	0	0	0	0	0	0	74	0	0
ASV.970	73	0	0	0	0	0	0	0	0	0	0	0	0	0	0	0	0	0	0	0
ASV.977	0	0	0	0	0	0	0	0	0	0	0	0	0	0	0	0	0	0	0	73
ASV.981	0	0	0	0	0	0	0	0	0	0	0	0	0	0	0	0	72	0	0	0
ASV.982	0	0	0	0	0	0	0	0	0	0	0	0	0	0	0	0	72	0	0	0
ASV.993	0	0	0	0	0	0	0	0	0	0	0	0	0	0	0	0	71	0	0	0
ASV.994	0	0	0	0	0	0	0	0	0	0	0	0	0	0	0	0	0	52	0	19
ASV.999	0	0	0	0	70	0	0	0	0	0	0	0	0	0	0	0	0	0	0	0
ASV.1010	0	0	0	0	0	0	0	0	0	0	0	0	0	0	0	0	69	0	0	0
ASV.1018	0	0	0	0	0	0	0	0	0	0	68	0	0	0	0	0	0	0	0	0
ASV.1021	0	0	0	0	0	0	0	0	0	0	0	0	0	0	0	0	68	0	0	0
ASV.1022	0	0	0	0	0	0	0	0	0	0	0	0	0	0	0	0	0	68	0	0
ASV.1026	0	0	0	0	27	0	0	0	0	0	0	0	0	0	0	0	23	0	0	17
ASV.1032	0	66	0	0	0	0	0	0	0	0	0	0	0	0	0	0	0	0	0	0
ASV.1051	0	0	0	0	0	0	0	0	0	0	65	0	0	0	0	0	0	0	0	0
ASV.1066	0	0	0	0	64	0	0	0	0	0	0	0	0	0	0	0	0	0	0	0
ASV.1091	0	0	62	0	0	0	0	0	0	0	0	0	0	0	0	0	0	0	0	0
ASV.1095	0	0	0	0	0	0	0	0	0	0	0	0	0	0	0	0	0	0	0	62
ASV.1107	0	0	0	0	0	0	0	0	0	0	0	0	0	0	0	0	0	0	0	61
ASV.1108	0	0	0	0	0	0	0	0	0	0	0	0	0	0	0	0	0	0	0	61
ASV.1126	0	0	0	0	59	0	0	0	0	0	0	0	0	0	0	0	0	0	0	0
ASV.1191	0	0	0	0	0	0	0	0	0	0	0	0	0	0	0	0	55	0	0	0
ASV.1192	0	0	0	0	0	0	0	0	0	0	0	0	0	0	0	0	0	55	0	0
ASV.1218	0	0	53	0	0	0	0	0	0	0	0	0	0	0	0	0	0	0	0	0
ASV.1225	0	0	0	0	0	0	0	0	0	0	53	0	0	0	0	0	0	0	0	0
ASV.1229	0	0	0	0	0	0	0	0	0	0	0	0	0	0	0	0	0	53	0	0
ASV.1241	0	0	0	52	0	0	0	0	0	0	0	0	0	0	0	0	0	0	0	0
ASV.1244	0	0	0	0	52	0	0	0	0	0	0	0	0	0	0	0	0	0	0	0
ASV.1255	0	0	0	0	0	0	0	0	0	0	0	0	0	0	0	0	0	52	0	0
ASV.1256	0	0	0	0	0	0	0	0	0	0	0	0	0	0	0	0	0	0	52	0
ASV.1289	0	0	0	0	0	0	0	0	0	0	0	0	0	0	0	0	0	0	0	50
ASV.1292	49	0	0	0	0	0	0	0	0	0	0	0	0	0	0	0	0	0	0	0
ASV.1305	0	0	0	0	0	0	0	0	0	0	0	0	0	0	0	0	49	0	0	0
ASV.1309	0	0	0	0	0	0	0	0	0	0	0	0	0	0	0	0	0	49	0	0
ASV.1321	0	0	0	0	48	0	0	0	0	0	0	0	0	0	0	0	0	0	0	0
ASV.1353	0	0	0	0	0	0	0	0	0	0	0	0	0	0	47	0	0	0	0	0
ASV.1355	0	0	0	0	0	0	0	0	0	0	0	0	0	0	0	0	47	0	0	0
ASV.1377	0	0	0	0	0	0	0	0	0	0	0	0	0	0	0	0	46	0	0	0
ASV.1378	0	0	0	0	0	0	0	0	0	0	0	0	0	0	0	0	0	46	0	0
ASV.1397	0	0	0	0	0	0	0	0	0	0	45	0	0	0	0	0	0	0	0	0
ASV.1406	0	0	0	0	0	0	0	0	0	0	0	0	0	0	0	0	45	0	0	0
ASV.1407	0	0	0	0	0	0	0	0	0	0	0	0	0	0	0	0	0	45	0	0
ASV.1428	0	0	0	0	0	0	0	0	0	0	0	37	0	0	0	0	0	0	0	7
ASV.1432	0	0	0	0	0	0	0	0	0	0	0	0	0	0	0	0	0	44	0	0
ASV.1434	0	0	0	0	0	0	0	0	0	0	0	0	0	0	0	0	0	44	0	0
ASV.1475	0	0	0	0	42	0	0	0	0	0	0	0	0	0	0	0	0	0	0	0
ASV.1506	0	0	0	0	0	0	0	0	0	0	0	0	0	0	0	0	0	41	0	0
ASV.1507	0	0	0	0	0	0	0	0	0	0	0	0	0	0	0	0	0	0	41	0
ASV.1527	0	0	0	40	0	0	0	0	0	0	0	0	0	0	0	0	0	0	0	0
ASV.1552	0	0	0	0	0	0	0	0	0	0	0	0	0	0	0	0	0	0	0	40
ASV.1560	0	0	0	0	39	0	0	0	0	0	0	0	0	0	0	0	0	0	0	0
ASV.1580	0	0	0	0	0	0	0	0	0	0	0	0	0	0	0	0	39	0	0	0
ASV.1583	0	0	0	0	0	0	0	0	0	0	0	0	0	0	0	0	0	0	0	39
ASV.1609	0	0	0	0	0	0	0	0	0	0	0	0	0	0	0	0	38	0	0	0
ASV.1646	0	0	0	0	0	0	0	0	0	0	0	0	0	0	0	0	0	0	37	0
ASV.1672	0	0	0	0	0	0	0	0	0	0	0	0	0	0	0	0	0	36	0	0
ASV.1701	0	0	0	0	0	0	0	0	0	0	0	0	0	0	0	0	0	0	35	0
ASV.1726	0	0	0	0	34	0	0	0	0	0	0	0	0	0	0	0	0	0	0	0
ASV.1744	0	0	0	0	0	0	0	0	0	0	0	0	0	0	0	0	0	17	17	0
ASV.1791	32	0	0	0	0	0	0	0	0	0	0	0	0	0	0	0	0	0	0	0
ASV.1797	0	0	32	0	0	0	0	0	0	0	0	0	0	0	0	0	0	0	0	0
ASV.1878	0	0	0	30	0	0	0	0	0	0	0	0	0	0	0	0	0	0	0	0
ASV.1956	0	0	0	0	0	0	0	0	0	0	0	0	0	0	0	0	29	0	0	0
ASV.2009	0	0	0	0	0	0	0	0	0	0	0	0	0	0	0	0	0	28	0	0
ASV.2015	0	0	0	0	0	0	0	0	0	0	0	0	0	0	0	0	0	0	0	28
ASV.2050	0	0	0	0	0	0	0	0	0	0	0	0	0	0	0	0	27	0	0	0
ASV.2053	0	0	0	0	0	0	0	0	0	0	0	0	0	0	0	0	0	27	0	0
ASV.2057	0	0	0	0	0	0	0	0	0	0	0	0	0	0	0	0	0	0	0	27
ASV.2061	0	0	0	0	0	0	0	0	0	0	0	0	0	0	0	0	0	0	0	27
ASV.2091	0	0	0	0	26	0	0	0	0	0	0	0	0	0	0	0	0	0	0	0
ASV.2097	0	0	0	0	26	0	0	0	0	0	0	0	0	0	0	0	0	0	0	0
ASV.2170	0	0	0	0	0	0	0	0	0	0	0	0	0	0	0	0	0	0	0	25
ASV.2205	0	0	0	0	24	0	0	0	0	0	0	0	0	0	0	0	0	0	0	0
ASV.2208	0	0	0	0	0	0	0	24	0	0	0	0	0	0	0	0	0	0	0	0
ASV.2232	0	0	0	0	0	0	0	0	0	0	0	0	0	0	0	0	24	0	0	0
ASV.2235	0	0	0	0	0	0	0	0	0	0	0	0	0	0	0	0	0	0	24	0
ASV.2273	0	0	0	23	0	0	0	0	0	0	0	0	0	0	0	0	0	0	0	0
ASV.2363	0	0	0	0	22	0	0	0	0	0	0	0	0	0	0	0	0	0	0	0
ASV.2381	0	0	0	0	0	0	0	0	0	0	0	0	0	0	22	0	0	0	0	0
ASV.2386	0	0	0	0	0	0	0	0	0	0	0	0	0	0	0	0	22	0	0	0
ASV.2457	0	0	0	0	0	0	0	0	0	0	0	0	0	0	0	0	21	0	0	0
ASV.2466	0	0	0	0	0	0	0	0	0	0	0	0	0	0	0	0	0	21	0	0
ASV.2513	0	0	0	20	0	0	0	0	0	0	0	0	0	0	0	0	0	0	0	0
ASV.2523	0	0	0	0	0	0	0	20	0	0	0	0	0	0	0	0	0	0	0	0
ASV.2551	0	0	0	0	0	0	0	0	0	0	0	0	0	0	0	0	20	0	0	0
ASV.2643	0	0	0	0	0	0	0	0	0	0	0	0	0	0	0	0	19	0	0	0
ASV.2651	0	0	0	0	0	0	0	0	0	0	0	0	0	0	0	0	0	0	0	19
ASV.2744	0	0	0	0	0	0	0	0	0	0	0	0	0	0	0	0	0	18	0	0
ASV.2745	0	0	0	0	0	0	0	0	0	0	0	0	0	0	0	0	0	18	0	0
ASV.2746	0	0	0	0	0	0	0	0	0	0	0	0	0	0	0	0	0	18	0	0
ASV.2796	0	0	0	17	0	0	0	0	0	0	0	0	0	0	0	0	0	0	0	0
ASV.2797	0	0	0	12	0	0	0	5	0	0	0	0	0	0	0	0	0	0	0	0
ASV.3024	0	0	0	4	0	0	0	11	0	0	0	0	0	0	0	0	0	0	0	0
ASV.3073	0	0	0	0	0	0	0	0	0	0	0	0	0	0	0	0	0	15	0	0
ASV.3074	0	0	0	0	0	0	0	0	0	0	0	0	0	0	0	0	0	15	0	0
ASV.3075	0	0	0	0	0	0	0	0	0	0	0	0	0	0	0	0	0	15	0	0
ASV.3115	0	14	0	0	0	0	0	0	0	0	0	0	0	0	0	0	0	0	0	0
ASV.3139	0	0	0	14	0	0	0	0	0	0	0	0	0	0	0	0	0	0	0	0
ASV.3182	0	0	0	0	0	0	0	0	0	0	0	0	0	0	0	0	14	0	0	0
ASV.3204	0	0	0	0	0	0	0	0	0	0	0	0	0	0	0	0	0	0	0	14
ASV.3206	0	0	0	0	0	0	0	0	0	0	0	0	0	0	0	0	0	0	0	14
ASV.3281	0	0	0	0	13	0	0	0	0	0	0	0	0	0	0	0	0	0	0	0
ASV.3284	0	0	0	0	0	0	0	13	0	0	0	0	0	0	0	0	0	0	0	0
ASV.3328	0	0	0	0	0	0	0	0	0	0	0	0	0	0	0	0	0	13	0	0
ASV.3330	0	0	0	0	0	0	0	0	0	0	0	0	0	0	0	0	0	13	0	0
ASV.3331	0	0	0	0	0	0	0	0	0	0	0	0	0	0	0	0	0	13	0	0
ASV.3406	0	0	0	0	12	0	0	0	0	0	0	0	0	0	0	0	0	0	0	0
ASV.3417	0	0	0	0	12	0	0	0	0	0	0	0	0	0	0	0	0	0	0	0
ASV.3421	0	0	0	0	0	0	0	12	0	0	0	0	0	0	0	0	0	0	0	0
ASV.3423	0	0	0	0	0	0	0	0	0	12	0	0	0	0	0	0	0	0	0	0
ASV.3433	0	0	0	0	0	0	0	0	0	0	12	0	0	0	0	0	0	0	0	0
ASV.3445	0	0	0	0	0	0	0	0	0	0	0	12	0	0	0	0	0	0	0	0
ASV.3476	0	0	0	0	0	0	0	0	0	0	0	0	0	0	0	0	0	12	0	0
ASV.3477	0	0	0	0	0	0	0	0	0	0	0	0	0	0	0	0	0	12	0	0
ASV.3485	0	0	0	0	0	0	0	0	0	0	0	0	0	0	0	0	0	0	12	0
ASV.3557	0	0	0	11	0	0	0	0	0	0	0	0	0	0	0	0	0	0	0	0
ASV.3578	0	0	0	0	11	0	0	0	0	0	0	0	0	0	0	0	0	0	0	0
ASV.3579	0	0	0	0	8	0	0	0	0	0	0	0	0	0	0	0	0	0	3	0
ASV.3584	0	0	0	0	0	0	0	3	0	0	0	0	0	0	0	0	0	8	0	0
ASV.3631	0	0	0	0	0	0	0	0	0	0	0	0	0	0	0	0	11	0	0	0
ASV.3653	0	0	0	0	0	0	0	0	0	0	0	0	0	0	0	0	0	0	0	11
ASV.3698	0	0	10	0	0	0	0	0	0	0	0	0	0	0	0	0	0	0	0	0
ASV.3717	0	0	10	0	0	0	0	0	0	0	0	0	0	0	0	0	0	0	0	0
ASV.3742	0	0	0	0	10	0	0	0	0	0	0	0	0	0	0	0	0	0	0	0
ASV.3763	0	0	0	0	0	0	0	10	0	0	0	0	0	0	0	0	0	0	0	0
ASV.3878	0	5	0	0	0	0	0	0	0	0	0	0	0	0	0	0	0	0	3	1
ASV.3940	0	0	0	9	0	0	0	0	0	0	0	0	0	0	0	0	0	0	0	0
ASV.3961	0	0	0	0	0	9	0	0	0	0	0	0	0	0	0	0	0	0	0	0
ASV.3968	0	0	0	0	0	0	0	9	0	0	0	0	0	0	0	0	0	0	0	0
ASV.4042	0	0	0	0	0	0	0	0	0	0	0	0	0	0	0	0	0	9	0	0
ASV.4043	0	0	0	0	0	0	0	0	0	0	0	0	0	0	0	0	0	0	9	0
ASV.4156	0	0	0	8	0	0	0	0	0	0	0	0	0	0	0	0	0	0	0	0
ASV.4157	0	0	0	8	0	0	0	0	0	0	0	0	0	0	0	0	0	0	0	0
ASV.4188	0	0	0	0	0	8	0	0	0	0	0	0	0	0	0	0	0	0	0	0
ASV.4203	0	0	0	0	0	0	0	0	0	0	2	0	0	0	6	0	0	0	0	0
ASV.4230	0	0	0	0	0	0	0	0	0	0	0	8	0	0	0	0	0	0	0	0
ASV.4232	0	0	0	0	0	0	0	0	0	0	0	0	8	0	0	0	0	0	0	0
ASV.4242	0	0	0	0	0	0	0	0	0	0	0	0	0	0	8	0	0	0	0	0
ASV.4261	0	0	0	0	0	0	0	0	0	0	0	0	0	0	0	0	8	0	0	0
ASV.4262	0	0	0	0	0	0	0	0	0	0	0	0	0	0	0	0	0	8	0	0
ASV.4279	0	0	0	0	0	0	0	0	0	0	0	0	0	0	0	0	0	8	0	0
ASV.4297	0	0	0	0	0	0	0	0	0	0	0	0	0	0	0	0	0	0	8	0
ASV.4300	0	0	0	0	0	0	0	0	0	0	0	0	0	0	0	0	0	0	8	0
ASV.4307	0	0	0	0	0	0	0	0	0	0	0	0	0	0	0	0	0	0	0	8
ASV.4437	0	0	0	7	0	0	0	0	0	0	0	0	0	0	0	0	0	0	0	0
ASV.4438	0	0	0	7	0	0	0	0	0	0	0	0	0	0	0	0	0	0	0	0
ASV.4441	0	0	0	7	0	0	0	0	0	0	0	0	0	0	0	0	0	0	0	0
ASV.4560	0	0	0	0	0	0	0	0	0	0	0	0	0	0	0	0	0	7	0	0
ASV.4571	0	0	0	0	0	0	0	0	0	0	0	0	0	0	0	0	0	0	4	3
ASV.4629	1	0	0	0	5	0	0	0	0	0	0	0	0	0	0	0	0	0	0	0
ASV.4630	6	0	0	0	0	0	0	0	0	0	0	0	0	0	0	0	0	0	0	0
ASV.4648	0	4	0	0	0	0	0	0	0	0	0	0	0	0	0	0	0	0	0	2
ASV.4750	0	0	0	6	0	0	0	0	0	0	0	0	0	0	0	0	0	0	0	0
ASV.4751	0	0	0	6	0	0	0	0	0	0	0	0	0	0	0	0	0	0	0	0
ASV.4775	0	0	0	0	6	0	0	0	0	0	0	0	0	0	0	0	0	0	0	0
ASV.4783	0	0	0	0	6	0	0	0	0	0	0	0	0	0	0	0	0	0	0	0
ASV.4830	0	0	0	0	0	0	0	0	0	0	0	6	0	0	0	0	0	0	0	0
ASV.4835	0	0	0	0	0	0	0	0	0	0	0	6	0	0	0	0	0	0	0	0
ASV.4846	0	0	0	0	0	0	0	0	0	0	0	0	6	0	0	0	0	0	0	0
ASV.4857	0	0	0	0	0	0	0	0	0	0	0	0	0	0	6	0	0	0	0	0
ASV.4898	0	0	0	0	0	0	0	0	0	0	0	0	0	0	0	0	0	6	0	0
ASV.4899	0	0	0	0	0	0	0	0	0	0	0	0	0	0	0	0	0	6	0	0
ASV.4900	0	0	0	0	0	0	0	0	0	0	0	0	0	0	0	0	0	6	0	0
ASV.4901	0	0	0	0	0	0	0	0	0	0	0	0	0	0	0	0	0	6	0	0
ASV.4953	0	0	0	0	0	0	0	0	0	0	0	0	0	0	0	0	0	0	6	0
ASV.4956	0	0	0	0	0	0	0	0	0	0	0	0	0	0	0	0	0	0	6	0
ASV.5048	0	2	0	0	0	0	0	0	0	0	0	0	0	0	0	0	0	0	1	2
ASV.5259	0	0	0	0	5	0	0	0	0	0	0	0	0	0	0	0	0	0	0	0
ASV.5266	0	0	0	0	0	0	0	0	5	0	0	0	0	0	0	0	0	0	0	0
ASV.5272	0	0	0	0	0	0	0	0	0	5	0	0	0	0	0	0	0	0	0	0
ASV.5273	0	0	0	0	0	0	0	0	0	5	0	0	0	0	0	0	0	0	0	0
ASV.5324	0	0	0	0	0	0	0	0	0	0	0	1	0	0	4	0	0	0	0	0
ASV.5343	0	0	0	0	0	0	0	0	0	0	0	0	5	0	0	0	0	0	0	0
ASV.5365	0	0	0	0	0	0	0	0	0	0	0	0	0	0	5	0	0	0	0	0
ASV.5366	0	0	0	0	0	0	0	0	0	0	0	0	0	0	5	0	0	0	0	0
ASV.5373	0	0	0	0	0	0	0	0	0	0	0	0	0	0	0	5	0	0	0	0
ASV.5376	0	0	0	0	0	0	0	0	0	0	0	0	0	0	0	0	5	0	0	0
ASV.5413	0	0	0	0	0	0	0	0	0	0	0	0	0	0	0	0	5	0	0	0
ASV.5414	0	0	0	0	0	0	0	0	0	0	0	0	0	0	0	0	5	0	0	0
ASV.5466	0	0	0	0	0	0	0	0	0	0	0	0	0	0	0	0	0	5	0	0
ASV.5470	0	0	0	0	0	0	0	0	0	0	0	0	0	0	0	0	0	0	5	0
ASV.5487	0	0	0	0	0	0	0	0	0	0	0	0	0	0	0	0	0	0	2	3
ASV.5546	0	0	0	0	0	0	0	0	0	0	0	0	0	0	0	0	0	0	0	5
ASV.5554	0	0	0	0	0	0	0	0	0	0	0	0	0	0	0	0	0	0	0	5
ASV.5637	0	2	0	0	0	0	0	0	0	0	0	0	0	0	0	0	0	0	1	1
ASV.5665	0	4	0	0	0	0	0	0	0	0	0	0	0	0	0	0	0	0	0	0
ASV.5710	0	0	4	0	0	0	0	0	0	0	0	0	0	0	0	0	0	0	0	0
ASV.5755	0	0	0	4	0	0	0	0	0	0	0	0	0	0	0	0	0	0	0	0
ASV.5926	0	0	0	0	0	0	0	0	0	0	4	0	0	0	0	0	0	0	0	0
ASV.5953	0	0	0	0	0	0	0	0	0	0	4	0	0	0	0	0	0	0	0	0
ASV.6044	0	0	0	0	0	0	0	0	0	0	0	0	0	0	4	0	0	0	0	0
ASV.6056	0	0	0	0	0	0	0	0	0	0	0	0	0	0	4	0	0	0	0	0
ASV.6057	0	0	0	0	0	0	0	0	0	0	0	0	0	0	4	0	0	0	0	0
ASV.6058	0	0	0	0	0	0	0	0	0	0	0	0	0	0	0	4	0	0	0	0
ASV.6102	0	0	0	0	0	0	0	0	0	0	0	0	0	0	0	0	4	0	0	0
ASV.6151	0	0	0	0	0	0	0	0	0	0	0	0	0	0	0	0	0	4	0	0
ASV.6185	0	0	0	0	0	0	0	0	0	0	0	0	0	0	0	0	0	0	1	3
ASV.6189	0	0	0	0	0	0	0	0	0	0	0	0	0	0	0	0	0	0	4	0
ASV.6224	0	0	0	0	0	0	0	0	0	0	0	0	0	0	0	0	0	0	0	4
ASV.6262	0	0	0	0	0	0	0	0	0	0	0	0	0	0	0	0	0	0	0	4
ASV.6265	0	0	0	0	0	0	0	0	0	0	0	0	0	0	0	0	0	0	0	4
ASV.6566	0	0	3	0	0	0	0	0	0	0	0	0	0	0	0	0	0	0	0	0
ASV.6837	0	0	0	0	0	3	0	0	0	0	0	0	0	0	0	0	0	0	0	0
ASV.6857	0	0	0	0	0	0	0	0	0	3	0	0	0	0	0	0	0	0	0	0
ASV.6904	0	0	0	0	0	0	0	0	0	0	3	0	0	0	0	0	0	0	0	0
ASV.6951	0	0	0	0	0	0	0	0	0	0	3	0	0	0	0	0	0	0	0	0
ASV.6999	0	0	0	0	0	0	0	0	0	0	0	3	0	0	0	0	0	0	0	0
ASV.7023	0	0	0	0	0	0	0	0	0	0	0	0	3	0	0	0	0	0	0	0
ASV.7025	0	0	0	0	0	0	0	0	0	0	0	0	3	0	0	0	0	0	0	0
ASV.7026	0	0	0	0	0	0	0	0	0	0	0	0	3	0	0	0	0	0	0	0
ASV.7049	0	0	0	0	0	0	0	0	0	0	0	0	3	0	0	0	0	0	0	0
ASV.7064	0	0	0	0	0	0	0	0	0	0	0	0	3	0	0	0	0	0	0	0
ASV.7084	0	0	0	0	0	0	0	0	0	0	0	0	0	0	3	0	0	0	0	0
ASV.7114	0	0	0	0	0	0	0	0	0	0	0	0	0	0	3	0	0	0	0	0
ASV.7216	0	0	0	0	0	0	0	0	0	0	0	0	0	0	0	0	0	3	0	0
ASV.7269	0	0	0	0	0	0	0	0	0	0	0	0	0	0	0	0	0	3	0	0
ASV.7278	0	0	0	0	0	0	0	0	0	0	0	0	0	0	0	0	0	3	0	0
ASV.7295	0	0	0	0	0	0	0	0	0	0	0	0	0	0	0	0	0	0	3	0
ASV.7391	0	0	0	0	0	0	0	0	0	0	0	0	0	0	0	0	0	0	3	0
ASV.7419	0	0	0	0	0	0	0	0	0	0	0	0	0	0	0	0	0	0	0	3
ASV.7420	0	0	0	0	0	0	0	0	0	0	0	0	0	0	0	0	0	0	0	3
ASV.7462	0	0	0	0	0	0	0	0	0	0	0	0	0	0	0	0	0	0	0	3
ASV.7466	0	0	0	0	0	0	0	0	0	0	0	0	0	0	0	0	0	0	0	3
ASV.7577	2	0	0	0	0	0	0	0	0	0	0	0	0	0	0	0	0	0	0	0
ASV.7641	0	2	0	0	0	0	0	0	0	0	0	0	0	0	0	0	0	0	0	0
ASV.8056	0	0	0	2	0	0	0	0	0	0	0	0	0	0	0	0	0	0	0	0
ASV.8166	0	0	0	2	0	0	0	0	0	0	0	0	0	0	0	0	0	0	0	0
ASV.8360	0	0	0	0	2	0	0	0	0	0	0	0	0	0	0	0	0	0	0	0
ASV.8385	0	0	0	0	0	0	0	2	0	0	0	0	0	0	0	0	0	0	0	0
ASV.8416	0	0	0	0	0	0	0	0	0	2	0	0	0	0	0	0	0	0	0	0
ASV.8852	0	0	0	0	0	0	0	0	0	0	0	0	2	0	0	0	0	0	0	0
ASV.8853	0	0	0	0	0	0	0	0	0	0	0	0	2	0	0	0	0	0	0	0
ASV.8936	0	0	0	0	0	0	0	0	0	0	0	0	0	0	2	0	0	0	0	0
ASV.8937	0	0	0	0	0	0	0	0	0	0	0	0	0	0	2	0	0	0	0	0
ASV.8938	0	0	0	0	0	0	0	0	0	0	0	0	0	0	2	0	0	0	0	0
ASV.8948	0	0	0	0	0	0	0	0	0	0	0	0	0	0	0	0	2	0	0	0
ASV.9081	0	0	0	0	0	0	0	0	0	0	0	0	0	0	0	0	2	0	0	0
ASV.9082	0	0	0	0	0	0	0	0	0	0	0	0	0	0	0	0	2	0	0	0
ASV.9232	0	0	0	0	0	0	0	0	0	0	0	0	0	0	0	0	0	2	0	0
ASV.9233	0	0	0	0	0	0	0	0	0	0	0	0	0	0	0	0	0	2	0	0
ASV.9466	0	0	0	0	0	0	0	0	0	0	0	0	0	0	0	0	0	0	0	2
ASV.9502	0	0	0	0	0	0	0	0	0	0	0	0	0	0	0	0	0	0	0	2
ASV.9515	0	0	0	0	0	0	0	0	0	0	0	0	0	0	0	0	0	0	0	2
ASV.9867	0	1	0	0	0	0	0	0	0	0	0	0	0	0	0	0	0	0	0	0
ASV.9875	0	1	0	0	0	0	0	0	0	0	0	0	0	0	0	0	0	0	0	0
ASV.10371	0	0	1	0	0	0	0	0	0	0	0	0	0	0	0	0	0	0	0	0
ASV.10374	0	0	1	0	0	0	0	0	0	0	0	0	0	0	0	0	0	0	0	0
ASV.10576	0	0	0	1	0	0	0	0	0	0	0	0	0	0	0	0	0	0	0	0
ASV.10589	0	0	0	1	0	0	0	0	0	0	0	0	0	0	0	0	0	0	0	0
ASV.10694	0	0	0	1	0	0	0	0	0	0	0	0	0	0	0	0	0	0	0	0
ASV.10715	0	0	0	1	0	0	0	0	0	0	0	0	0	0	0	0	0	0	0	0
ASV.10771	0	0	0	0	1	0	0	0	0	0	0	0	0	0	0	0	0	0	0	0
ASV.10772	0	0	0	0	1	0	0	0	0	0	0	0	0	0	0	0	0	0	0	0
ASV.11069	0	0	0	0	1	0	0	0	0	0	0	0	0	0	0	0	0	0	0	0
ASV.11101	0	0	0	0	0	0	0	1	0	0	0	0	0	0	0	0	0	0	0	0
ASV.11173	0	0	0	0	0	0	0	0	0	1	0	0	0	0	0	0	0	0	0	0
ASV.11311	0	0	0	0	0	0	0	0	0	0	1	0	0	0	0	0	0	0	0	0
ASV.11375	0	0	0	0	0	0	0	0	0	0	1	0	0	0	0	0	0	0	0	0
ASV.11391	0	0	0	0	0	0	0	0	0	0	1	0	0	0	0	0	0	0	0	0
ASV.11621	0	0	0	0	0	0	0	0	0	0	0	1	0	0	0	0	0	0	0	0
ASV.11753	0	0	0	0	0	0	0	0	0	0	0	1	0	0	0	0	0	0	0	0
ASV.11754	0	0	0	0	0	0	0	0	0	0	0	1	0	0	0	0	0	0	0	0
ASV.11851	0	0	0	0	0	0	0	0	0	0	0	0	1	0	0	0	0	0	0	0
ASV.11961	0	0	0	0	0	0	0	0	0	0	0	0	1	0	0	0	0	0	0	0
ASV.12196	0	0	0	0	0	0	0	0	0	0	0	0	0	0	0	0	1	0	0	0
ASV.12240	0	0	0	0	0	0	0	0	0	0	0	0	0	0	0	0	1	0	0	0
ASV.12269	0	0	0	0	0	0	0	0	0	0	0	0	0	0	0	0	1	0	0	0
ASV.12631	0	0	0	0	0	0	0	0	0	0	0	0	0	0	0	0	0	1	0	0
ASV.12849	0	0	0	0	0	0	0	0	0	0	0	0	0	0	0	0	0	0	1	0
ASV.13048	0	0	0	0	0	0	0	0	0	0	0	0	0	0	0	0	0	0	0	1
ASV.13073	0	0	0	0	0	0	0	0	0	0	0	0	0	0	0	0	0	0	0	1
ASV.13097	0	0	0	0	0	0	0	0	0	0	0	0	0	0	0	0	0	0	0	1
ASV.13117	0	0	0	0	0	0	0	0	0	0	0	0	0	0	0	0	0	0	0	1
ASV.13189	0	0	0	0	0	0	0	0	0	0	0	0	0	0	0	0	0	0	0	1
ASV.13208	0	0	0	0	0	0	0	0	0	0	0	0	0	0	0	0	0	0	0	1
ASV.13252	0	0	0	0	0	0	0	0	0	0	0	0	0	0	0	0	0	0	0	1
