SRR11948576	SRR11948577	SRR11948578	SRR11948579	SRR11948580	SRR11948581	SRR11948582	SRR11948583	SRR11948584	SRR11948585	SRR11948586	SRR11948587	SRR11948588	SRR11948589
ASV.1	21607	45	22469	1011	1231	7	33689	110	18415	63	30012	85	25318	0
ASV.2	3510	30950	29	11978	497	21	151	729	18960	23984	1789	25575	8	20
ASV.3	3815	0	2307	0	423	0	9102	15534	0	0	6574	16516	1790	2935
ASV.4	8249	0	9441	418	524	0	4043	0	4256	0	5814	0	22469	0
ASV.5	0	163	16407	1216	25065	13	0	0	918	0	921	11	0	5
ASV.6	0	0	0	6	23316	18	0	0	0	0	3163	111	0	19
ASV.7	6614	0	1409	0	0	0	3082	5600	0	0	915	7027	690	1276
ASV.10	0	0	0	3757	0	5830	0	932	0	0	0	0	0	442
ASV.11	0	0	0	0	0	0	32	817	0	0	0	0	0	8397
ASV.12	0	0	0	0	0	2240	0	0	0	0	0	0	0	6972
ASV.13	1518	40	20	0	1436	33	0	0	2092	0	1937	543	0	49
ASV.14	0	0	0	0	0	0	0	0	0	0	0	0	0	7668
ASV.15	0	0	0	0	0	1864	0	0	0	0	0	0	0	5651
ASV.16	0	0	0	7060	0	0	0	0	0	0	0	0	0	0
ASV.17	0	6926	0	0	0	0	0	0	0	0	0	0	0	0
ASV.18	0	31	0	0	5694	0	34	0	0	0	856	0	0	0
ASV.19	578	0	0	0	0	0	0	0	0	5915	0	0	0	0
ASV.20	0	0	0	4980	0	103	0	607	0	0	0	35	0	99
ASV.21	0	0	0	0	0	2760	0	0	0	0	0	0	0	2516
ASV.22	595	1058	0	1098	19	58	52	0	675	488	334	600	0	0
ASV.23	0	0	0	0	0	173	0	0	0	4081	0	0	0	0
ASV.24	0	0	0	0	0	4161	0	0	0	0	0	0	0	0
ASV.26	0	0	0	0	0	3376	0	0	0	0	0	0	0	0
ASV.27	0	0	0	0	0	0	0	3204	0	0	0	0	0	0
ASV.28	0	0	0	0	0	3035	0	0	0	0	0	0	0	24
ASV.29	0	1874	0	1141	0	0	0	0	0	0	0	0	0	0
ASV.31	0	2053	0	545	0	47	0	4	0	37	0	0	0	0
ASV.32	0	0	0	2021	0	0	0	476	0	0	0	0	0	128
ASV.33	0	0	0	0	0	392	0	367	0	0	0	0	0	1835
ASV.34	0	422	0	1593	0	100	5	145	0	0	0	24	0	54
ASV.36	0	0	0	0	0	477	1354	308	0	0	0	0	0	0
ASV.37	0	1687	0	0	0	40	0	0	0	0	0	0	0	202
ASV.38	52	204	37	0	0	0	0	92	782	0	90	546	0	49
ASV.39	0	10	0	1749	5	0	0	33	0	0	0	0	0	28
ASV.40	92	477	0	0	0	0	0	0	881	286	55	0	15	0
ASV.41	0	0	0	0	0	0	0	0	0	1656	0	0	0	0
ASV.43	769	114	0	357	0	148	5	113	0	0	51	0	0	0
ASV.45	0	0	0	1542	0	0	0	0	0	0	0	0	0	1
ASV.46	0	0	0	0	0	1429	0	0	0	105	0	0	0	0
ASV.47	0	495	0	472	0	0	0	8	0	383	160	0	0	0
ASV.48	0	1442	0	0	0	0	0	0	0	0	0	0	0	0
ASV.49	0	0	4	1339	0	39	0	0	0	0	0	0	0	36
ASV.50	0	0	0	0	0	1316	0	0	0	102	0	0	0	0
ASV.51	0	0	0	0	0	793	0	48	0	0	0	0	0	460
ASV.52	0	0	0	77	0	1210	0	7	0	0	0	0	0	5
ASV.53	0	0	0	0	0	1274	0	0	0	0	0	0	0	24
ASV.54	0	1270	0	0	0	0	0	0	0	0	0	0	0	0
ASV.55	0	0	0	0	0	0	0	1267	0	0	0	0	0	0
ASV.56	0	0	0	0	0	1252	0	0	0	0	0	0	0	0
ASV.57	0	0	0	295	0	586	0	53	0	0	0	0	0	304
ASV.58	0	1107	0	0	0	0	0	0	0	0	0	0	0	0
ASV.59	0	0	0	0	0	152	0	30	0	907	0	0	0	0
ASV.60	0	0	0	1074	0	13	0	0	0	0	0	0	0	0
ASV.61	0	0	0	0	0	0	0	555	0	531	0	0	0	0
ASV.62	0	0	0	0	0	0	0	0	0	1051	0	0	0	0
ASV.63	0	0	0	1031	0	0	0	0	0	0	0	0	0	0
ASV.64	0	1025	0	0	0	0	0	0	0	0	0	0	0	0
ASV.65	0	770	0	248	0	0	4	0	0	0	0	0	0	0
ASV.66	0	0	0	0	0	987	0	0	0	0	0	0	0	0
ASV.67	0	0	0	0	0	0	0	0	0	0	0	983	0	0
ASV.68	0	0	0	0	0	0	0	0	0	961	0	0	0	0
ASV.69	0	0	0	0	0	642	0	0	0	0	0	0	0	306
ASV.70	0	0	0	0	0	926	0	0	0	0	0	0	0	0
ASV.71	0	0	0	0	0	281	0	0	0	0	0	0	0	621
ASV.72	0	0	0	0	0	0	0	0	0	625	0	0	0	271
ASV.73	0	0	0	769	0	0	0	36	0	33	0	57	0	0
ASV.74	0	0	0	645	0	4	0	34	146	21	0	13	0	5
ASV.75	0	0	0	0	0	0	0	0	0	0	0	0	0	838
ASV.76	0	0	0	0	0	0	0	0	0	817	0	0	0	0
ASV.77	0	0	0	0	0	0	0	0	0	779	0	0	0	0
ASV.78	0	0	0	0	0	0	0	0	0	734	0	0	0	0
ASV.80	0	197	0	153	0	0	0	0	21	263	0	66	0	10
ASV.81	0	0	0	0	0	0	0	690	0	0	0	0	0	0
ASV.82	0	0	0	0	0	384	0	0	0	0	0	0	0	292
ASV.83	3	0	0	482	0	156	0	0	0	0	0	0	0	25
ASV.84	0	618	0	0	0	0	0	0	0	0	0	0	0	0
ASV.86	0	0	0	0	0	597	0	0	0	0	0	0	0	0
ASV.87	0	0	0	0	0	0	0	0	0	593	0	0	0	0
ASV.89	0	0	0	0	0	563	0	0	0	0	0	0	0	0
ASV.91	0	0	0	0	0	0	47	46	0	457	0	0	0	0
ASV.92	0	0	0	0	0	0	0	0	0	544	0	0	0	0
ASV.93	0	0	237	0	0	0	0	297	0	0	0	0	0	0
ASV.94	0	0	0	0	0	0	0	0	531	0	0	0	0	0
ASV.95	0	0	0	53	0	474	0	0	0	0	0	0	0	0
ASV.96	0	0	0	0	0	0	0	0	0	518	0	0	0	0
ASV.97	0	0	0	0	0	0	0	0	0	0	0	0	0	496
ASV.98	0	0	0	0	0	0	0	493	0	0	0	0	0	0
ASV.100	0	0	0	0	0	0	0	475	0	0	0	0	0	0
ASV.101	0	0	0	0	0	0	222	246	0	0	0	0	0	0
ASV.102	0	0	0	0	0	0	0	124	0	344	0	0	0	0
ASV.105	0	0	0	91	0	0	0	0	0	0	0	353	0	0
ASV.106	0	0	0	0	0	0	0	0	0	444	0	0	0	0
ASV.108	0	0	0	0	0	434	0	0	0	0	0	0	0	0
ASV.109	0	0	0	0	0	0	0	0	0	0	0	0	0	434
ASV.110	0	0	0	401	0	0	0	0	0	0	0	21	0	0
ASV.111	0	0	0	0	0	0	0	0	0	0	0	0	0	422
ASV.112	0	0	0	0	0	0	0	0	0	388	0	0	0	0
ASV.113	0	0	0	0	0	0	0	385	0	0	0	0	0	0
ASV.114	0	0	0	0	0	0	0	0	0	379	0	0	0	0
ASV.115	0	0	0	370	0	4	0	0	0	0	0	0	0	0
ASV.117	0	0	0	0	0	365	0	0	0	0	0	0	0	0
ASV.118	0	0	0	0	0	0	0	363	0	0	0	0	0	0
ASV.119	32	0	0	0	0	0	0	0	281	0	48	0	0	0
ASV.120	0	0	0	0	0	361	0	0	0	0	0	0	0	0
ASV.121	0	0	0	45	0	311	0	0	0	0	0	0	0	0
ASV.122	0	0	0	0	0	199	0	0	0	0	0	0	0	154
ASV.123	0	0	0	0	0	0	0	337	0	0	0	0	0	0
ASV.124	0	0	0	0	0	0	0	337	0	0	0	0	0	0
ASV.125	0	0	0	0	0	0	0	0	0	330	0	0	0	0
ASV.127	321	0	0	0	0	0	0	0	0	0	0	0	0	0
ASV.128	0	0	0	321	0	0	0	0	0	0	0	0	0	0
ASV.129	67	13	0	6	0	0	0	0	187	8	33	5	0	0
ASV.130	0	0	0	0	0	197	0	0	0	0	0	0	0	118
ASV.131	0	0	146	0	0	0	116	0	0	0	0	0	51	0
ASV.132	0	0	0	0	0	60	0	0	0	0	0	0	0	253
ASV.133	0	0	0	0	0	274	0	16	0	0	0	0	0	23
ASV.134	0	0	0	0	0	0	0	306	0	0	0	0	0	0
ASV.135	0	0	0	0	0	303	0	0	0	0	0	0	0	0
ASV.136	0	0	0	0	0	0	0	44	0	0	0	253	0	0
ASV.137	0	0	0	0	0	0	0	294	0	0	0	0	0	0
ASV.138	0	290	0	0	0	0	0	0	0	0	0	0	0	0
ASV.139	0	0	0	0	0	0	0	0	0	289	0	0	0	0
ASV.141	0	0	0	0	0	271	0	17	0	0	0	0	0	0
ASV.142	0	0	0	0	0	0	0	280	0	0	0	0	0	0
ASV.143	0	0	0	0	0	279	0	0	0	0	0	0	0	0
ASV.144	0	0	0	0	0	279	0	0	0	0	0	0	0	0
ASV.146	0	0	0	0	0	0	0	111	0	157	0	0	0	0
ASV.147	0	0	0	137	0	0	0	0	0	0	0	0	0	127
ASV.148	0	0	0	0	0	63	0	0	0	0	0	0	0	200
ASV.149	0	0	0	0	0	0	0	0	0	260	0	0	0	0
ASV.150	0	0	0	0	0	0	0	0	0	0	0	0	0	259
ASV.151	139	0	0	0	0	0	0	0	85	0	34	0	0	0
ASV.152	0	0	0	221	0	0	0	37	0	0	0	0	0	0
ASV.153	0	0	0	202	0	18	0	12	0	0	0	25	0	0
ASV.154	0	0	0	0	0	0	0	0	0	255	0	0	0	0
ASV.155	0	0	0	0	0	21	0	47	0	0	0	182	0	0
ASV.156	0	248	0	0	0	0	0	0	0	0	0	0	0	0
ASV.157	0	0	0	182	0	36	0	29	0	0	0	0	0	0
ASV.158	0	244	0	0	0	0	0	0	0	0	0	0	0	0
ASV.159	0	0	0	0	0	0	0	244	0	0	0	0	0	0
ASV.161	0	0	0	0	0	0	0	0	0	243	0	0	0	0
ASV.162	0	0	0	0	0	0	0	0	0	0	0	0	0	242
ASV.163	12	116	0	26	0	0	0	0	65	21	0	0	0	0
ASV.165	0	0	0	0	0	239	0	0	0	0	0	0	0	0
ASV.167	0	0	0	118	0	40	0	80	0	0	0	0	0	0
ASV.168	0	0	0	0	0	0	0	0	0	238	0	0	0	0
ASV.170	0	0	0	0	0	0	0	0	0	0	0	0	0	236
ASV.172	0	0	0	0	0	235	0	0	0	0	0	0	0	0
ASV.174	0	0	0	0	0	234	0	0	0	0	0	0	0	0
ASV.176	0	0	0	0	0	0	0	0	0	0	0	0	0	231
ASV.177	0	0	0	0	0	0	0	0	0	230	0	0	0	0
ASV.178	0	0	0	0	0	0	0	0	0	230	0	0	0	0
ASV.184	0	0	0	0	0	0	0	0	0	0	0	0	0	220
ASV.185	0	0	0	0	0	0	0	219	0	0	0	0	0	0
ASV.187	0	0	0	0	0	0	0	0	0	217	0	0	0	0
ASV.188	0	0	0	0	0	0	0	0	0	0	0	0	0	213
ASV.189	0	0	0	0	0	24	0	0	0	187	0	0	0	0
ASV.190	0	0	0	0	0	0	0	0	0	0	0	208	0	0
ASV.193	0	0	0	0	0	0	0	0	0	0	0	0	0	203
ASV.194	0	0	0	0	0	202	0	0	0	0	0	0	0	0
ASV.195	100	0	0	0	0	0	0	0	96	0	0	0	0	0
ASV.196	0	0	0	0	0	196	0	0	0	0	0	0	0	0
ASV.197	0	0	0	0	0	195	0	0	0	0	0	0	0	0
ASV.198	0	0	0	194	0	0	0	0	0	0	0	0	0	0
ASV.199	0	0	0	0	0	193	0	0	0	0	0	0	0	0
ASV.201	0	0	0	0	0	0	0	0	0	0	0	0	0	192
ASV.203	0	0	0	0	0	0	0	190	0	0	0	0	0	0
ASV.205	0	0	0	0	0	186	0	0	0	0	0	0	0	0
ASV.207	0	0	0	128	0	26	0	28	0	0	0	0	0	0
ASV.210	0	0	0	0	0	0	0	0	0	0	0	0	0	177
ASV.213	0	0	0	0	159	0	0	0	0	0	15	0	0	0
ASV.214	0	0	0	0	0	0	0	173	0	0	0	0	0	0
ASV.215	0	0	0	0	0	0	0	172	0	0	0	0	0	0
ASV.216	0	0	0	0	0	71	0	0	0	0	0	0	0	99
ASV.217	0	0	0	0	0	0	0	0	0	170	0	0	0	0
ASV.219	0	0	0	0	0	0	0	0	168	0	0	0	0	0
ASV.221	0	0	0	0	0	21	0	0	0	0	140	0	0	6
ASV.223	0	0	0	0	0	166	0	0	0	0	0	0	0	0
ASV.225	0	0	0	0	0	162	0	0	0	0	0	0	0	0
ASV.227	0	0	0	151	0	0	0	0	0	7	0	0	0	0
ASV.228	0	0	0	157	0	0	0	0	0	0	0	0	0	0
ASV.231	0	0	0	0	0	20	0	0	0	0	0	125	0	11
ASV.232	0	0	0	0	0	37	0	0	0	116	0	0	0	0
ASV.233	0	0	0	0	0	0	0	0	0	0	0	0	0	153
ASV.236	0	0	0	0	0	0	0	152	0	0	0	0	0	0
ASV.237	0	0	0	0	0	151	0	0	0	0	0	0	0	0
ASV.238	0	0	0	0	0	0	0	151	0	0	0	0	0	0
ASV.239	0	0	0	0	0	150	0	0	0	0	0	0	0	0
ASV.240	0	0	0	0	0	150	0	0	0	0	0	0	0	0
ASV.241	0	0	0	0	0	147	0	0	0	0	0	0	0	0
ASV.243	0	0	0	0	0	145	0	0	0	0	0	0	0	0
ASV.244	0	0	0	0	0	0	0	0	0	145	0	0	0	0
ASV.245	0	0	0	0	0	0	0	144	0	0	0	0	0	0
ASV.247	0	0	0	0	0	0	0	143	0	0	0	0	0	0
ASV.250	0	0	0	142	0	0	0	0	0	0	0	0	0	0
ASV.257	0	0	0	0	0	136	0	0	0	0	0	0	0	0
ASV.258	0	0	0	0	0	136	0	0	0	0	0	0	0	0
ASV.259	0	0	0	0	0	0	0	0	0	0	0	0	0	136
ASV.261	0	0	0	0	0	0	0	0	0	0	0	0	0	132
ASV.264	0	0	0	0	0	0	0	131	0	0	0	0	0	0
ASV.265	0	0	0	0	0	0	0	0	0	131	0	0	0	0
ASV.267	0	0	0	0	0	0	0	0	0	130	0	0	0	0
ASV.271	0	0	0	0	0	128	0	0	0	0	0	0	0	0
ASV.273	0	0	0	0	0	0	128	0	0	0	0	0	0	0
ASV.274	0	0	0	0	0	0	0	0	0	0	0	0	0	127
ASV.275	0	0	0	0	0	126	0	0	0	0	0	0	0	0
ASV.277	0	0	0	0	0	0	0	125	0	0	0	0	0	0
ASV.278	0	49	7	9	17	0	37	0	0	0	0	0	0	5
ASV.280	0	0	0	0	0	6	0	0	0	118	0	0	0	0
ASV.281	54	0	0	0	0	0	0	0	69	0	0	0	0	0
ASV.283	0	0	0	0	0	0	0	74	0	0	0	0	0	49
ASV.284	0	0	0	122	0	0	0	0	0	0	0	0	0	0
ASV.286	0	0	0	0	0	53	0	0	0	68	0	0	0	0
ASV.291	0	0	0	0	0	0	0	0	0	0	0	0	0	120
ASV.293	0	0	0	0	0	0	0	119	0	0	0	0	0	0
ASV.294	0	0	0	0	0	118	0	0	0	0	0	0	0	0
ASV.295	0	0	0	0	0	6	0	0	0	0	0	0	0	111
ASV.297	0	0	0	0	0	45	0	0	0	0	0	0	0	71
ASV.298	0	115	0	0	0	0	0	0	0	0	0	0	0	0
ASV.301	0	0	0	0	0	114	0	0	0	0	0	0	0	0
ASV.302	0	0	0	0	0	0	0	0	0	114	0	0	0	0
ASV.305	0	0	0	0	0	15	0	0	0	0	0	0	0	96
ASV.306	0	0	0	0	0	0	0	111	0	0	0	0	0	0
ASV.307	0	0	0	0	0	57	11	0	0	42	0	0	0	0
ASV.308	0	0	0	0	0	0	39	43	0	27	0	0	0	0
ASV.312	0	0	0	0	0	0	0	0	0	109	0	0	0	0
ASV.314	0	0	0	0	0	0	0	0	0	0	0	0	0	109
ASV.316	0	0	0	0	0	0	108	0	0	0	0	0	0	0
ASV.317	0	0	0	0	0	0	0	0	0	0	0	0	0	108
ASV.320	0	0	0	0	0	106	0	0	0	0	0	0	0	0
ASV.321	0	0	0	0	0	0	0	0	0	105	0	0	0	0
ASV.322	0	0	0	0	0	0	104	0	0	0	0	0	0	0
ASV.325	0	0	0	103	0	0	0	0	0	0	0	0	0	0
ASV.331	0	0	0	0	0	0	0	101	0	0	0	0	0	0
ASV.333	0	0	0	65	0	0	0	35	0	0	0	0	0	0
ASV.335	0	0	0	0	0	0	0	100	0	0	0	0	0	0
ASV.336	0	0	0	0	0	0	0	100	0	0	0	0	0	0
ASV.338	0	0	0	0	0	19	0	0	0	0	0	0	0	80
ASV.339	0	0	0	0	0	0	0	98	0	0	0	0	0	0
ASV.341	0	0	0	0	0	53	0	0	0	0	0	0	0	44
ASV.342	0	0	0	0	0	0	0	0	0	0	0	0	0	97
ASV.344	0	0	0	0	0	0	0	95	0	0	0	0	0	0
ASV.347	0	0	0	0	0	94	0	0	0	0	0	0	0	0
ASV.348	0	0	0	0	0	94	0	0	0	0	0	0	0	0
ASV.349	0	0	0	0	0	0	0	0	0	94	0	0	0	0
ASV.350	0	0	0	0	0	0	0	0	0	93	0	0	0	0
ASV.355	0	0	0	0	0	0	0	91	0	0	0	0	0	0
ASV.356	0	0	0	0	0	0	0	0	0	0	0	0	0	91
ASV.357	19	10	0	0	0	0	0	0	35	0	22	4	0	0
ASV.359	0	0	0	0	0	89	0	0	0	0	0	0	0	0
ASV.360	0	0	0	0	0	57	0	28	0	0	0	4	0	0
ASV.361	0	0	0	0	0	89	0	0	0	0	0	0	0	0
ASV.363	0	0	0	0	0	0	0	0	0	0	0	89	0	0
ASV.367	0	0	0	0	0	0	26	61	0	0	0	0	0	0
ASV.368	86	0	0	0	0	0	0	0	0	0	0	0	0	0
ASV.369	0	0	0	50	0	0	0	0	34	2	0	0	0	0
ASV.370	0	0	0	4	0	0	0	0	70	0	12	0	0	0
ASV.374	0	0	0	0	0	0	0	0	0	0	0	0	0	86
ASV.375	0	0	0	0	0	0	0	85	0	0	0	0	0	0
ASV.376	0	0	0	0	0	0	0	0	0	85	0	0	0	0
ASV.377	0	0	0	62	0	14	0	8	0	0	0	0	0	0
ASV.378	0	0	0	0	0	62	0	0	0	22	0	0	0	0
ASV.382	0	0	0	0	0	83	0	0	0	0	0	0	0	0
ASV.384	0	0	0	0	0	0	0	0	0	83	0	0	0	0
ASV.387	0	0	0	0	0	0	0	0	0	82	0	0	0	0
ASV.396	0	0	0	0	0	0	0	79	0	0	0	0	0	0
ASV.399	0	0	0	0	0	78	0	0	0	0	0	0	0	0
ASV.401	0	0	0	0	0	0	0	78	0	0	0	0	0	0
ASV.402	0	0	0	0	0	0	0	0	0	78	0	0	0	0
ASV.403	0	0	0	0	0	0	0	0	0	0	0	78	0	0
ASV.404	0	0	0	0	0	0	0	0	0	0	0	0	0	78
ASV.407	0	0	0	0	0	77	0	0	0	0	0	0	0	0
ASV.410	0	0	0	0	0	0	0	0	66	0	10	0	0	0
ASV.413	0	0	0	0	0	75	0	0	0	0	0	0	0	0
ASV.414	0	0	0	0	0	64	0	11	0	0	0	0	0	0
ASV.415	0	0	0	0	0	0	0	75	0	0	0	0	0	0
ASV.416	0	0	0	0	0	0	0	0	0	75	0	0	0	0
ASV.419	0	0	0	71	0	0	0	3	0	0	0	0	0	0
ASV.420	0	0	0	0	0	0	0	74	0	0	0	0	0	0
ASV.423	0	73	0	0	0	0	0	0	0	0	0	0	0	0
ASV.424	0	0	0	0	0	73	0	0	0	0	0	0	0	0
ASV.427	0	0	0	0	0	0	0	73	0	0	0	0	0	0
ASV.431	0	0	0	71	0	0	0	0	0	0	0	0	0	0
ASV.433	61	0	0	6	0	0	0	0	0	0	0	0	0	3
ASV.434	0	0	0	0	0	70	0	0	0	0	0	0	0	0
ASV.435	0	0	0	0	0	70	0	0	0	0	0	0	0	0
ASV.436	0	0	0	0	0	0	0	70	0	0	0	0	0	0
ASV.437	0	0	0	0	0	0	0	70	0	0	0	0	0	0
ASV.439	0	33	0	36	0	0	0	0	0	0	0	0	0	0
ASV.440	0	69	0	0	0	0	0	0	0	0	0	0	0	0
ASV.445	0	0	0	0	0	0	0	69	0	0	0	0	0	0
ASV.448	0	0	0	0	0	0	0	0	0	68	0	0	0	0
ASV.452	0	0	0	0	0	0	0	67	0	0	0	0	0	0
ASV.453	0	0	0	0	0	0	0	0	0	0	0	0	0	67
ASV.456	0	0	0	66	0	0	0	0	0	0	0	0	0	0
ASV.457	0	0	0	0	0	66	0	0	0	0	0	0	0	0
ASV.458	0	0	0	0	0	0	0	66	0	0	0	0	0	0
ASV.459	0	0	0	0	0	0	0	0	0	66	0	0	0	0
ASV.460	0	0	0	0	0	65	0	0	0	0	0	0	0	0
ASV.461	0	0	0	0	0	65	0	0	0	0	0	0	0	0
ASV.462	0	0	0	0	0	65	0	0	0	0	0	0	0	0
ASV.463	0	0	0	0	0	0	0	65	0	0	0	0	0	0
ASV.465	0	0	0	0	0	0	0	65	0	0	0	0	0	0
ASV.466	0	0	0	0	0	0	0	0	0	65	0	0	0	0
ASV.467	0	0	0	0	0	0	0	0	0	65	0	0	0	0
ASV.472	0	0	0	0	0	63	0	0	0	0	0	0	0	0
ASV.474	0	0	0	0	0	0	0	63	0	0	0	0	0	0
ASV.476	0	0	0	0	0	0	0	0	0	63	0	0	0	0
ASV.477	0	0	0	0	0	0	0	0	0	63	0	0	0	0
ASV.485	0	0	0	0	0	0	0	35	0	0	0	0	0	27
ASV.486	14	0	0	0	0	0	0	0	47	0	0	0	0	0
ASV.489	0	0	0	0	0	25	0	36	0	0	0	0	0	0
ASV.491	0	0	0	0	0	0	0	0	0	61	0	0	0	0
ASV.493	0	0	0	3	0	0	0	0	46	0	11	0	0	0
ASV.494	0	0	0	0	0	60	0	0	0	0	0	0	0	0
ASV.495	0	0	0	0	0	0	0	0	0	60	0	0	0	0
ASV.497	0	0	0	0	0	0	0	0	0	60	0	0	0	0
ASV.499	0	0	0	0	0	0	0	0	0	0	0	0	0	60
ASV.500	0	0	0	0	0	59	0	0	0	0	0	0	0	0
ASV.501	0	0	0	0	0	0	0	59	0	0	0	0	0	0
ASV.502	0	0	0	0	0	0	0	0	0	59	0	0	0	0
ASV.506	26	0	0	0	0	0	0	0	32	0	0	0	0	0
ASV.507	58	0	0	0	0	0	0	0	0	0	0	0	0	0
ASV.508	0	11	0	37	0	0	0	0	0	0	0	10	0	0
ASV.515	0	0	0	0	0	0	0	58	0	0	0	0	0	0
ASV.516	0	0	0	0	0	0	0	41	0	17	0	0	0	0
ASV.517	0	0	0	0	0	0	0	0	0	0	0	0	0	58
ASV.522	0	0	0	0	0	57	0	0	0	0	0	0	0	0
ASV.524	0	0	0	0	0	0	0	0	0	57	0	0	0	0
ASV.526	0	0	0	0	0	56	0	0	0	0	0	0	0	0
ASV.528	0	0	0	0	0	0	0	0	0	0	0	0	0	56
ASV.530	0	0	0	0	0	0	0	55	0	0	0	0	0	0
ASV.531	0	0	0	0	0	0	0	55	0	0	0	0	0	0
ASV.538	0	0	0	0	0	0	0	0	0	0	0	0	0	54
ASV.539	0	2	0	51	0	0	0	0	0	0	0	0	0	0
ASV.542	0	0	0	0	0	53	0	0	0	0	0	0	0	0
ASV.543	0	0	0	0	0	53	0	0	0	0	0	0	0	0
ASV.547	52	0	0	0	0	0	0	0	0	0	0	0	0	0
ASV.549	0	32	0	20	0	0	0	0	0	0	0	0	0	0
ASV.552	0	0	0	0	0	0	0	52	0	0	0	0	0	0
ASV.553	0	0	0	0	0	0	0	52	0	0	0	0	0	0
ASV.554	0	0	0	0	0	0	0	52	0	0	0	0	0	0
ASV.555	0	0	0	0	0	0	0	52	0	0	0	0	0	0
ASV.556	0	0	0	0	0	0	0	0	0	52	0	0	0	0
ASV.557	0	0	0	0	0	0	0	0	0	52	0	0	0	0
ASV.558	0	0	0	0	0	0	0	0	0	52	0	0	0	0
ASV.566	0	0	0	0	0	51	0	0	0	0	0	0	0	0
ASV.570	0	0	0	0	0	0	0	0	0	51	0	0	0	0
ASV.571	0	0	0	0	0	0	0	0	0	0	51	0	0	0
ASV.578	0	0	0	0	0	50	0	0	0	0	0	0	0	0
ASV.579	0	0	0	0	0	50	0	0	0	0	0	0	0	0
ASV.581	0	0	0	0	0	0	0	50	0	0	0	0	0	0
ASV.583	0	0	0	0	0	0	0	50	0	0	0	0	0	0
ASV.586	0	0	0	0	0	0	0	0	0	50	0	0	0	0
ASV.591	0	0	0	0	0	49	0	0	0	0	0	0	0	0
ASV.593	0	0	0	0	0	49	0	0	0	0	0	0	0	0
ASV.600	0	0	0	0	0	0	0	0	0	0	0	0	49	0
ASV.604	0	0	0	0	0	0	0	0	0	0	0	0	0	49
ASV.606	12	0	0	0	0	0	0	0	27	0	9	0	0	0
ASV.610	0	0	0	0	0	48	0	0	0	0	0	0	0	0
ASV.612	0	0	0	0	0	0	0	0	0	48	0	0	0	0
ASV.615	0	0	0	0	0	0	0	0	0	0	0	0	0	48
ASV.620	0	0	0	29	0	18	0	0	0	0	0	0	0	0
ASV.622	0	0	0	0	0	47	0	0	0	0	0	0	0	0
ASV.624	0	0	0	0	0	0	0	47	0	0	0	0	0	0
ASV.625	0	0	0	0	0	0	0	0	0	47	0	0	0	0
ASV.627	0	0	0	0	0	0	0	0	0	0	0	0	0	47
ASV.628	0	0	0	0	0	0	0	0	0	0	0	0	0	47
ASV.631	0	0	0	2	0	0	0	0	36	0	8	0	0	0
ASV.635	0	26	0	0	0	0	0	0	0	19	0	0	0	0
ASV.636	0	0	0	0	43	0	0	0	0	0	2	0	0	0
ASV.638	0	0	0	0	0	45	0	0	0	0	0	0	0	0
ASV.639	0	0	0	0	0	25	0	20	0	0	0	0	0	0
ASV.644	0	0	0	0	0	44	0	0	0	0	0	0	0	0
ASV.646	0	0	0	0	0	44	0	0	0	0	0	0	0	0
ASV.649	0	0	0	0	0	0	0	44	0	0	0	0	0	0
ASV.650	0	0	0	0	0	0	0	44	0	0	0	0	0	0
ASV.652	0	0	0	0	0	0	0	0	0	0	0	0	0	44
ASV.653	20	0	0	0	0	0	0	0	23	0	0	0	0	0
ASV.655	0	0	0	0	0	43	0	0	0	0	0	0	0	0
ASV.657	0	0	0	0	0	43	0	0	0	0	0	0	0	0
ASV.659	0	0	0	0	0	0	0	0	0	43	0	0	0	0
ASV.660	0	0	0	0	0	0	0	0	0	43	0	0	0	0
ASV.661	0	0	0	0	0	0	0	0	0	0	0	0	0	43
ASV.663	0	0	0	6	0	36	0	0	0	0	0	0	0	0
ASV.665	0	0	0	0	0	0	0	42	0	0	0	0	0	0
ASV.666	0	0	0	0	0	0	0	0	42	0	0	0	0	0
ASV.669	0	0	0	0	0	7	0	0	0	34	0	0	0	0
ASV.670	0	0	0	0	0	41	0	0	0	0	0	0	0	0
ASV.675	19	0	0	0	0	0	0	0	13	0	8	0	0	0
ASV.676	0	0	0	40	0	0	0	0	0	0	0	0	0	0
ASV.677	0	0	0	40	0	0	0	0	0	0	0	0	0	0
ASV.678	0	0	0	40	0	0	0	0	0	0	0	0	0	0
ASV.680	0	0	0	0	0	28	0	12	0	0	0	0	0	0
ASV.681	0	0	0	0	0	40	0	0	0	0	0	0	0	0
ASV.685	0	0	0	0	0	0	0	40	0	0	0	0	0	0
ASV.688	0	0	0	0	0	0	0	0	0	40	0	0	0	0
ASV.691	0	0	0	0	0	39	0	0	0	0	0	0	0	0
ASV.702	0	0	0	0	0	3	0	0	0	0	0	0	0	35
ASV.704	0	0	0	0	0	38	0	0	0	0	0	0	0	0
ASV.707	0	0	0	0	0	0	0	38	0	0	0	0	0	0
ASV.713	0	0	0	0	0	0	0	0	0	0	0	0	0	38
ASV.715	9	0	0	0	0	0	0	0	26	0	2	0	0	0
ASV.717	0	0	0	31	0	0	0	6	0	0	0	0	0	0
ASV.719	0	0	0	0	0	37	0	0	0	0	0	0	0	0
ASV.720	0	0	0	0	0	37	0	0	0	0	0	0	0	0
ASV.721	0	0	0	0	0	0	0	37	0	0	0	0	0	0
ASV.722	0	0	0	0	0	0	0	0	0	37	0	0	0	0
ASV.727	0	0	0	0	0	36	0	0	0	0	0	0	0	0
ASV.728	0	0	0	0	0	21	0	15	0	0	0	0	0	0
ASV.729	0	0	0	0	0	36	0	0	0	0	0	0	0	0
ASV.730	0	0	0	0	0	36	0	0	0	0	0	0	0	0
ASV.734	0	0	0	0	0	0	0	0	0	36	0	0	0	0
ASV.741	0	0	0	0	0	35	0	0	0	0	0	0	0	0
ASV.742	0	0	0	0	0	35	0	0	0	0	0	0	0	0
ASV.745	0	0	0	0	0	0	0	35	0	0	0	0	0	0
ASV.747	0	0	0	0	0	0	0	0	0	35	0	0	0	0
ASV.751	0	0	0	0	0	0	0	0	0	0	0	0	0	35
ASV.752	13	10	0	0	0	0	0	0	9	0	2	0	0	0
ASV.753	15	0	0	0	0	0	0	0	17	0	2	0	0	0
ASV.754	0	0	0	0	0	34	0	0	0	0	0	0	0	0
ASV.758	0	0	0	0	0	0	0	34	0	0	0	0	0	0
ASV.762	0	0	0	0	0	0	0	34	0	0	0	0	0	0
ASV.764	0	0	0	0	0	0	0	0	0	34	0	0	0	0
ASV.765	0	0	0	0	0	0	0	0	0	0	0	0	34	0
ASV.767	22	0	0	0	0	0	0	0	11	0	0	0	0	0
ASV.777	0	0	0	0	0	0	0	33	0	0	0	0	0	0
ASV.778	0	0	0	0	0	0	0	33	0	0	0	0	0	0
ASV.780	0	0	0	0	0	0	0	33	0	0	0	0	0	0
ASV.781	0	0	0	0	0	0	0	33	0	0	0	0	0	0
ASV.782	0	0	0	0	0	0	0	33	0	0	0	0	0	0
ASV.783	0	0	0	0	0	0	0	0	0	33	0	0	0	0
ASV.787	0	0	0	0	0	0	0	0	0	0	0	0	0	33
ASV.788	14	0	0	0	0	0	0	0	18	0	0	0	0	0
ASV.799	0	0	0	0	0	32	0	0	0	0	0	0	0	0
ASV.801	0	0	0	0	0	32	0	0	0	0	0	0	0	0
ASV.805	0	0	0	0	0	0	0	0	0	32	0	0	0	0
ASV.811	19	0	0	0	0	0	0	0	12	0	0	0	0	0
ASV.815	0	0	0	0	0	31	0	0	0	0	0	0	0	0
ASV.816	0	0	0	0	0	0	0	31	0	0	0	0	0	0
ASV.818	0	0	0	0	0	0	0	31	0	0	0	0	0	0
ASV.819	0	0	0	0	0	0	0	31	0	0	0	0	0	0
ASV.821	0	0	0	0	0	0	0	31	0	0	0	0	0	0
ASV.823	0	0	0	0	0	0	0	0	0	31	0	0	0	0
ASV.826	3	3	0	0	0	0	0	0	16	0	8	0	0	0
ASV.830	0	9	0	0	0	0	0	0	21	0	0	0	0	0
ASV.835	0	0	0	0	0	0	0	30	0	0	0	0	0	0
ASV.839	0	0	0	0	0	0	0	0	30	0	0	0	0	0
ASV.841	0	0	0	0	0	0	0	0	0	30	0	0	0	0
ASV.846	0	0	0	0	0	0	0	0	0	0	0	0	0	30
ASV.847	29	0	0	0	0	0	0	0	0	0	0	0	0	0
ASV.854	0	0	0	0	0	29	0	0	0	0	0	0	0	0
ASV.857	0	0	0	0	0	0	29	0	0	0	0	0	0	0
ASV.875	0	0	0	0	0	28	0	0	0	0	0	0	0	0
ASV.877	0	0	0	0	0	28	0	0	0	0	0	0	0	0
ASV.880	0	0	0	0	0	0	0	28	0	0	0	0	0	0
ASV.881	0	0	0	0	0	0	0	28	0	0	0	0	0	0
ASV.882	0	0	0	0	0	0	0	0	23	0	5	0	0	0
ASV.883	0	0	0	0	0	0	0	0	24	0	4	0	0	0
ASV.884	0	0	0	0	0	0	0	0	0	28	0	0	0	0
ASV.888	12	0	0	0	0	0	0	0	15	0	0	0	0	0
ASV.897	0	0	0	0	0	27	0	0	0	0	0	0	0	0
ASV.898	0	0	0	0	0	0	0	0	27	0	0	0	0	0
ASV.899	0	0	0	0	0	0	0	0	27	0	0	0	0	0
ASV.902	0	0	0	0	0	0	0	0	0	27	0	0	0	0
ASV.909	26	0	0	0	0	0	0	0	0	0	0	0	0	0
ASV.924	0	0	0	0	0	15	0	5	0	0	0	6	0	0
ASV.927	0	0	0	0	0	0	0	26	0	0	0	0	0	0
ASV.928	0	0	0	0	0	0	0	26	0	0	0	0	0	0
ASV.929	0	0	0	0	0	0	0	26	0	0	0	0	0	0
ASV.930	0	0	0	0	0	0	0	26	0	0	0	0	0	0
ASV.931	0	0	0	0	0	0	0	0	26	0	0	0	0	0
ASV.932	0	0	0	0	0	0	0	0	26	0	0	0	0	0
ASV.933	0	0	0	0	0	0	0	0	0	26	0	0	0	0
ASV.934	0	0	0	0	0	0	0	0	0	26	0	0	0	0
ASV.935	0	0	0	0	0	0	0	0	0	26	0	0	0	0
ASV.941	12	0	0	0	0	0	0	0	13	0	0	0	0	0
ASV.942	7	0	0	0	0	0	0	0	18	0	0	0	0	0
ASV.943	25	0	0	0	0	0	0	0	0	0	0	0	0	0
ASV.944	0	0	0	6	19	0	0	0	0	0	0	0	0	0
ASV.946	0	0	0	0	0	25	0	0	0	0	0	0	0	0
ASV.949	0	0	0	0	0	11	0	0	0	0	0	0	0	14
ASV.951	0	0	0	0	0	0	0	25	0	0	0	0	0	0
ASV.952	0	0	0	0	0	0	0	25	0	0	0	0	0	0
ASV.970	0	0	0	0	0	24	0	0	0	0	0	0	0	0
ASV.972	0	0	0	0	0	0	0	14	0	10	0	0	0	0
ASV.977	0	0	0	0	0	0	0	24	0	0	0	0	0	0
ASV.978	0	0	0	0	0	0	0	0	0	0	0	0	0	24
ASV.981	0	0	0	0	0	0	0	0	0	0	0	0	0	24
ASV.985	0	20	0	0	0	0	0	0	0	3	0	0	0	0
ASV.991	0	0	0	0	0	23	0	0	0	0	0	0	0	0
ASV.994	0	0	0	0	0	23	0	0	0	0	0	0	0	0
ASV.997	0	0	0	0	0	0	0	0	0	23	0	0	0	0
ASV.1011	0	0	0	0	0	22	0	0	0	0	0	0	0	0
ASV.1014	0	0	0	0	0	0	0	22	0	0	0	0	0	0
ASV.1018	0	0	0	0	0	0	0	0	22	0	0	0	0	0
ASV.1026	0	0	0	0	0	0	0	0	0	0	0	0	0	22
ASV.1029	0	18	0	0	0	0	0	0	3	0	0	0	0	0
ASV.1038	0	0	0	0	0	21	0	0	0	0	0	0	0	0
ASV.1041	0	0	0	0	0	0	0	21	0	0	0	0	0	0
ASV.1042	0	0	0	0	0	0	0	21	0	0	0	0	0	0
ASV.1043	0	0	0	0	0	0	0	21	0	0	0	0	0	0
ASV.1044	0	0	0	0	0	0	0	21	0	0	0	0	0	0
ASV.1045	0	0	0	0	0	0	0	21	0	0	0	0	0	0
ASV.1046	0	0	0	0	0	0	0	21	0	0	0	0	0	0
ASV.1047	0	0	0	0	0	0	0	21	0	0	0	0	0	0
ASV.1051	0	0	0	0	0	0	0	21	0	0	0	0	0	0
ASV.1054	0	0	0	0	0	0	0	0	0	21	0	0	0	0
ASV.1056	0	0	0	0	0	0	0	0	0	0	0	21	0	0
ASV.1060	0	11	0	3	0	0	0	0	0	0	0	6	0	0
ASV.1075	0	0	0	0	0	20	0	0	0	0	0	0	0	0
ASV.1076	0	0	0	0	0	20	0	0	0	0	0	0	0	0
ASV.1077	0	0	0	0	0	20	0	0	0	0	0	0	0	0
ASV.1078	0	0	0	0	0	20	0	0	0	0	0	0	0	0
ASV.1079	0	0	0	0	0	20	0	0	0	0	0	0	0	0
ASV.1080	0	0	0	0	0	20	0	0	0	0	0	0	0	0
ASV.1083	0	0	0	0	0	0	0	20	0	0	0	0	0	0
ASV.1087	0	0	0	0	0	0	0	0	11	0	0	9	0	0
ASV.1088	0	0	0	0	0	0	0	0	0	20	0	0	0	0
ASV.1090	0	0	0	0	0	0	0	0	0	20	0	0	0	0
ASV.1092	0	0	0	0	0	0	0	0	0	20	0	0	0	0
ASV.1098	6	0	0	0	0	0	0	0	13	0	0	0	0	0
ASV.1120	0	0	0	0	0	19	0	0	0	0	0	0	0	0
ASV.1121	0	0	0	0	0	19	0	0	0	0	0	0	0	0
ASV.1122	0	0	0	0	0	0	0	19	0	0	0	0	0	0
ASV.1124	0	0	0	0	0	0	0	19	0	0	0	0	0	0
ASV.1125	0	0	0	0	0	0	0	19	0	0	0	0	0	0
ASV.1126	0	0	0	0	0	0	0	19	0	0	0	0	0	0
ASV.1131	0	0	0	0	0	0	0	0	0	19	0	0	0	0
ASV.1133	0	0	0	0	0	0	0	0	0	0	0	0	0	19
ASV.1138	18	0	0	0	0	0	0	0	0	0	0	0	0	0
ASV.1148	0	0	0	0	0	18	0	0	0	0	0	0	0	0
ASV.1150	0	0	0	0	0	8	0	0	0	10	0	0	0	0
ASV.1152	0	0	0	0	0	0	0	18	0	0	0	0	0	0
ASV.1154	0	0	0	0	0	0	0	18	0	0	0	0	0	0
ASV.1155	0	0	0	0	0	0	0	18	0	0	0	0	0	0
ASV.1160	0	0	0	0	0	0	0	0	18	0	0	0	0	0
ASV.1161	0	0	0	0	0	0	0	0	18	0	0	0	0	0
ASV.1169	0	0	0	0	0	0	0	0	0	0	0	0	0	18
ASV.1171	0	0	0	0	0	0	0	0	0	0	0	0	0	18
ASV.1172	0	0	0	0	0	0	0	0	0	0	0	0	0	18
ASV.1173	0	0	0	0	0	0	0	0	0	0	0	0	0	18
ASV.1175	6	0	0	5	0	0	0	0	6	0	0	0	0	0
ASV.1176	5	0	0	0	0	0	0	0	12	0	0	0	0	0
ASV.1177	17	0	0	0	0	0	0	0	0	0	0	0	0	0
ASV.1179	0	6	0	0	0	0	0	0	0	9	0	2	0	0
ASV.1188	0	0	0	0	0	17	0	0	0	0	0	0	0	0
ASV.1189	0	0	0	0	0	17	0	0	0	0	0	0	0	0
ASV.1196	0	0	0	0	0	17	0	0	0	0	0	0	0	0
ASV.1198	0	0	0	0	0	0	12	5	0	0	0	0	0	0
ASV.1199	0	0	0	0	0	0	0	17	0	0	0	0	0	0
ASV.1201	0	0	0	0	0	0	0	17	0	0	0	0	0	0
ASV.1206	0	0	0	0	0	0	0	0	3	0	14	0	0	0
ASV.1207	0	0	0	0	0	0	0	0	17	0	0	0	0	0
ASV.1213	0	0	0	0	0	0	0	0	0	17	0	0	0	0
ASV.1214	0	0	0	0	0	0	0	0	0	17	0	0	0	0
ASV.1215	0	0	0	0	0	0	0	0	0	17	0	0	0	0
ASV.1228	0	0	0	0	0	0	0	0	0	0	0	0	0	17
ASV.1231	6	0	0	0	0	0	0	0	10	0	0	0	0	0
ASV.1232	16	0	0	0	0	0	0	0	0	0	0	0	0	0
ASV.1249	0	0	0	0	0	0	0	16	0	0	0	0	0	0
ASV.1250	0	0	0	0	0	0	0	16	0	0	0	0	0	0
ASV.1251	0	0	0	0	0	0	0	16	0	0	0	0	0	0
ASV.1253	0	0	0	0	0	0	0	16	0	0	0	0	0	0
ASV.1254	0	0	0	0	0	0	0	16	0	0	0	0	0	0
ASV.1255	0	0	0	0	0	0	0	16	0	0	0	0	0	0
ASV.1259	0	0	0	0	0	0	0	0	6	0	10	0	0	0
ASV.1260	0	0	0	0	0	0	0	0	16	0	0	0	0	0
ASV.1264	0	0	0	0	0	0	0	0	0	16	0	0	0	0
ASV.1270	3	0	0	0	0	0	0	0	10	0	2	0	0	0
ASV.1281	0	0	0	0	15	0	0	0	0	0	0	0	0	0
ASV.1283	0	0	0	0	0	15	0	0	0	0	0	0	0	0
ASV.1285	0	0	0	0	0	15	0	0	0	0	0	0	0	0
ASV.1291	0	0	0	0	0	7	0	0	0	0	0	8	0	0
ASV.1292	0	0	0	0	0	15	0	0	0	0	0	0	0	0
ASV.1296	0	0	0	0	0	0	0	15	0	0	0	0	0	0
ASV.1300	0	0	0	0	0	0	0	15	0	0	0	0	0	0
ASV.1301	0	0	0	0	0	0	0	15	0	0	0	0	0	0
ASV.1303	0	0	0	0	0	0	0	0	15	0	0	0	0	0
ASV.1307	0	0	0	0	0	0	0	0	0	15	0	0	0	0
ASV.1312	0	0	0	0	0	0	0	0	0	0	0	0	0	15
ASV.1316	4	0	0	0	0	0	0	0	7	0	3	0	0	0
ASV.1318	8	0	0	0	0	0	0	0	3	0	3	0	0	0
ASV.1319	0	5	0	9	0	0	0	0	0	0	0	0	0	0
ASV.1320	0	14	0	0	0	0	0	0	0	0	0	0	0	0
ASV.1321	0	14	0	0	0	0	0	0	0	0	0	0	0	0
ASV.1338	0	0	0	0	0	14	0	0	0	0	0	0	0	0
ASV.1340	0	0	0	0	0	14	0	0	0	0	0	0	0	0
ASV.1345	0	0	0	0	0	0	0	14	0	0	0	0	0	0
ASV.1347	0	0	0	0	0	0	0	14	0	0	0	0	0	0
ASV.1355	0	0	0	0	0	0	0	0	0	0	0	14	0	0
ASV.1358	0	0	0	0	0	0	0	0	0	0	0	0	0	14
ASV.1360	0	0	0	0	0	0	0	0	0	0	0	0	0	14
ASV.1368	2	0	0	0	0	0	0	0	11	0	0	0	0	0
ASV.1378	0	0	0	0	0	13	0	0	0	0	0	0	0	0
ASV.1379	0	0	0	0	0	13	0	0	0	0	0	0	0	0
ASV.1386	0	0	0	0	0	13	0	0	0	0	0	0	0	0
ASV.1391	0	0	0	0	0	13	0	0	0	0	0	0	0	0
ASV.1392	0	0	0	0	0	13	0	0	0	0	0	0	0	0
ASV.1394	0	0	0	0	0	0	13	0	0	0	0	0	0	0
ASV.1395	0	0	0	0	0	0	13	0	0	0	0	0	0	0
ASV.1396	0	0	0	0	0	0	3	10	0	0	0	0	0	0
ASV.1404	0	0	0	0	0	0	0	13	0	0	0	0	0	0
ASV.1405	0	0	0	0	0	0	0	13	0	0	0	0	0	0
ASV.1410	0	0	0	0	0	0	0	13	0	0	0	0	0	0
ASV.1411	0	0	0	0	0	0	0	13	0	0	0	0	0	0
ASV.1414	0	0	0	0	0	0	0	0	13	0	0	0	0	0
ASV.1415	0	0	0	0	0	0	0	0	13	0	0	0	0	0
ASV.1418	0	0	0	0	0	0	0	0	13	0	0	0	0	0
ASV.1419	0	0	0	0	0	0	0	0	13	0	0	0	0	0
ASV.1420	0	0	0	0	0	0	0	0	0	13	0	0	0	0
ASV.1428	0	0	0	0	0	0	0	0	0	0	0	0	0	13
ASV.1429	0	0	0	0	0	0	0	0	0	0	0	0	0	13
ASV.1430	0	0	0	0	0	0	0	0	0	0	0	0	0	13
ASV.1435	0	0	0	0	0	0	0	0	0	0	0	0	0	13
ASV.1439	12	0	0	0	0	0	0	0	0	0	0	0	0	0
ASV.1463	0	0	0	0	0	12	0	0	0	0	0	0	0	0
ASV.1469	0	0	0	0	0	12	0	0	0	0	0	0	0	0
ASV.1482	0	0	0	0	0	0	0	12	0	0	0	0	0	0
ASV.1484	0	0	0	0	0	0	0	12	0	0	0	0	0	0
ASV.1485	0	0	0	0	0	0	0	0	12	0	0	0	0	0
ASV.1486	0	0	0	0	0	0	0	0	12	0	0	0	0	0
ASV.1487	0	0	0	0	0	0	0	0	12	0	0	0	0	0
ASV.1491	0	0	0	0	0	0	0	0	0	12	0	0	0	0
ASV.1492	0	0	0	0	0	0	0	0	0	12	0	0	0	0
ASV.1494	0	0	0	0	0	0	0	0	0	12	0	0	0	0
ASV.1497	0	0	0	0	0	0	0	0	0	12	0	0	0	0
ASV.1498	0	0	0	0	0	0	0	0	0	12	0	0	0	0
ASV.1508	5	2	0	0	0	0	0	0	4	0	0	0	0	0
ASV.1509	11	0	0	0	0	0	0	0	0	0	0	0	0	0
ASV.1511	6	0	0	0	0	0	0	0	0	0	5	0	0	0
ASV.1514	0	11	0	0	0	0	0	0	0	0	0	0	0	0
ASV.1515	0	11	0	0	0	0	0	0	0	0	0	0	0	0
ASV.1536	0	0	0	0	0	11	0	0	0	0	0	0	0	0
ASV.1537	0	0	0	0	0	5	0	0	0	6	0	0	0	0
ASV.1538	0	0	0	0	0	11	0	0	0	0	0	0	0	0
ASV.1541	0	0	0	0	0	0	11	0	0	0	0	0	0	0
ASV.1550	0	0	0	0	0	0	0	11	0	0	0	0	0	0
ASV.1551	0	0	0	0	0	0	0	11	0	0	0	0	0	0
ASV.1554	0	0	0	0	0	0	0	0	8	0	3	0	0	0
ASV.1555	0	0	0	0	0	0	0	0	0	11	0	0	0	0
ASV.1556	0	0	0	0	0	0	0	0	0	11	0	0	0	0
ASV.1557	0	0	0	0	0	0	0	0	0	11	0	0	0	0
ASV.1567	0	0	0	0	0	0	0	0	0	0	0	0	0	11
ASV.1569	0	0	0	0	0	0	0	0	0	0	0	0	0	11
ASV.1572	0	0	0	0	0	0	0	0	0	0	0	0	0	11
ASV.1574	0	0	0	0	0	0	0	0	0	0	0	0	0	11
ASV.1576	10	0	0	0	0	0	0	0	0	0	0	0	0	0
ASV.1577	10	0	0	0	0	0	0	0	0	0	0	0	0	0
ASV.1605	0	0	0	0	0	10	0	0	0	0	0	0	0	0
ASV.1607	0	0	0	0	0	10	0	0	0	0	0	0	0	0
ASV.1608	0	0	0	0	0	10	0	0	0	0	0	0	0	0
ASV.1609	0	0	0	0	0	10	0	0	0	0	0	0	0	0
ASV.1613	0	0	0	0	0	0	0	10	0	0	0	0	0	0
ASV.1624	0	0	0	0	0	0	0	10	0	0	0	0	0	0
ASV.1626	0	0	0	0	0	0	0	10	0	0	0	0	0	0
ASV.1628	0	0	0	0	0	0	0	0	10	0	0	0	0	0
ASV.1629	0	0	0	0	0	0	0	0	10	0	0	0	0	0
ASV.1631	0	0	0	0	0	0	0	0	10	0	0	0	0	0
ASV.1635	0	0	0	0	0	0	0	0	0	10	0	0	0	0
ASV.1639	0	0	0	0	0	0	0	0	0	10	0	0	0	0
ASV.1640	0	0	0	0	0	0	0	0	0	10	0	0	0	0
ASV.1641	0	0	0	0	0	0	0	0	0	0	10	0	0	0
ASV.1642	0	0	0	0	0	0	0	0	0	0	10	0	0	0
ASV.1657	9	0	0	0	0	0	0	0	0	0	0	0	0	0
ASV.1664	6	0	0	0	0	0	0	0	3	0	0	0	0	0
ASV.1665	9	0	0	0	0	0	0	0	0	0	0	0	0	0
ASV.1666	2	0	0	0	0	0	0	0	7	0	0	0	0	0
ASV.1667	9	0	0	0	0	0	0	0	0	0	0	0	0	0
ASV.1671	0	9	0	0	0	0	0	0	0	0	0	0	0	0
ASV.1679	0	0	0	3	0	0	0	0	6	0	0	0	0	0
ASV.1694	0	0	0	0	0	9	0	0	0	0	0	0	0	0
ASV.1702	0	0	0	0	0	0	0	9	0	0	0	0	0	0
ASV.1705	0	0	0	0	0	0	0	9	0	0	0	0	0	0
ASV.1713	0	0	0	0	0	0	0	9	0	0	0	0	0	0
ASV.1717	0	0	0	0	0	0	0	0	6	0	3	0	0	0
ASV.1718	0	0	0	0	0	0	0	0	9	0	0	0	0	0
ASV.1719	0	0	0	0	0	0	0	0	9	0	0	0	0	0
ASV.1720	0	0	0	0	0	0	0	0	9	0	0	0	0	0
ASV.1721	0	0	0	0	0	0	0	0	9	0	0	0	0	0
ASV.1722	0	0	0	0	0	0	0	0	4	0	5	0	0	0
ASV.1723	0	0	0	0	0	0	0	0	0	5	0	4	0	0
ASV.1724	0	0	0	0	0	0	0	0	0	9	0	0	0	0
ASV.1725	0	0	0	0	0	0	0	0	0	9	0	0	0	0
ASV.1726	0	0	0	0	0	0	0	0	0	9	0	0	0	0
ASV.1727	0	0	0	0	0	0	0	0	0	9	0	0	0	0
ASV.1733	0	0	0	0	0	0	0	0	0	9	0	0	0	0
ASV.1734	0	0	0	0	0	0	0	0	0	9	0	0	0	0
ASV.1735	0	0	0	0	0	0	0	0	0	0	9	0	0	0
ASV.1739	0	0	0	0	0	0	0	0	0	0	0	0	0	9
ASV.1745	8	0	0	0	0	0	0	0	0	0	0	0	0	0
ASV.1746	8	0	0	0	0	0	0	0	0	0	0	0	0	0
ASV.1747	8	0	0	0	0	0	0	0	0	0	0	0	0	0
ASV.1752	8	0	0	0	0	0	0	0	0	0	0	0	0	0
ASV.1753	8	0	0	0	0	0	0	0	0	0	0	0	0	0
ASV.1754	6	0	0	0	0	0	0	0	2	0	0	0	0	0
ASV.1755	0	8	0	0	0	0	0	0	0	0	0	0	0	0
ASV.1758	0	8	0	0	0	0	0	0	0	0	0	0	0	0
ASV.1760	0	6	0	0	0	0	0	0	0	2	0	0	0	0
ASV.1766	0	0	0	8	0	0	0	0	0	0	0	0	0	0
ASV.1771	0	0	0	8	0	0	0	0	0	0	0	0	0	0
ASV.1783	0	0	0	0	0	8	0	0	0	0	0	0	0	0
ASV.1786	0	0	0	0	0	8	0	0	0	0	0	0	0	0
ASV.1788	0	0	0	0	0	8	0	0	0	0	0	0	0	0
ASV.1795	0	0	0	0	0	0	0	8	0	0	0	0	0	0
ASV.1801	0	0	0	0	0	0	0	8	0	0	0	0	0	0
ASV.1802	0	0	0	0	0	0	0	8	0	0	0	0	0	0
ASV.1810	0	0	0	0	0	0	0	8	0	0	0	0	0	0
ASV.1812	0	0	0	0	0	0	0	8	0	0	0	0	0	0
ASV.1813	0	0	0	0	0	0	0	0	8	0	0	0	0	0
ASV.1814	0	0	0	0	0	0	0	0	8	0	0	0	0	0
ASV.1815	0	0	0	0	0	0	0	0	8	0	0	0	0	0
ASV.1816	0	0	0	0	0	0	0	0	8	0	0	0	0	0
ASV.1817	0	0	0	0	0	0	0	0	8	0	0	0	0	0
ASV.1818	0	0	0	0	0	0	0	0	8	0	0	0	0	0
ASV.1819	0	0	0	0	0	0	0	0	8	0	0	0	0	0
ASV.1820	0	0	0	0	0	0	0	0	0	8	0	0	0	0
ASV.1821	0	0	0	0	0	0	0	0	0	8	0	0	0	0
ASV.1823	0	0	0	0	0	0	0	0	0	8	0	0	0	0
ASV.1824	0	0	0	0	0	0	0	0	0	8	0	0	0	0
ASV.1826	0	0	0	0	0	0	0	0	0	8	0	0	0	0
ASV.1830	0	0	0	0	0	0	0	0	0	0	8	0	0	0
ASV.1845	7	0	0	0	0	0	0	0	0	0	0	0	0	0
ASV.1846	7	0	0	0	0	0	0	0	0	0	0	0	0	0
ASV.1847	7	0	0	0	0	0	0	0	0	0	0	0	0	0
ASV.1849	7	0	0	0	0	0	0	0	0	0	0	0	0	0
ASV.1850	7	0	0	0	0	0	0	0	0	0	0	0	0	0
ASV.1851	7	0	0	0	0	0	0	0	0	0	0	0	0	0
ASV.1852	7	0	0	0	0	0	0	0	0	0	0	0	0	0
ASV.1858	0	0	0	7	0	0	0	0	0	0	0	0	0	0
ASV.1891	0	0	0	0	0	7	0	0	0	0	0	0	0	0
ASV.1893	0	0	0	0	0	7	0	0	0	0	0	0	0	0
ASV.1899	0	0	0	0	0	0	0	7	0	0	0	0	0	0
ASV.1901	0	0	0	0	0	0	0	7	0	0	0	0	0	0
ASV.1902	0	0	0	0	0	0	0	7	0	0	0	0	0	0
ASV.1916	0	0	0	0	0	0	0	7	0	0	0	0	0	0
ASV.1917	0	0	0	0	0	0	0	0	7	0	0	0	0	0
ASV.1918	0	0	0	0	0	0	0	0	7	0	0	0	0	0
ASV.1919	0	0	0	0	0	0	0	0	7	0	0	0	0	0
ASV.1920	0	0	0	0	0	0	0	0	7	0	0	0	0	0
ASV.1921	0	0	0	0	0	0	0	0	5	0	2	0	0	0
ASV.1922	0	0	0	0	0	0	0	0	7	0	0	0	0	0
ASV.1923	0	0	0	0	0	0	0	0	0	7	0	0	0	0
ASV.1925	0	0	0	0	0	0	0	0	0	7	0	0	0	0
ASV.1926	0	0	0	0	0	0	0	0	0	7	0	0	0	0
ASV.1927	0	0	0	0	0	0	0	0	0	7	0	0	0	0
ASV.1928	0	0	0	0	0	0	0	0	0	7	0	0	0	0
ASV.1931	0	0	0	0	0	0	0	0	0	7	0	0	0	0
ASV.1932	0	0	0	0	0	0	0	0	0	7	0	0	0	0
ASV.1933	0	0	0	0	0	0	0	0	0	7	0	0	0	0
ASV.1934	0	0	0	0	0	0	0	0	0	0	7	0	0	0
ASV.1937	0	0	0	0	0	0	0	0	0	0	0	7	0	0
ASV.1947	0	0	0	0	0	0	0	0	0	0	0	0	0	7
ASV.1949	0	0	0	0	0	0	0	0	0	0	0	0	0	7
ASV.1953	0	0	0	0	0	0	0	0	0	0	0	0	0	7
ASV.1955	6	0	0	0	0	0	0	0	0	0	0	0	0	0
ASV.1956	6	0	0	0	0	0	0	0	0	0	0	0	0	0
ASV.1957	6	0	0	0	0	0	0	0	0	0	0	0	0	0
ASV.1958	6	0	0	0	0	0	0	0	0	0	0	0	0	0
ASV.1959	6	0	0	0	0	0	0	0	0	0	0	0	0	0
ASV.1960	6	0	0	0	0	0	0	0	0	0	0	0	0	0
ASV.1961	6	0	0	0	0	0	0	0	0	0	0	0	0	0
ASV.1962	6	0	0	0	0	0	0	0	0	0	0	0	0	0
ASV.1967	6	0	0	0	0	0	0	0	0	0	0	0	0	0
ASV.1968	6	0	0	0	0	0	0	0	0	0	0	0	0	0
ASV.1969	0	6	0	0	0	0	0	0	0	0	0	0	0	0
ASV.1974	0	0	0	6	0	0	0	0	0	0	0	0	0	0
ASV.1975	0	0	0	6	0	0	0	0	0	0	0	0	0	0
ASV.1990	0	0	0	0	0	6	0	0	0	0	0	0	0	0
ASV.2004	0	0	0	0	0	6	0	0	0	0	0	0	0	0
ASV.2006	0	0	0	0	0	6	0	0	0	0	0	0	0	0
ASV.2007	0	0	0	0	0	6	0	0	0	0	0	0	0	0
ASV.2009	0	0	0	0	0	6	0	0	0	0	0	0	0	0
ASV.2010	0	0	0	0	0	6	0	0	0	0	0	0	0	0
ASV.2012	0	0	0	0	0	0	6	0	0	0	0	0	0	0
ASV.2017	0	0	0	0	0	0	0	6	0	0	0	0	0	0
ASV.2022	0	0	0	0	0	0	0	6	0	0	0	0	0	0
ASV.2024	0	0	0	0	0	0	0	6	0	0	0	0	0	0
ASV.2038	0	0	0	0	0	0	0	6	0	0	0	0	0	0
ASV.2044	0	0	0	0	0	0	0	0	6	0	0	0	0	0
ASV.2045	0	0	0	0	0	0	0	0	6	0	0	0	0	0
ASV.2046	0	0	0	0	0	0	0	0	6	0	0	0	0	0
ASV.2047	0	0	0	0	0	0	0	0	6	0	0	0	0	0
ASV.2048	0	0	0	0	0	0	0	0	6	0	0	0	0	0
ASV.2049	0	0	0	0	0	0	0	0	6	0	0	0	0	0
ASV.2050	0	0	0	0	0	0	0	0	6	0	0	0	0	0
ASV.2051	0	0	0	0	0	0	0	0	6	0	0	0	0	0
ASV.2052	0	0	0	0	0	0	0	0	6	0	0	0	0	0
ASV.2057	0	0	0	0	0	0	0	0	6	0	0	0	0	0
ASV.2058	0	0	0	0	0	0	0	0	6	0	0	0	0	0
ASV.2059	0	0	0	0	0	0	0	0	6	0	0	0	0	0
ASV.2060	0	0	0	0	0	0	0	0	4	0	2	0	0	0
ASV.2061	0	0	0	0	0	0	0	0	6	0	0	0	0	0
ASV.2062	0	0	0	0	0	0	0	0	6	0	0	0	0	0
ASV.2063	0	0	0	0	0	0	0	0	6	0	0	0	0	0
ASV.2064	0	0	0	0	0	0	0	0	6	0	0	0	0	0
ASV.2065	0	0	0	0	0	0	0	0	6	0	0	0	0	0
ASV.2066	0	0	0	0	0	0	0	0	6	0	0	0	0	0
ASV.2067	0	0	0	0	0	0	0	0	6	0	0	0	0	0
ASV.2075	0	0	0	0	0	0	0	0	0	6	0	0	0	0
ASV.2084	0	0	0	0	0	0	0	0	0	0	0	6	0	0
ASV.2085	0	0	0	0	0	0	0	0	0	0	0	0	0	6
ASV.2097	0	0	0	0	0	0	0	0	0	0	0	0	0	6
ASV.2101	0	0	0	0	0	0	0	0	0	0	0	0	0	6
ASV.2104	5	0	0	0	0	0	0	0	0	0	0	0	0	0
ASV.2105	5	0	0	0	0	0	0	0	0	0	0	0	0	0
ASV.2106	5	0	0	0	0	0	0	0	0	0	0	0	0	0
ASV.2107	5	0	0	0	0	0	0	0	0	0	0	0	0	0
ASV.2109	5	0	0	0	0	0	0	0	0	0	0	0	0	0
ASV.2110	5	0	0	0	0	0	0	0	0	0	0	0	0	0
ASV.2111	5	0	0	0	0	0	0	0	0	0	0	0	0	0
ASV.2112	5	0	0	0	0	0	0	0	0	0	0	0	0	0
ASV.2113	5	0	0	0	0	0	0	0	0	0	0	0	0	0
ASV.2114	5	0	0	0	0	0	0	0	0	0	0	0	0	0
ASV.2115	0	5	0	0	0	0	0	0	0	0	0	0	0	0
ASV.2116	0	5	0	0	0	0	0	0	0	0	0	0	0	0
ASV.2117	0	5	0	0	0	0	0	0	0	0	0	0	0	0
ASV.2118	0	5	0	0	0	0	0	0	0	0	0	0	0	0
ASV.2119	0	5	0	0	0	0	0	0	0	0	0	0	0	0
ASV.2141	0	0	0	5	0	0	0	0	0	0	0	0	0	0
ASV.2145	0	0	0	0	0	5	0	0	0	0	0	0	0	0
ASV.2146	0	0	0	0	0	5	0	0	0	0	0	0	0	0
ASV.2153	0	0	0	0	0	5	0	0	0	0	0	0	0	0
ASV.2154	0	0	0	0	0	5	0	0	0	0	0	0	0	0
ASV.2169	0	0	0	0	0	5	0	0	0	0	0	0	0	0
ASV.2170	0	0	0	0	0	5	0	0	0	0	0	0	0	0
ASV.2175	0	0	0	0	0	0	0	5	0	0	0	0	0	0
ASV.2180	0	0	0	0	0	0	0	5	0	0	0	0	0	0
ASV.2182	0	0	0	0	0	0	0	5	0	0	0	0	0	0
ASV.2194	0	0	0	0	0	0	0	5	0	0	0	0	0	0
ASV.2202	0	0	0	0	0	0	0	5	0	0	0	0	0	0
ASV.2204	0	0	0	0	0	0	0	5	0	0	0	0	0	0
ASV.2207	0	0	0	0	0	0	0	5	0	0	0	0	0	0
ASV.2210	0	0	0	0	0	0	0	0	5	0	0	0	0	0
ASV.2211	0	0	0	0	0	0	0	0	5	0	0	0	0	0
ASV.2212	0	0	0	0	0	0	0	0	5	0	0	0	0	0
ASV.2213	0	0	0	0	0	0	0	0	5	0	0	0	0	0
ASV.2214	0	0	0	0	0	0	0	0	5	0	0	0	0	0
ASV.2215	0	0	0	0	0	0	0	0	5	0	0	0	0	0
ASV.2216	0	0	0	0	0	0	0	0	5	0	0	0	0	0
ASV.2217	0	0	0	0	0	0	0	0	5	0	0	0	0	0
ASV.2218	0	0	0	0	0	0	0	0	5	0	0	0	0	0
ASV.2219	0	0	0	0	0	0	0	0	5	0	0	0	0	0
ASV.2220	0	0	0	0	0	0	0	0	2	0	3	0	0	0
ASV.2221	0	0	0	0	0	0	0	0	5	0	0	0	0	0
ASV.2222	0	0	0	0	0	0	0	0	5	0	0	0	0	0
ASV.2223	0	0	0	0	0	0	0	0	5	0	0	0	0	0
ASV.2224	0	0	0	0	0	0	0	0	5	0	0	0	0	0
ASV.2225	0	0	0	0	0	0	0	0	5	0	0	0	0	0
ASV.2226	0	0	0	0	0	0	0	0	5	0	0	0	0	0
ASV.2227	0	0	0	0	0	0	0	0	5	0	0	0	0	0
ASV.2231	0	0	0	0	0	0	0	0	5	0	0	0	0	0
ASV.2232	0	0	0	0	0	0	0	0	5	0	0	0	0	0
ASV.2233	0	0	0	0	0	0	0	0	5	0	0	0	0	0
ASV.2234	0	0	0	0	0	0	0	0	5	0	0	0	0	0
ASV.2235	0	0	0	0	0	0	0	0	5	0	0	0	0	0
ASV.2236	0	0	0	0	0	0	0	0	5	0	0	0	0	0
ASV.2237	0	0	0	0	0	0	0	0	5	0	0	0	0	0
ASV.2238	0	0	0	0	0	0	0	0	5	0	0	0	0	0
ASV.2239	0	0	0	0	0	0	0	0	5	0	0	0	0	0
ASV.2240	0	0	0	0	0	0	0	0	5	0	0	0	0	0
ASV.2241	0	0	0	0	0	0	0	0	5	0	0	0	0	0
ASV.2242	0	0	0	0	0	0	0	0	5	0	0	0	0	0
ASV.2243	0	0	0	0	0	0	0	0	5	0	0	0	0	0
ASV.2244	0	0	0	0	0	0	0	0	5	0	0	0	0	0
ASV.2245	0	0	0	0	0	0	0	0	5	0	0	0	0	0
ASV.2246	0	0	0	0	0	0	0	0	5	0	0	0	0	0
ASV.2254	0	0	0	0	0	0	0	0	0	5	0	0	0	0
ASV.2258	0	0	0	0	0	0	0	0	0	5	0	0	0	0
ASV.2259	0	0	0	0	0	0	0	0	0	5	0	0	0	0
ASV.2262	0	0	0	0	0	0	0	0	0	5	0	0	0	0
ASV.2263	0	0	0	0	0	0	0	0	0	0	5	0	0	0
ASV.2264	0	0	0	0	0	0	0	0	0	0	5	0	0	0
ASV.2265	0	0	0	0	0	0	0	0	0	0	5	0	0	0
ASV.2275	0	0	0	0	0	0	0	0	0	0	0	0	0	5
ASV.2281	0	0	0	0	0	0	0	0	0	0	0	0	0	5
ASV.2288	0	0	0	0	0	0	0	0	0	0	0	0	0	5
ASV.2289	0	0	0	0	0	0	0	0	0	0	0	0	0	5
ASV.2291	0	0	0	0	0	0	0	0	0	0	0	0	0	5
ASV.2292	0	0	0	0	0	0	0	0	0	0	0	0	0	5
ASV.2294	4	0	0	0	0	0	0	0	0	0	0	0	0	0
ASV.2295	4	0	0	0	0	0	0	0	0	0	0	0	0	0
ASV.2296	4	0	0	0	0	0	0	0	0	0	0	0	0	0
ASV.2297	4	0	0	0	0	0	0	0	0	0	0	0	0	0
ASV.2298	4	0	0	0	0	0	0	0	0	0	0	0	0	0
ASV.2299	4	0	0	0	0	0	0	0	0	0	0	0	0	0
ASV.2300	4	0	0	0	0	0	0	0	0	0	0	0	0	0
ASV.2301	4	0	0	0	0	0	0	0	0	0	0	0	0	0
ASV.2302	4	0	0	0	0	0	0	0	0	0	0	0	0	0
ASV.2306	4	0	0	0	0	0	0	0	0	0	0	0	0	0
ASV.2307	4	0	0	0	0	0	0	0	0	0	0	0	0	0
ASV.2308	2	0	0	0	0	0	0	0	2	0	0	0	0	0
ASV.2309	4	0	0	0	0	0	0	0	0	0	0	0	0	0
ASV.2310	4	0	0	0	0	0	0	0	0	0	0	0	0	0
ASV.2311	4	0	0	0	0	0	0	0	0	0	0	0	0	0
ASV.2312	0	4	0	0	0	0	0	0	0	0	0	0	0	0
ASV.2316	0	4	0	0	0	0	0	0	0	0	0	0	0	0
ASV.2318	0	2	0	0	0	0	0	0	0	0	0	2	0	0
ASV.2320	0	4	0	0	0	0	0	0	0	0	0	0	0	0
ASV.2321	0	4	0	0	0	0	0	0	0	0	0	0	0	0
ASV.2343	0	0	0	4	0	0	0	0	0	0	0	0	0	0
ASV.2344	0	0	0	4	0	0	0	0	0	0	0	0	0	0
ASV.2347	0	0	0	4	0	0	0	0	0	0	0	0	0	0
ASV.2353	0	0	0	4	0	0	0	0	0	0	0	0	0	0
ASV.2356	0	0	0	0	4	0	0	0	0	0	0	0	0	0
ASV.2357	0	0	0	0	0	4	0	0	0	0	0	0	0	0
ASV.2359	0	0	0	0	0	4	0	0	0	0	0	0	0	0
ASV.2360	0	0	0	0	0	4	0	0	0	0	0	0	0	0
ASV.2375	0	0	0	0	0	4	0	0	0	0	0	0	0	0
ASV.2376	0	0	0	0	0	4	0	0	0	0	0	0	0	0
ASV.2377	0	0	0	0	0	4	0	0	0	0	0	0	0	0
ASV.2385	0	0	0	0	0	4	0	0	0	0	0	0	0	0
ASV.2386	0	0	0	0	0	4	0	0	0	0	0	0	0	0
ASV.2387	0	0	0	0	0	4	0	0	0	0	0	0	0	0
ASV.2390	0	0	0	0	0	4	0	0	0	0	0	0	0	0
ASV.2391	0	0	0	0	0	4	0	0	0	0	0	0	0	0
ASV.2393	0	0	0	0	0	4	0	0	0	0	0	0	0	0
ASV.2394	0	0	0	0	0	4	0	0	0	0	0	0	0	0
ASV.2395	0	0	0	0	0	4	0	0	0	0	0	0	0	0
ASV.2400	0	0	0	0	0	0	0	4	0	0	0	0	0	0
ASV.2409	0	0	0	0	0	0	0	4	0	0	0	0	0	0
ASV.2412	0	0	0	0	0	0	0	4	0	0	0	0	0	0
ASV.2414	0	0	0	0	0	0	0	4	0	0	0	0	0	0
ASV.2428	0	0	0	0	0	0	0	4	0	0	0	0	0	0
ASV.2438	0	0	0	0	0	0	0	4	0	0	0	0	0	0
ASV.2440	0	0	0	0	0	0	0	4	0	0	0	0	0	0
ASV.2445	0	0	0	0	0	0	0	4	0	0	0	0	0	0
ASV.2448	0	0	0	0	0	0	0	4	0	0	0	0	0	0
ASV.2449	0	0	0	0	0	0	0	0	4	0	0	0	0	0
ASV.2450	0	0	0	0	0	0	0	0	4	0	0	0	0	0
ASV.2451	0	0	0	0	0	0	0	0	4	0	0	0	0	0
ASV.2452	0	0	0	0	0	0	0	0	4	0	0	0	0	0
ASV.2453	0	0	0	0	0	0	0	0	4	0	0	0	0	0
ASV.2454	0	0	0	0	0	0	0	0	4	0	0	0	0	0
ASV.2455	0	0	0	0	0	0	0	0	4	0	0	0	0	0
ASV.2456	0	0	0	0	0	0	0	0	4	0	0	0	0	0
ASV.2457	0	0	0	0	0	0	0	0	4	0	0	0	0	0
ASV.2458	0	0	0	0	0	0	0	0	4	0	0	0	0	0
ASV.2459	0	0	0	0	0	0	0	0	4	0	0	0	0	0
ASV.2460	0	0	0	0	0	0	0	0	4	0	0	0	0	0
ASV.2461	0	0	0	0	0	0	0	0	4	0	0	0	0	0
ASV.2462	0	0	0	0	0	0	0	0	4	0	0	0	0	0
ASV.2463	0	0	0	0	0	0	0	0	4	0	0	0	0	0
ASV.2464	0	0	0	0	0	0	0	0	4	0	0	0	0	0
ASV.2467	0	0	0	0	0	0	0	0	4	0	0	0	0	0
ASV.2468	0	0	0	0	0	0	0	0	4	0	0	0	0	0
ASV.2469	0	0	0	0	0	0	0	0	4	0	0	0	0	0
ASV.2470	0	0	0	0	0	0	0	0	4	0	0	0	0	0
ASV.2471	0	0	0	0	0	0	0	0	4	0	0	0	0	0
ASV.2472	0	0	0	0	0	0	0	0	4	0	0	0	0	0
ASV.2473	0	0	0	0	0	0	0	0	4	0	0	0	0	0
ASV.2474	0	0	0	0	0	0	0	0	4	0	0	0	0	0
ASV.2475	0	0	0	0	0	0	0	0	4	0	0	0	0	0
ASV.2476	0	0	0	0	0	0	0	0	4	0	0	0	0	0
ASV.2477	0	0	0	0	0	0	0	0	4	0	0	0	0	0
ASV.2478	0	0	0	0	0	0	0	0	4	0	0	0	0	0
ASV.2479	0	0	0	0	0	0	0	0	4	0	0	0	0	0
ASV.2480	0	0	0	0	0	0	0	0	4	0	0	0	0	0
ASV.2481	0	0	0	0	0	0	0	0	4	0	0	0	0	0
ASV.2482	0	0	0	0	0	0	0	0	4	0	0	0	0	0
ASV.2483	0	0	0	0	0	0	0	0	4	0	0	0	0	0
ASV.2484	0	0	0	0	0	0	0	0	4	0	0	0	0	0
ASV.2485	0	0	0	0	0	0	0	0	4	0	0	0	0	0
ASV.2486	0	0	0	0	0	0	0	0	4	0	0	0	0	0
ASV.2487	0	0	0	0	0	0	0	0	4	0	0	0	0	0
ASV.2488	0	0	0	0	0	0	0	0	4	0	0	0	0	0
ASV.2489	0	0	0	0	0	0	0	0	0	4	0	0	0	0
ASV.2499	0	0	0	0	0	0	0	0	0	4	0	0	0	0
ASV.2507	0	0	0	0	0	0	0	0	0	4	0	0	0	0
ASV.2508	0	0	0	0	0	0	0	0	0	0	4	0	0	0
ASV.2512	0	0	0	0	0	0	0	0	0	0	4	0	0	0
ASV.2513	0	0	0	0	0	0	0	0	0	0	4	0	0	0
ASV.2514	0	0	0	0	0	0	0	0	0	0	4	0	0	0
ASV.2521	0	0	0	0	0	0	0	0	0	0	0	0	4	0
ASV.2523	0	0	0	0	0	0	0	0	0	0	0	0	0	4
ASV.2524	0	0	0	0	0	0	0	0	0	0	0	0	0	4
ASV.2528	0	0	0	0	0	0	0	0	0	0	0	0	0	4
ASV.2538	0	0	0	0	0	0	0	0	0	0	0	0	0	4
ASV.2543	3	0	0	0	0	0	0	0	0	0	0	0	0	0
ASV.2544	3	0	0	0	0	0	0	0	0	0	0	0	0	0
ASV.2545	3	0	0	0	0	0	0	0	0	0	0	0	0	0
ASV.2546	3	0	0	0	0	0	0	0	0	0	0	0	0	0
ASV.2548	3	0	0	0	0	0	0	0	0	0	0	0	0	0
ASV.2549	3	0	0	0	0	0	0	0	0	0	0	0	0	0
ASV.2550	3	0	0	0	0	0	0	0	0	0	0	0	0	0
ASV.2551	3	0	0	0	0	0	0	0	0	0	0	0	0	0
ASV.2552	3	0	0	0	0	0	0	0	0	0	0	0	0	0
ASV.2553	3	0	0	0	0	0	0	0	0	0	0	0	0	0
ASV.2554	3	0	0	0	0	0	0	0	0	0	0	0	0	0
ASV.2555	3	0	0	0	0	0	0	0	0	0	0	0	0	0
ASV.2556	3	0	0	0	0	0	0	0	0	0	0	0	0	0
ASV.2557	3	0	0	0	0	0	0	0	0	0	0	0	0	0
ASV.2558	3	0	0	0	0	0	0	0	0	0	0	0	0	0
ASV.2559	3	0	0	0	0	0	0	0	0	0	0	0	0	0
ASV.2560	3	0	0	0	0	0	0	0	0	0	0	0	0	0
ASV.2561	3	0	0	0	0	0	0	0	0	0	0	0	0	0
ASV.2562	3	0	0	0	0	0	0	0	0	0	0	0	0	0
ASV.2563	3	0	0	0	0	0	0	0	0	0	0	0	0	0
ASV.2564	3	0	0	0	0	0	0	0	0	0	0	0	0	0
ASV.2565	3	0	0	0	0	0	0	0	0	0	0	0	0	0
ASV.2566	3	0	0	0	0	0	0	0	0	0	0	0	0	0
ASV.2567	3	0	0	0	0	0	0	0	0	0	0	0	0	0
ASV.2568	3	0	0	0	0	0	0	0	0	0	0	0	0	0
ASV.2569	3	0	0	0	0	0	0	0	0	0	0	0	0	0
ASV.2570	3	0	0	0	0	0	0	0	0	0	0	0	0	0
ASV.2571	3	0	0	0	0	0	0	0	0	0	0	0	0	0
ASV.2572	3	0	0	0	0	0	0	0	0	0	0	0	0	0
ASV.2573	3	0	0	0	0	0	0	0	0	0	0	0	0	0
ASV.2574	3	0	0	0	0	0	0	0	0	0	0	0	0	0
ASV.2575	3	0	0	0	0	0	0	0	0	0	0	0	0	0
ASV.2576	3	0	0	0	0	0	0	0	0	0	0	0	0	0
ASV.2577	3	0	0	0	0	0	0	0	0	0	0	0	0	0
ASV.2578	3	0	0	0	0	0	0	0	0	0	0	0	0	0
ASV.2579	3	0	0	0	0	0	0	0	0	0	0	0	0	0
ASV.2580	3	0	0	0	0	0	0	0	0	0	0	0	0	0
ASV.2581	3	0	0	0	0	0	0	0	0	0	0	0	0	0
ASV.2584	3	0	0	0	0	0	0	0	0	0	0	0	0	0
ASV.2587	3	0	0	0	0	0	0	0	0	0	0	0	0	0
ASV.2588	3	0	0	0	0	0	0	0	0	0	0	0	0	0
ASV.2589	3	0	0	0	0	0	0	0	0	0	0	0	0	0
ASV.2590	3	0	0	0	0	0	0	0	0	0	0	0	0	0
ASV.2591	3	0	0	0	0	0	0	0	0	0	0	0	0	0
ASV.2592	3	0	0	0	0	0	0	0	0	0	0	0	0	0
ASV.2593	3	0	0	0	0	0	0	0	0	0	0	0	0	0
ASV.2594	3	0	0	0	0	0	0	0	0	0	0	0	0	0
ASV.2595	3	0	0	0	0	0	0	0	0	0	0	0	0	0
ASV.2596	3	0	0	0	0	0	0	0	0	0	0	0	0	0
ASV.2597	3	0	0	0	0	0	0	0	0	0	0	0	0	0
ASV.2598	3	0	0	0	0	0	0	0	0	0	0	0	0	0
ASV.2599	3	0	0	0	0	0	0	0	0	0	0	0	0	0
ASV.2600	3	0	0	0	0	0	0	0	0	0	0	0	0	0
ASV.2601	3	0	0	0	0	0	0	0	0	0	0	0	0	0
ASV.2602	3	0	0	0	0	0	0	0	0	0	0	0	0	0
ASV.2603	3	0	0	0	0	0	0	0	0	0	0	0	0	0
ASV.2604	3	0	0	0	0	0	0	0	0	0	0	0	0	0
ASV.2605	3	0	0	0	0	0	0	0	0	0	0	0	0	0
ASV.2606	0	3	0	0	0	0	0	0	0	0	0	0	0	0
ASV.2611	0	3	0	0	0	0	0	0	0	0	0	0	0	0
ASV.2612	0	3	0	0	0	0	0	0	0	0	0	0	0	0
ASV.2613	0	3	0	0	0	0	0	0	0	0	0	0	0	0
ASV.2614	0	3	0	0	0	0	0	0	0	0	0	0	0	0
ASV.2615	0	3	0	0	0	0	0	0	0	0	0	0	0	0
ASV.2616	0	3	0	0	0	0	0	0	0	0	0	0	0	0
ASV.2618	0	0	0	3	0	0	0	0	0	0	0	0	0	0
ASV.2619	0	0	0	3	0	0	0	0	0	0	0	0	0	0
ASV.2620	0	0	0	3	0	0	0	0	0	0	0	0	0	0
ASV.2633	0	0	0	3	0	0	0	0	0	0	0	0	0	0
ASV.2642	0	0	0	3	0	0	0	0	0	0	0	0	0	0
ASV.2643	0	0	0	3	0	0	0	0	0	0	0	0	0	0
ASV.2644	0	0	0	3	0	0	0	0	0	0	0	0	0	0
ASV.2649	0	0	0	3	0	0	0	0	0	0	0	0	0	0
ASV.2662	0	0	0	0	0	3	0	0	0	0	0	0	0	0
ASV.2681	0	0	0	0	0	3	0	0	0	0	0	0	0	0
ASV.2691	0	0	0	0	0	3	0	0	0	0	0	0	0	0
ASV.2705	0	0	0	0	0	3	0	0	0	0	0	0	0	0
ASV.2706	0	0	0	0	0	3	0	0	0	0	0	0	0	0
ASV.2707	0	0	0	0	0	3	0	0	0	0	0	0	0	0
ASV.2708	0	0	0	0	0	3	0	0	0	0	0	0	0	0
ASV.2710	0	0	0	0	0	3	0	0	0	0	0	0	0	0
ASV.2711	0	0	0	0	0	3	0	0	0	0	0	0	0	0
ASV.2712	0	0	0	0	0	3	0	0	0	0	0	0	0	0
ASV.2713	0	0	0	0	0	3	0	0	0	0	0	0	0	0
ASV.2714	0	0	0	0	0	3	0	0	0	0	0	0	0	0
ASV.2722	0	0	0	0	0	0	3	0	0	0	0	0	0	0
ASV.2723	0	0	0	0	0	0	0	3	0	0	0	0	0	0
ASV.2740	0	0	0	0	0	0	0	3	0	0	0	0	0	0
ASV.2741	0	0	0	0	0	0	0	3	0	0	0	0	0	0
ASV.2750	0	0	0	0	0	0	0	3	0	0	0	0	0	0
ASV.2769	0	0	0	0	0	0	0	3	0	0	0	0	0	0
ASV.2772	0	0	0	0	0	0	0	3	0	0	0	0	0	0
ASV.2777	0	0	0	0	0	0	0	0	3	0	0	0	0	0
ASV.2778	0	0	0	0	0	0	0	0	3	0	0	0	0	0
ASV.2779	0	0	0	0	0	0	0	0	3	0	0	0	0	0
ASV.2780	0	0	0	0	0	0	0	0	3	0	0	0	0	0
ASV.2781	0	0	0	0	0	0	0	0	3	0	0	0	0	0
ASV.2782	0	0	0	0	0	0	0	0	3	0	0	0	0	0
ASV.2783	0	0	0	0	0	0	0	0	3	0	0	0	0	0
ASV.2784	0	0	0	0	0	0	0	0	3	0	0	0	0	0
ASV.2785	0	0	0	0	0	0	0	0	3	0	0	0	0	0
ASV.2786	0	0	0	0	0	0	0	0	3	0	0	0	0	0
ASV.2787	0	0	0	0	0	0	0	0	3	0	0	0	0	0
ASV.2788	0	0	0	0	0	0	0	0	3	0	0	0	0	0
ASV.2789	0	0	0	0	0	0	0	0	3	0	0	0	0	0
ASV.2790	0	0	0	0	0	0	0	0	3	0	0	0	0	0
ASV.2791	0	0	0	0	0	0	0	0	3	0	0	0	0	0
ASV.2792	0	0	0	0	0	0	0	0	3	0	0	0	0	0
ASV.2793	0	0	0	0	0	0	0	0	3	0	0	0	0	0
ASV.2794	0	0	0	0	0	0	0	0	3	0	0	0	0	0
ASV.2795	0	0	0	0	0	0	0	0	3	0	0	0	0	0
ASV.2796	0	0	0	0	0	0	0	0	3	0	0	0	0	0
ASV.2797	0	0	0	0	0	0	0	0	3	0	0	0	0	0
ASV.2798	0	0	0	0	0	0	0	0	3	0	0	0	0	0
ASV.2799	0	0	0	0	0	0	0	0	3	0	0	0	0	0
ASV.2800	0	0	0	0	0	0	0	0	3	0	0	0	0	0
ASV.2801	0	0	0	0	0	0	0	0	3	0	0	0	0	0
ASV.2802	0	0	0	0	0	0	0	0	3	0	0	0	0	0
ASV.2803	0	0	0	0	0	0	0	0	3	0	0	0	0	0
ASV.2804	0	0	0	0	0	0	0	0	3	0	0	0	0	0
ASV.2805	0	0	0	0	0	0	0	0	3	0	0	0	0	0
ASV.2806	0	0	0	0	0	0	0	0	3	0	0	0	0	0
ASV.2807	0	0	0	0	0	0	0	0	3	0	0	0	0	0
ASV.2808	0	0	0	0	0	0	0	0	3	0	0	0	0	0
ASV.2809	0	0	0	0	0	0	0	0	3	0	0	0	0	0
ASV.2810	0	0	0	0	0	0	0	0	3	0	0	0	0	0
ASV.2811	0	0	0	0	0	0	0	0	3	0	0	0	0	0
ASV.2812	0	0	0	0	0	0	0	0	3	0	0	0	0	0
ASV.2813	0	0	0	0	0	0	0	0	3	0	0	0	0	0
ASV.2814	0	0	0	0	0	0	0	0	3	0	0	0	0	0
ASV.2815	0	0	0	0	0	0	0	0	3	0	0	0	0	0
ASV.2816	0	0	0	0	0	0	0	0	3	0	0	0	0	0
ASV.2817	0	0	0	0	0	0	0	0	3	0	0	0	0	0
ASV.2818	0	0	0	0	0	0	0	0	3	0	0	0	0	0
ASV.2819	0	0	0	0	0	0	0	0	3	0	0	0	0	0
ASV.2826	0	0	0	0	0	0	0	0	3	0	0	0	0	0
ASV.2827	0	0	0	0	0	0	0	0	3	0	0	0	0	0
ASV.2828	0	0	0	0	0	0	0	0	3	0	0	0	0	0
ASV.2829	0	0	0	0	0	0	0	0	3	0	0	0	0	0
ASV.2830	0	0	0	0	0	0	0	0	3	0	0	0	0	0
ASV.2831	0	0	0	0	0	0	0	0	3	0	0	0	0	0
ASV.2832	0	0	0	0	0	0	0	0	3	0	0	0	0	0
ASV.2833	0	0	0	0	0	0	0	0	3	0	0	0	0	0
ASV.2834	0	0	0	0	0	0	0	0	3	0	0	0	0	0
ASV.2835	0	0	0	0	0	0	0	0	3	0	0	0	0	0
ASV.2836	0	0	0	0	0	0	0	0	3	0	0	0	0	0
ASV.2837	0	0	0	0	0	0	0	0	3	0	0	0	0	0
ASV.2838	0	0	0	0	0	0	0	0	3	0	0	0	0	0
ASV.2839	0	0	0	0	0	0	0	0	3	0	0	0	0	0
ASV.2840	0	0	0	0	0	0	0	0	3	0	0	0	0	0
ASV.2841	0	0	0	0	0	0	0	0	3	0	0	0	0	0
ASV.2842	0	0	0	0	0	0	0	0	3	0	0	0	0	0
ASV.2843	0	0	0	0	0	0	0	0	3	0	0	0	0	0
ASV.2844	0	0	0	0	0	0	0	0	3	0	0	0	0	0
ASV.2845	0	0	0	0	0	0	0	0	3	0	0	0	0	0
ASV.2846	0	0	0	0	0	0	0	0	3	0	0	0	0	0
ASV.2847	0	0	0	0	0	0	0	0	3	0	0	0	0	0
ASV.2848	0	0	0	0	0	0	0	0	3	0	0	0	0	0
ASV.2849	0	0	0	0	0	0	0	0	3	0	0	0	0	0
ASV.2850	0	0	0	0	0	0	0	0	3	0	0	0	0	0
ASV.2851	0	0	0	0	0	0	0	0	3	0	0	0	0	0
ASV.2852	0	0	0	0	0	0	0	0	3	0	0	0	0	0
ASV.2853	0	0	0	0	0	0	0	0	3	0	0	0	0	0
ASV.2854	0	0	0	0	0	0	0	0	3	0	0	0	0	0
ASV.2855	0	0	0	0	0	0	0	0	3	0	0	0	0	0
ASV.2856	0	0	0	0	0	0	0	0	3	0	0	0	0	0
ASV.2857	0	0	0	0	0	0	0	0	3	0	0	0	0	0
ASV.2858	0	0	0	0	0	0	0	0	3	0	0	0	0	0
ASV.2859	0	0	0	0	0	0	0	0	3	0	0	0	0	0
ASV.2860	0	0	0	0	0	0	0	0	3	0	0	0	0	0
ASV.2861	0	0	0	0	0	0	0	0	3	0	0	0	0	0
ASV.2862	0	0	0	0	0	0	0	0	3	0	0	0	0	0
ASV.2863	0	0	0	0	0	0	0	0	3	0	0	0	0	0
ASV.2864	0	0	0	0	0	0	0	0	3	0	0	0	0	0
ASV.2865	0	0	0	0	0	0	0	0	3	0	0	0	0	0
ASV.2866	0	0	0	0	0	0	0	0	3	0	0	0	0	0
ASV.2867	0	0	0	0	0	0	0	0	3	0	0	0	0	0
ASV.2868	0	0	0	0	0	0	0	0	3	0	0	0	0	0
ASV.2869	0	0	0	0	0	0	0	0	3	0	0	0	0	0
ASV.2870	0	0	0	0	0	0	0	0	3	0	0	0	0	0
ASV.2871	0	0	0	0	0	0	0	0	3	0	0	0	0	0
ASV.2872	0	0	0	0	0	0	0	0	3	0	0	0	0	0
ASV.2873	0	0	0	0	0	0	0	0	3	0	0	0	0	0
ASV.2874	0	0	0	0	0	0	0	0	3	0	0	0	0	0
ASV.2875	0	0	0	0	0	0	0	0	3	0	0	0	0	0
ASV.2876	0	0	0	0	0	0	0	0	3	0	0	0	0	0
ASV.2890	0	0	0	0	0	0	0	0	0	3	0	0	0	0
ASV.2892	0	0	0	0	0	0	0	0	0	3	0	0	0	0
ASV.2894	0	0	0	0	0	0	0	0	0	0	3	0	0	0
ASV.2895	0	0	0	0	0	0	0	0	0	0	3	0	0	0
ASV.2896	0	0	0	0	0	0	0	0	0	0	3	0	0	0
ASV.2897	0	0	0	0	0	0	0	0	0	0	3	0	0	0
ASV.2906	0	0	0	0	0	0	0	0	0	0	3	0	0	0
ASV.2907	0	0	0	0	0	0	0	0	0	0	3	0	0	0
ASV.2908	0	0	0	0	0	0	0	0	0	0	3	0	0	0
ASV.2909	0	0	0	0	0	0	0	0	0	0	3	0	0	0
ASV.2910	0	0	0	0	0	0	0	0	0	0	3	0	0	0
ASV.2911	0	0	0	0	0	0	0	0	0	0	3	0	0	0
ASV.2939	0	0	0	0	0	0	0	0	0	0	0	0	0	3
ASV.2940	0	0	0	0	0	0	0	0	0	0	0	0	0	3
ASV.2963	2	0	0	0	0	0	0	0	0	0	0	0	0	0
ASV.2964	2	0	0	0	0	0	0	0	0	0	0	0	0	0
ASV.2965	2	0	0	0	0	0	0	0	0	0	0	0	0	0
ASV.2966	2	0	0	0	0	0	0	0	0	0	0	0	0	0
ASV.2967	2	0	0	0	0	0	0	0	0	0	0	0	0	0
ASV.2968	2	0	0	0	0	0	0	0	0	0	0	0	0	0
ASV.2969	2	0	0	0	0	0	0	0	0	0	0	0	0	0
ASV.2970	2	0	0	0	0	0	0	0	0	0	0	0	0	0
ASV.2971	2	0	0	0	0	0	0	0	0	0	0	0	0	0
ASV.2972	2	0	0	0	0	0	0	0	0	0	0	0	0	0
ASV.2973	2	0	0	0	0	0	0	0	0	0	0	0	0	0
ASV.2974	2	0	0	0	0	0	0	0	0	0	0	0	0	0
ASV.2975	2	0	0	0	0	0	0	0	0	0	0	0	0	0
ASV.2976	2	0	0	0	0	0	0	0	0	0	0	0	0	0
ASV.2977	2	0	0	0	0	0	0	0	0	0	0	0	0	0
ASV.2978	2	0	0	0	0	0	0	0	0	0	0	0	0	0
ASV.2979	2	0	0	0	0	0	0	0	0	0	0	0	0	0
ASV.2980	2	0	0	0	0	0	0	0	0	0	0	0	0	0
ASV.2981	2	0	0	0	0	0	0	0	0	0	0	0	0	0
ASV.2982	2	0	0	0	0	0	0	0	0	0	0	0	0	0
ASV.2983	2	0	0	0	0	0	0	0	0	0	0	0	0	0
ASV.2984	2	0	0	0	0	0	0	0	0	0	0	0	0	0
ASV.2985	2	0	0	0	0	0	0	0	0	0	0	0	0	0
ASV.2986	2	0	0	0	0	0	0	0	0	0	0	0	0	0
ASV.2987	2	0	0	0	0	0	0	0	0	0	0	0	0	0
ASV.2988	2	0	0	0	0	0	0	0	0	0	0	0	0	0
ASV.2989	2	0	0	0	0	0	0	0	0	0	0	0	0	0
ASV.2990	2	0	0	0	0	0	0	0	0	0	0	0	0	0
ASV.2991	2	0	0	0	0	0	0	0	0	0	0	0	0	0
ASV.2992	2	0	0	0	0	0	0	0	0	0	0	0	0	0
ASV.2997	2	0	0	0	0	0	0	0	0	0	0	0	0	0
ASV.2998	2	0	0	0	0	0	0	0	0	0	0	0	0	0
ASV.2999	2	0	0	0	0	0	0	0	0	0	0	0	0	0
ASV.3000	2	0	0	0	0	0	0	0	0	0	0	0	0	0
ASV.3001	2	0	0	0	0	0	0	0	0	0	0	0	0	0
ASV.3002	2	0	0	0	0	0	0	0	0	0	0	0	0	0
ASV.3003	2	0	0	0	0	0	0	0	0	0	0	0	0	0
ASV.3004	2	0	0	0	0	0	0	0	0	0	0	0	0	0
ASV.3005	2	0	0	0	0	0	0	0	0	0	0	0	0	0
ASV.3006	2	0	0	0	0	0	0	0	0	0	0	0	0	0
ASV.3007	2	0	0	0	0	0	0	0	0	0	0	0	0	0
ASV.3008	2	0	0	0	0	0	0	0	0	0	0	0	0	0
ASV.3009	2	0	0	0	0	0	0	0	0	0	0	0	0	0
ASV.3010	2	0	0	0	0	0	0	0	0	0	0	0	0	0
ASV.3011	2	0	0	0	0	0	0	0	0	0	0	0	0	0
ASV.3012	2	0	0	0	0	0	0	0	0	0	0	0	0	0
ASV.3013	2	0	0	0	0	0	0	0	0	0	0	0	0	0
ASV.3014	2	0	0	0	0	0	0	0	0	0	0	0	0	0
ASV.3015	2	0	0	0	0	0	0	0	0	0	0	0	0	0
ASV.3016	2	0	0	0	0	0	0	0	0	0	0	0	0	0
ASV.3018	2	0	0	0	0	0	0	0	0	0	0	0	0	0
ASV.3019	2	0	0	0	0	0	0	0	0	0	0	0	0	0
ASV.3020	2	0	0	0	0	0	0	0	0	0	0	0	0	0
ASV.3021	2	0	0	0	0	0	0	0	0	0	0	0	0	0
ASV.3022	2	0	0	0	0	0	0	0	0	0	0	0	0	0
ASV.3023	2	0	0	0	0	0	0	0	0	0	0	0	0	0
ASV.3024	2	0	0	0	0	0	0	0	0	0	0	0	0	0
ASV.3025	2	0	0	0	0	0	0	0	0	0	0	0	0	0
ASV.3026	2	0	0	0	0	0	0	0	0	0	0	0	0	0
ASV.3027	2	0	0	0	0	0	0	0	0	0	0	0	0	0
ASV.3028	2	0	0	0	0	0	0	0	0	0	0	0	0	0
ASV.3029	2	0	0	0	0	0	0	0	0	0	0	0	0	0
ASV.3030	2	0	0	0	0	0	0	0	0	0	0	0	0	0
ASV.3031	2	0	0	0	0	0	0	0	0	0	0	0	0	0
ASV.3032	2	0	0	0	0	0	0	0	0	0	0	0	0	0
ASV.3033	2	0	0	0	0	0	0	0	0	0	0	0	0	0
ASV.3034	2	0	0	0	0	0	0	0	0	0	0	0	0	0
ASV.3035	2	0	0	0	0	0	0	0	0	0	0	0	0	0
ASV.3036	2	0	0	0	0	0	0	0	0	0	0	0	0	0
ASV.3037	2	0	0	0	0	0	0	0	0	0	0	0	0	0
ASV.3038	2	0	0	0	0	0	0	0	0	0	0	0	0	0
ASV.3039	2	0	0	0	0	0	0	0	0	0	0	0	0	0
ASV.3040	0	2	0	0	0	0	0	0	0	0	0	0	0	0
ASV.3041	0	2	0	0	0	0	0	0	0	0	0	0	0	0
ASV.3042	0	2	0	0	0	0	0	0	0	0	0	0	0	0
ASV.3043	0	2	0	0	0	0	0	0	0	0	0	0	0	0
ASV.3044	0	2	0	0	0	0	0	0	0	0	0	0	0	0
ASV.3045	0	2	0	0	0	0	0	0	0	0	0	0	0	0
ASV.3055	0	2	0	0	0	0	0	0	0	0	0	0	0	0
ASV.3056	0	2	0	0	0	0	0	0	0	0	0	0	0	0
ASV.3062	0	0	2	0	0	0	0	0	0	0	0	0	0	0
ASV.3065	0	0	2	0	0	0	0	0	0	0	0	0	0	0
ASV.3067	0	0	0	2	0	0	0	0	0	0	0	0	0	0
ASV.3068	0	0	0	2	0	0	0	0	0	0	0	0	0	0
ASV.3069	0	0	0	2	0	0	0	0	0	0	0	0	0	0
ASV.3070	0	0	0	2	0	0	0	0	0	0	0	0	0	0
ASV.3086	0	0	0	2	0	0	0	0	0	0	0	0	0	0
ASV.3092	0	0	0	2	0	0	0	0	0	0	0	0	0	0
ASV.3094	0	0	0	2	0	0	0	0	0	0	0	0	0	0
ASV.3095	0	0	0	2	0	0	0	0	0	0	0	0	0	0
ASV.3096	0	0	0	2	0	0	0	0	0	0	0	0	0	0
ASV.3097	0	0	0	2	0	0	0	0	0	0	0	0	0	0
ASV.3124	0	0	0	0	2	0	0	0	0	0	0	0	0	0
ASV.3131	0	0	0	0	0	2	0	0	0	0	0	0	0	0
ASV.3190	0	0	0	0	0	2	0	0	0	0	0	0	0	0
ASV.3191	0	0	0	0	0	2	0	0	0	0	0	0	0	0
ASV.3200	0	0	0	0	0	2	0	0	0	0	0	0	0	0
ASV.3201	0	0	0	0	0	2	0	0	0	0	0	0	0	0
ASV.3205	0	0	0	0	0	2	0	0	0	0	0	0	0	0
ASV.3206	0	0	0	0	0	0	2	0	0	0	0	0	0	0
ASV.3216	0	0	0	0	0	0	0	2	0	0	0	0	0	0
ASV.3217	0	0	0	0	0	0	0	2	0	0	0	0	0	0
ASV.3242	0	0	0	0	0	0	0	2	0	0	0	0	0	0
ASV.3251	0	0	0	0	0	0	0	2	0	0	0	0	0	0
ASV.3277	0	0	0	0	0	0	0	2	0	0	0	0	0	0
ASV.3289	0	0	0	0	0	0	0	2	0	0	0	0	0	0
ASV.3290	0	0	0	0	0	0	0	2	0	0	0	0	0	0
ASV.3291	0	0	0	0	0	0	0	2	0	0	0	0	0	0
ASV.3293	0	0	0	0	0	0	0	2	0	0	0	0	0	0
ASV.3307	0	0	0	0	0	0	0	2	0	0	0	0	0	0
ASV.3308	0	0	0	0	0	0	0	2	0	0	0	0	0	0
ASV.3310	0	0	0	0	0	0	0	2	0	0	0	0	0	0
ASV.3312	0	0	0	0	0	0	0	2	0	0	0	0	0	0
ASV.3313	0	0	0	0	0	0	0	0	2	0	0	0	0	0
ASV.3314	0	0	0	0	0	0	0	0	2	0	0	0	0	0
ASV.3315	0	0	0	0	0	0	0	0	2	0	0	0	0	0
ASV.3316	0	0	0	0	0	0	0	0	2	0	0	0	0	0
ASV.3317	0	0	0	0	0	0	0	0	2	0	0	0	0	0
ASV.3318	0	0	0	0	0	0	0	0	2	0	0	0	0	0
ASV.3319	0	0	0	0	0	0	0	0	2	0	0	0	0	0
ASV.3320	0	0	0	0	0	0	0	0	2	0	0	0	0	0
ASV.3321	0	0	0	0	0	0	0	0	2	0	0	0	0	0
ASV.3322	0	0	0	0	0	0	0	0	2	0	0	0	0	0
ASV.3323	0	0	0	0	0	0	0	0	2	0	0	0	0	0
ASV.3324	0	0	0	0	0	0	0	0	2	0	0	0	0	0
ASV.3325	0	0	0	0	0	0	0	0	2	0	0	0	0	0
ASV.3326	0	0	0	0	0	0	0	0	2	0	0	0	0	0
ASV.3327	0	0	0	0	0	0	0	0	2	0	0	0	0	0
ASV.3328	0	0	0	0	0	0	0	0	2	0	0	0	0	0
ASV.3329	0	0	0	0	0	0	0	0	2	0	0	0	0	0
ASV.3330	0	0	0	0	0	0	0	0	2	0	0	0	0	0
ASV.3331	0	0	0	0	0	0	0	0	2	0	0	0	0	0
ASV.3332	0	0	0	0	0	0	0	0	2	0	0	0	0	0
ASV.3333	0	0	0	0	0	0	0	0	2	0	0	0	0	0
ASV.3334	0	0	0	0	0	0	0	0	2	0	0	0	0	0
ASV.3335	0	0	0	0	0	0	0	0	2	0	0	0	0	0
ASV.3336	0	0	0	0	0	0	0	0	2	0	0	0	0	0
ASV.3337	0	0	0	0	0	0	0	0	2	0	0	0	0	0
ASV.3338	0	0	0	0	0	0	0	0	2	0	0	0	0	0
ASV.3339	0	0	0	0	0	0	0	0	2	0	0	0	0	0
ASV.3340	0	0	0	0	0	0	0	0	2	0	0	0	0	0
ASV.3341	0	0	0	0	0	0	0	0	2	0	0	0	0	0
ASV.3342	0	0	0	0	0	0	0	0	2	0	0	0	0	0
ASV.3343	0	0	0	0	0	0	0	0	2	0	0	0	0	0
ASV.3344	0	0	0	0	0	0	0	0	2	0	0	0	0	0
ASV.3345	0	0	0	0	0	0	0	0	2	0	0	0	0	0
ASV.3346	0	0	0	0	0	0	0	0	2	0	0	0	0	0
ASV.3347	0	0	0	0	0	0	0	0	2	0	0	0	0	0
ASV.3348	0	0	0	0	0	0	0	0	2	0	0	0	0	0
ASV.3349	0	0	0	0	0	0	0	0	2	0	0	0	0	0
ASV.3350	0	0	0	0	0	0	0	0	2	0	0	0	0	0
ASV.3351	0	0	0	0	0	0	0	0	2	0	0	0	0	0
ASV.3352	0	0	0	0	0	0	0	0	2	0	0	0	0	0
ASV.3353	0	0	0	0	0	0	0	0	2	0	0	0	0	0
ASV.3354	0	0	0	0	0	0	0	0	2	0	0	0	0	0
ASV.3355	0	0	0	0	0	0	0	0	2	0	0	0	0	0
ASV.3356	0	0	0	0	0	0	0	0	2	0	0	0	0	0
ASV.3357	0	0	0	0	0	0	0	0	2	0	0	0	0	0
ASV.3358	0	0	0	0	0	0	0	0	2	0	0	0	0	0
ASV.3359	0	0	0	0	0	0	0	0	2	0	0	0	0	0
ASV.3360	0	0	0	0	0	0	0	0	2	0	0	0	0	0
ASV.3361	0	0	0	0	0	0	0	0	2	0	0	0	0	0
ASV.3362	0	0	0	0	0	0	0	0	2	0	0	0	0	0
ASV.3363	0	0	0	0	0	0	0	0	2	0	0	0	0	0
ASV.3364	0	0	0	0	0	0	0	0	2	0	0	0	0	0
ASV.3365	0	0	0	0	0	0	0	0	2	0	0	0	0	0
ASV.3366	0	0	0	0	0	0	0	0	2	0	0	0	0	0
ASV.3367	0	0	0	0	0	0	0	0	2	0	0	0	0	0
ASV.3368	0	0	0	0	0	0	0	0	2	0	0	0	0	0
ASV.3374	0	0	0	0	0	0	0	0	2	0	0	0	0	0
ASV.3379	0	0	0	0	0	0	0	0	2	0	0	0	0	0
ASV.3380	0	0	0	0	0	0	0	0	2	0	0	0	0	0
ASV.3381	0	0	0	0	0	0	0	0	2	0	0	0	0	0
ASV.3382	0	0	0	0	0	0	0	0	2	0	0	0	0	0
ASV.3383	0	0	0	0	0	0	0	0	2	0	0	0	0	0
ASV.3384	0	0	0	0	0	0	0	0	2	0	0	0	0	0
ASV.3385	0	0	0	0	0	0	0	0	2	0	0	0	0	0
ASV.3386	0	0	0	0	0	0	0	0	2	0	0	0	0	0
ASV.3387	0	0	0	0	0	0	0	0	2	0	0	0	0	0
ASV.3388	0	0	0	0	0	0	0	0	2	0	0	0	0	0
ASV.3389	0	0	0	0	0	0	0	0	2	0	0	0	0	0
ASV.3390	0	0	0	0	0	0	0	0	2	0	0	0	0	0
ASV.3391	0	0	0	0	0	0	0	0	2	0	0	0	0	0
ASV.3392	0	0	0	0	0	0	0	0	2	0	0	0	0	0
ASV.3393	0	0	0	0	0	0	0	0	2	0	0	0	0	0
ASV.3394	0	0	0	0	0	0	0	0	2	0	0	0	0	0
ASV.3395	0	0	0	0	0	0	0	0	2	0	0	0	0	0
ASV.3396	0	0	0	0	0	0	0	0	2	0	0	0	0	0
ASV.3397	0	0	0	0	0	0	0	0	2	0	0	0	0	0
ASV.3398	0	0	0	0	0	0	0	0	2	0	0	0	0	0
ASV.3399	0	0	0	0	0	0	0	0	2	0	0	0	0	0
ASV.3400	0	0	0	0	0	0	0	0	2	0	0	0	0	0
ASV.3401	0	0	0	0	0	0	0	0	2	0	0	0	0	0
ASV.3402	0	0	0	0	0	0	0	0	2	0	0	0	0	0
ASV.3403	0	0	0	0	0	0	0	0	2	0	0	0	0	0
ASV.3404	0	0	0	0	0	0	0	0	2	0	0	0	0	0
ASV.3405	0	0	0	0	0	0	0	0	2	0	0	0	0	0
ASV.3406	0	0	0	0	0	0	0	0	2	0	0	0	0	0
ASV.3407	0	0	0	0	0	0	0	0	2	0	0	0	0	0
ASV.3408	0	0	0	0	0	0	0	0	2	0	0	0	0	0
ASV.3409	0	0	0	0	0	0	0	0	2	0	0	0	0	0
ASV.3410	0	0	0	0	0	0	0	0	2	0	0	0	0	0
ASV.3411	0	0	0	0	0	0	0	0	2	0	0	0	0	0
ASV.3412	0	0	0	0	0	0	0	0	2	0	0	0	0	0
ASV.3413	0	0	0	0	0	0	0	0	2	0	0	0	0	0
ASV.3414	0	0	0	0	0	0	0	0	2	0	0	0	0	0
ASV.3415	0	0	0	0	0	0	0	0	2	0	0	0	0	0
ASV.3416	0	0	0	0	0	0	0	0	2	0	0	0	0	0
ASV.3417	0	0	0	0	0	0	0	0	2	0	0	0	0	0
ASV.3418	0	0	0	0	0	0	0	0	2	0	0	0	0	0
ASV.3419	0	0	0	0	0	0	0	0	2	0	0	0	0	0
ASV.3420	0	0	0	0	0	0	0	0	2	0	0	0	0	0
ASV.3421	0	0	0	0	0	0	0	0	2	0	0	0	0	0
ASV.3422	0	0	0	0	0	0	0	0	2	0	0	0	0	0
ASV.3423	0	0	0	0	0	0	0	0	2	0	0	0	0	0
ASV.3424	0	0	0	0	0	0	0	0	2	0	0	0	0	0
ASV.3425	0	0	0	0	0	0	0	0	2	0	0	0	0	0
ASV.3426	0	0	0	0	0	0	0	0	2	0	0	0	0	0
ASV.3427	0	0	0	0	0	0	0	0	2	0	0	0	0	0
ASV.3428	0	0	0	0	0	0	0	0	2	0	0	0	0	0
ASV.3429	0	0	0	0	0	0	0	0	2	0	0	0	0	0
ASV.3430	0	0	0	0	0	0	0	0	2	0	0	0	0	0
ASV.3431	0	0	0	0	0	0	0	0	2	0	0	0	0	0
ASV.3432	0	0	0	0	0	0	0	0	2	0	0	0	0	0
ASV.3433	0	0	0	0	0	0	0	0	2	0	0	0	0	0
ASV.3434	0	0	0	0	0	0	0	0	2	0	0	0	0	0
ASV.3435	0	0	0	0	0	0	0	0	2	0	0	0	0	0
ASV.3436	0	0	0	0	0	0	0	0	2	0	0	0	0	0
ASV.3437	0	0	0	0	0	0	0	0	2	0	0	0	0	0
ASV.3444	0	0	0	0	0	0	0	0	0	2	0	0	0	0
ASV.3452	0	0	0	0	0	0	0	0	0	2	0	0	0	0
ASV.3463	0	0	0	0	0	0	0	0	0	2	0	0	0	0
ASV.3467	0	0	0	0	0	0	0	0	0	2	0	0	0	0
ASV.3468	0	0	0	0	0	0	0	0	0	2	0	0	0	0
ASV.3471	0	0	0	0	0	0	0	0	0	0	2	0	0	0
ASV.3472	0	0	0	0	0	0	0	0	0	0	2	0	0	0
ASV.3473	0	0	0	0	0	0	0	0	0	0	2	0	0	0
ASV.3474	0	0	0	0	0	0	0	0	0	0	2	0	0	0
ASV.3487	0	0	0	0	0	0	0	0	0	0	2	0	0	0
ASV.3488	0	0	0	0	0	0	0	0	0	0	2	0	0	0
ASV.3489	0	0	0	0	0	0	0	0	0	0	2	0	0	0
ASV.3490	0	0	0	0	0	0	0	0	0	0	2	0	0	0
ASV.3578	0	0	0	0	0	0	0	0	0	0	0	0	0	2
ASV.3590	1	0	0	0	0	0	0	0	0	0	0	0	0	0
ASV.3591	1	0	0	0	0	0	0	0	0	0	0	0	0	0
ASV.3758	0	0	0	0	1	0	0	0	0	0	0	0	0	0
ASV.3800	0	0	0	0	0	1	0	0	0	0	0	0	0	0
ASV.3864	0	0	0	0	0	1	0	0	0	0	0	0	0	0
ASV.3865	0	0	0	0	0	1	0	0	0	0	0	0	0	0
ASV.3884	0	0	0	0	0	1	0	0	0	0	0	0	0	0
ASV.3906	0	0	0	0	0	1	0	0	0	0	0	0	0	0
ASV.3912	0	0	0	0	0	1	0	0	0	0	0	0	0	0
ASV.3921	0	0	0	0	0	1	0	0	0	0	0	0	0	0
ASV.3941	0	0	0	0	0	1	0	0	0	0	0	0	0	0
ASV.3943	0	0	0	0	0	0	1	0	0	0	0	0	0	0
ASV.3955	0	0	0	0	0	0	0	1	0	0	0	0	0	0
ASV.3960	0	0	0	0	0	0	0	1	0	0	0	0	0	0
ASV.3992	0	0	0	0	0	0	0	1	0	0	0	0	0	0
ASV.3993	0	0	0	0	0	0	0	1	0	0	0	0	0	0
ASV.4009	0	0	0	0	0	0	0	1	0	0	0	0	0	0
ASV.4010	0	0	0	0	0	0	0	1	0	0	0	0	0	0
ASV.4011	0	0	0	0	0	0	0	1	0	0	0	0	0	0
ASV.4012	0	0	0	0	0	0	0	1	0	0	0	0	0	0
ASV.4013	0	0	0	0	0	0	0	1	0	0	0	0	0	0
ASV.4014	0	0	0	0	0	0	0	1	0	0	0	0	0	0
ASV.4057	0	0	0	0	0	0	0	1	0	0	0	0	0	0
ASV.4058	0	0	0	0	0	0	0	1	0	0	0	0	0	0
ASV.4064	0	0	0	0	0	0	0	1	0	0	0	0	0	0
ASV.4077	0	0	0	0	0	0	0	1	0	0	0	0	0	0
ASV.4078	0	0	0	0	0	0	0	1	0	0	0	0	0	0
ASV.4079	0	0	0	0	0	0	0	1	0	0	0	0	0	0
ASV.4080	0	0	0	0	0	0	0	1	0	0	0	0	0	0
ASV.4081	0	0	0	0	0	0	0	1	0	0	0	0	0	0
ASV.4082	0	0	0	0	0	0	0	1	0	0	0	0	0	0
ASV.4083	0	0	0	0	0	0	0	1	0	0	0	0	0	0
ASV.4084	0	0	0	0	0	0	0	1	0	0	0	0	0	0
ASV.4085	0	0	0	0	0	0	0	1	0	0	0	0	0	0
ASV.4086	0	0	0	0	0	0	0	1	0	0	0	0	0	0
ASV.4087	0	0	0	0	0	0	0	1	0	0	0	0	0	0
ASV.4088	0	0	0	0	0	0	0	1	0	0	0	0	0	0
ASV.4089	0	0	0	0	0	0	0	1	0	0	0	0	0	0
ASV.4112	0	0	0	0	0	0	0	0	1	0	0	0	0	0
ASV.4193	0	0	0	0	0	0	0	0	0	1	0	0	0	0
ASV.4265	0	0	0	0	0	0	0	0	0	0	0	0	1	0
ASV.4266	0	0	0	0	0	0	0	0	0	0	0	0	0	1
ASV.4366	0	0	0	0	0	0	0	0	0	0	0	0	0	1
ASV.4405	0	0	0	0	0	0	0	0	0	0	0	0	0	1
