DRR119299	DRR119300	DRR119301	DRR119302	DRR119303	DRR119304	DRR119305	DRR119307	DRR119309	DRR119308	DRR119311	DRR119312	DRR119314	DRR119315	DRR119316	DRR119318	DRR119317
ASV.01	245	0	7970	11452	8184	14390	146	222	151	1923	49	1139	31739	62068	34447	4	20744
ASV.02	62	0	4233	1401	4281	3433	10	7	12	0	0	76	2632	4484	889	0	7810
ASV.03	70	138	146	0	44	0	29	3405	0	13696	5558	5345	0	0	7	0	0
ASV.04	0	0	12735	2063	3207	2767	0	0	0	0	0	0	0	0	0	0	0
ASV.05	18	37	0	0	26	0	20	4136	0	13686	90	0	0	31	0	0	0
ASV.06	0	74	0	0	0	0	0	1659	1638	7620	269	2751	0	0	0	41	0
ASV.07	0	21	447	207	15	0	127	0	0	0	0	142	6109	3976	0	31	0
ASV.08	0	0	0	0	50	0	27	2664	818	7219	0	0	0	0	0	0	0
ASV.09	0	4276	0	0	39	0	0	0	0	0	0	0	2111	1474	176	0	0
ASV.010	0	7002	0	0	0	0	0	0	0	0	0	0	0	0	0	0	0
ASV.011	0	27	123	20	0	0	0	1338	0	4343	0	113	0	0	0	0	0
ASV.012	0	0	0	0	0	13	25	455	0	3741	681	867	0	0	0	0	0
ASV.013	0	0	0	0	0	0	0	1074	0	2590	458	0	0	1302	0	0	0
ASV.014	0	0	0	0	23	6	4270	0	0	4	0	0	0	7	0	51	0
ASV.015	0	0	0	0	5	0	4001	0	0	0	0	0	0	0	0	24	0
ASV.016	0	0	0	0	0	0	0	0	0	0	0	0	788	1650	827	0	519
ASV.017	0	30	0	77	0	0	12	1939	0	1517	34	47	0	0	0	0	0
ASV.018	0	2685	0	0	0	307	0	0	0	3	0	0	0	0	0	0	0
ASV.019	0	0	2482	0	0	0	0	0	0	0	0	0	0	0	0	0	0
ASV.020	0	0	0	0	0	0	0	397	584	1130	0	0	0	0	48	0	0
ASV.021	0	1222	614	249	0	21	0	0	0	0	0	0	0	0	0	0	0
ASV.022	0	0	0	0	0	0	0	0	0	1678	0	0	0	0	0	0	0
ASV.023	0	0	0	0	0	0	0	0	0	1085	0	0	0	488	0	0	0
ASV.024	0	0	0	0	0	0	0	0	0	1527	0	0	0	0	0	0	0
ASV.025	0	0	0	0	0	0	0	0	0	897	0	0	0	0	0	488	0
ASV.026	0	0	0	0	0	0	0	0	0	0	0	0	0	0	0	0	1338
ASV.027	0	1035	0	0	0	0	0	0	0	0	0	0	0	0	0	0	0
ASV.028	0	0	0	0	0	0	0	0	0	0	0	0	0	1002	0	0	0
ASV.029	0	32	0	0	0	0	0	0	0	99	0	0	543	0	0	0	0
ASV.030	0	0	0	0	0	0	0	0	0	558	0	0	0	0	0	0	0
ASV.031	0	0	0	0	197	0	20	0	0	0	0	0	0	0	43	258	7
ASV.032	0	0	0	0	0	0	0	0	54	470	0	0	0	0	0	0	0
ASV.033	0	0	0	0	0	0	0	244	0	267	0	0	0	0	0	0	0
ASV.034	0	0	0	0	0	0	0	0	0	0	0	0	490	0	0	0	0
ASV.035	0	0	0	0	0	0	0	0	0	0	0	0	488	0	0	0	0
ASV.036	0	0	0	0	108	47	0	233	77	0	0	0	0	0	16	0	0
ASV.037	0	0	0	0	0	0	0	0	0	0	0	0	0	466	0	0	0
ASV.038	0	0	0	0	0	0	0	0	0	0	28	436	0	0	0	0	0
ASV.039	0	0	0	0	0	0	0	0	0	438	0	0	0	0	0	0	0
ASV.040	0	0	0	0	0	0	0	0	0	0	0	0	0	369	0	0	0
ASV.041	0	0	0	0	0	0	0	0	198	159	0	0	0	0	0	0	0
ASV.042	0	0	0	0	109	12	28	0	0	0	0	0	0	0	30	169	0
ASV.043	0	0	0	0	0	0	0	0	0	0	0	0	0	0	317	0	0
ASV.044	0	0	0	0	0	0	0	0	0	0	0	0	0	0	315	0	0
ASV.045	0	0	311	0	0	0	0	0	0	0	0	0	0	0	0	0	0
ASV.046	0	0	0	0	0	0	309	0	0	0	0	0	0	0	0	0	0
ASV.047	0	0	19	0	0	0	0	0	177	92	0	0	0	0	0	0	0
ASV.048	0	0	0	0	0	0	0	0	0	0	0	0	285	0	0	0	0
ASV.049	0	0	0	0	0	0	0	0	0	0	0	0	280	0	0	0	0
ASV.050	0	0	0	0	0	0	0	0	0	0	0	0	0	0	276	0	0
ASV.051	0	0	0	0	0	0	0	0	0	0	0	0	0	0	0	0	266
ASV.052	0	0	0	0	0	0	0	0	0	0	0	0	0	0	0	0	256
ASV.053	0	0	0	0	0	0	0	241	0	0	0	0	0	0	0	0	0
ASV.054	0	0	0	0	0	0	0	0	0	0	0	0	0	0	229	0	0
ASV.055	0	222	0	0	2	0	0	0	0	0	0	0	0	0	0	0	0
ASV.056	0	0	0	0	0	0	0	0	0	0	0	0	223	0	0	0	0
ASV.057	0	0	0	215	0	0	0	0	0	0	0	0	0	0	0	0	0
ASV.058	0	0	0	0	0	0	0	0	42	173	0	0	0	0	0	0	0
ASV.059	0	0	0	0	0	0	0	0	0	0	0	0	0	0	0	0	214
ASV.060	0	0	211	0	0	0	0	0	0	0	0	0	0	0	0	0	0
ASV.061	24	0	0	0	0	0	185	0	0	0	0	0	0	0	0	0	0
ASV.062	0	0	0	0	0	0	0	0	0	195	0	0	0	0	0	0	0
ASV.063	0	133	29	0	0	0	30	0	0	0	0	0	0	0	0	0	0
ASV.064	0	0	0	0	0	0	0	0	0	0	0	0	0	191	0	0	0
ASV.065	0	190	0	0	0	0	0	0	0	0	0	0	0	0	0	0	0
ASV.066	0	0	0	0	0	0	0	0	0	0	0	0	188	0	0	0	0
ASV.067	0	0	0	0	0	0	0	0	0	0	0	0	188	0	0	0	0
ASV.068	0	0	0	0	0	0	0	0	0	184	0	0	0	0	0	0	0
ASV.069	0	0	0	0	0	0	0	63	0	120	0	0	0	0	0	0	0
ASV.070	0	183	0	0	0	0	0	0	0	0	0	0	0	0	0	0	0
ASV.071	0	0	0	0	0	0	0	0	0	179	0	0	0	0	0	0	0
ASV.072	0	0	0	0	0	0	0	0	0	0	0	0	179	0	0	0	0
ASV.073	0	0	177	0	0	0	0	0	0	0	0	0	0	0	0	0	0
ASV.074	0	0	0	0	0	0	0	0	0	0	0	0	0	0	177	0	0
ASV.075	0	0	0	0	0	0	0	0	0	0	0	0	0	0	0	0	177
ASV.076	0	0	0	0	0	0	0	0	0	170	0	0	0	0	0	0	0
ASV.077	0	0	0	0	0	169	0	0	0	0	0	0	0	0	0	0	0
ASV.078	0	0	0	169	0	0	0	0	0	0	0	0	0	0	0	0	0
ASV.079	0	0	0	0	168	0	0	0	0	0	0	0	0	0	0	0	0
ASV.080	0	0	0	0	0	0	0	0	0	0	0	0	155	0	0	0	0
ASV.081	0	0	155	0	0	0	0	0	0	0	0	0	0	0	0	0	0
ASV.082	0	140	0	0	0	0	0	0	0	0	0	0	0	0	0	11	0
ASV.083	0	0	0	0	0	0	0	0	0	147	0	0	0	0	0	0	0
ASV.084	0	0	139	0	0	0	0	0	0	0	0	0	0	0	0	0	0
ASV.085	0	0	0	0	0	0	0	0	0	0	0	0	0	0	134	0	0
ASV.086	0	125	0	0	0	0	0	0	0	0	0	0	0	0	0	0	0
ASV.087	0	0	0	0	0	121	0	0	0	0	0	0	0	0	0	0	0
ASV.088	0	0	0	0	0	0	0	0	0	0	0	0	118	0	0	0	0
ASV.089	0	0	0	0	0	0	0	116	0	0	0	0	0	0	0	0	0
ASV.090	0	114	0	0	0	0	0	0	0	0	0	0	0	0	0	0	0
ASV.091	0	109	0	0	0	0	0	0	5	0	0	0	0	0	0	0	0
ASV.092	0	0	0	0	0	0	0	0	0	104	0	0	0	0	0	0	0
ASV.093	0	0	0	0	0	0	0	0	0	0	0	102	0	0	0	0	0
ASV.094	0	0	0	0	0	0	0	0	0	0	0	102	0	0	0	0	0
ASV.095	0	0	0	0	0	0	0	0	0	101	0	0	0	0	0	0	0
ASV.096	0	0	0	0	0	0	0	0	0	0	0	0	0	90	0	10	0
ASV.097	0	0	0	0	0	0	0	0	0	0	0	0	0	68	29	0	0
ASV.098	32	21	0	0	0	0	26	0	0	0	16	0	0	0	0	0	0
ASV.099	0	0	0	0	93	0	0	0	0	0	0	0	0	0	0	0	0
ASV.0100	0	0	0	0	93	0	0	0	0	0	0	0	0	0	0	0	0
ASV.0101	92	0	0	0	0	0	0	0	0	0	0	0	0	0	0	0	0
ASV.0102	0	0	0	0	0	0	0	0	0	0	0	0	0	0	92	0	0
ASV.0103	0	0	0	0	0	0	0	0	0	85	0	5	0	0	0	0	0
ASV.0104	0	0	0	0	0	0	0	0	0	0	0	0	0	88	0	0	0
ASV.0105	0	84	0	0	0	0	0	0	0	0	0	0	0	0	0	0	0
ASV.0106	0	81	0	0	0	0	0	0	0	0	0	0	0	0	0	0	0
ASV.0107	0	0	0	0	0	0	0	0	0	0	0	0	0	0	0	0	77
ASV.0108	0	0	0	0	0	0	76	0	0	0	0	0	0	0	0	0	0
ASV.0109	0	0	0	0	0	0	0	0	0	0	74	0	0	0	0	0	0
ASV.0110	0	0	0	0	0	0	0	0	0	0	0	0	0	74	0	0	0
ASV.0111	0	0	0	0	0	0	0	73	0	0	0	0	0	0	0	0	0
ASV.0112	0	0	0	0	0	0	0	0	0	0	0	0	0	71	0	0	0
ASV.0113	0	70	0	0	0	0	0	0	0	0	0	0	0	0	0	0	0
ASV.0114	0	0	0	0	0	0	0	0	0	0	67	0	0	0	0	0	0
ASV.0115	0	0	0	0	0	0	0	0	67	0	0	0	0	0	0	0	0
ASV.0116	0	0	0	0	0	0	0	0	66	0	0	0	0	0	0	0	0
ASV.0117	0	0	0	0	0	0	0	0	0	0	0	66	0	0	0	0	0
ASV.0118	0	0	0	0	0	0	0	0	61	0	0	0	0	0	0	0	0
ASV.0119	0	0	0	0	56	0	4	0	0	0	0	0	0	0	0	0	0
ASV.0120	0	57	0	0	0	0	0	0	0	0	0	0	0	0	0	0	0
ASV.0121	0	0	0	0	0	0	0	0	0	0	0	56	0	0	0	0	0
ASV.0122	0	55	0	0	0	0	0	0	0	0	0	0	0	0	0	0	0
ASV.0123	0	54	0	0	0	0	0	0	0	0	0	0	0	0	0	0	0
ASV.0124	0	0	0	0	0	52	0	0	0	0	0	0	0	0	0	0	0
ASV.0125	0	51	0	0	0	0	0	0	0	0	0	0	0	0	0	0	0
ASV.0126	0	0	0	0	51	0	0	0	0	0	0	0	0	0	0	0	0
ASV.0127	0	0	0	0	0	0	0	0	0	0	0	51	0	0	0	0	0
ASV.0128	0	0	0	0	26	0	0	0	0	0	0	0	0	0	0	24	0
ASV.0129	0	49	0	0	0	0	0	0	0	0	0	0	0	0	0	0	0
ASV.0130	0	9	29	0	0	0	0	0	0	0	0	0	0	11	0	0	0
ASV.0131	0	0	48	0	0	0	0	0	0	0	0	0	0	0	0	0	0
ASV.0132	0	0	0	0	0	24	0	0	6	11	0	0	0	0	7	0	0
ASV.0133	0	48	0	0	0	0	0	0	0	0	0	0	0	0	0	0	0
ASV.0134	0	0	0	0	0	0	0	0	0	46	0	0	0	0	0	0	0
ASV.0135	0	0	0	0	0	0	0	0	0	0	0	0	0	0	0	46	0
ASV.0136	0	46	0	0	0	0	0	0	0	0	0	0	0	0	0	0	0
ASV.0137	0	0	0	0	46	0	0	0	0	0	0	0	0	0	0	0	0
ASV.0138	0	0	29	0	0	0	0	0	0	0	0	0	0	16	0	0	0
ASV.0139	41	3	0	0	0	0	0	0	0	0	0	0	0	0	0	0	0
ASV.0140	0	0	0	0	0	0	0	0	0	0	0	0	0	0	0	43	0
ASV.0141	0	36	0	0	7	0	0	0	0	0	0	0	0	0	0	0	0
ASV.0142	0	43	0	0	0	0	0	0	0	0	0	0	0	0	0	0	0
ASV.0143	0	0	0	0	41	0	0	0	0	0	0	0	0	0	0	0	0
ASV.0144	39	0	0	0	0	0	0	0	0	0	0	0	0	0	0	0	0
ASV.0145	0	0	0	0	39	0	0	0	0	0	0	0	0	0	0	0	0
ASV.0146	0	0	0	0	37	0	0	0	0	0	0	0	0	0	0	0	0
ASV.0147	0	36	0	0	0	0	0	0	0	0	0	0	0	0	0	0	0
ASV.0148	0	35	0	0	0	0	0	0	0	0	0	0	0	0	0	0	0
ASV.0149	0	0	0	0	0	0	0	0	0	0	0	0	0	0	0	35	0
ASV.0150	0	0	0	0	0	0	0	0	0	0	0	0	0	0	0	34	0
ASV.0151	0	0	0	0	34	0	0	0	0	0	0	0	0	0	0	0	0
ASV.0152	0	0	0	0	0	0	0	0	0	0	0	0	0	0	0	0	33
ASV.0153	0	0	0	0	0	0	0	0	0	0	0	0	0	0	33	0	0
ASV.0154	0	0	0	0	0	0	0	0	0	0	0	0	0	33	0	0	0
ASV.0155	0	32	0	0	0	0	0	0	0	0	0	0	0	0	0	0	0
ASV.0156	0	31	0	0	0	0	0	0	0	0	0	0	0	0	0	0	0
ASV.0157	0	0	0	0	31	0	0	0	0	0	0	0	0	0	0	0	0
ASV.0158	0	0	0	0	0	0	0	0	0	0	0	0	0	0	31	0	0
ASV.0159	0	31	0	0	0	0	0	0	0	0	0	0	0	0	0	0	0
ASV.0160	0	30	0	0	0	0	0	0	0	0	0	0	0	0	0	0	0
ASV.0161	0	0	0	0	0	0	0	0	0	0	0	0	0	0	0	30	0
ASV.0162	0	0	0	0	0	0	0	0	0	0	0	0	0	0	0	30	0
ASV.0163	0	0	0	0	0	0	0	0	0	29	0	0	0	0	0	0	0
ASV.0164	0	0	0	0	0	0	0	0	0	0	0	0	0	0	0	29	0
ASV.0165	0	29	0	0	0	0	0	0	0	0	0	0	0	0	0	0	0
ASV.0166	0	0	0	0	0	0	0	0	0	0	0	0	0	0	29	0	0
ASV.0167	0	0	0	0	0	0	0	7	0	0	0	21	0	0	0	0	0
ASV.0168	0	28	0	0	0	0	0	0	0	0	0	0	0	0	0	0	0
ASV.0169	0	0	0	0	0	0	0	0	0	0	0	0	0	28	0	0	0
ASV.0170	0	0	0	0	0	0	0	0	0	0	0	0	0	0	0	28	0
ASV.0171	0	0	0	0	0	0	0	0	0	0	0	0	11	0	0	0	16
ASV.0172	0	26	0	0	0	0	0	0	0	0	0	0	0	0	0	0	0
ASV.0173	0	0	0	0	0	0	0	0	0	0	0	0	0	14	11	0	0
ASV.0174	0	0	0	0	0	0	0	0	0	0	0	0	0	0	25	0	0
ASV.0175	0	0	0	0	25	0	0	0	0	0	0	0	0	0	0	0	0
ASV.0176	0	0	0	0	0	0	25	0	0	0	0	0	0	0	0	0	0
ASV.0177	0	0	0	0	0	0	0	0	0	0	0	0	0	0	0	24	0
ASV.0178	0	0	0	0	0	15	0	0	3	6	0	0	0	0	0	0	0
ASV.0179	0	24	0	0	0	0	0	0	0	0	0	0	0	0	0	0	0
ASV.0180	0	0	0	0	24	0	0	0	0	0	0	0	0	0	0	0	0
ASV.0181	0	0	0	0	0	0	0	0	0	0	0	0	0	0	0	24	0
ASV.0182	0	0	0	0	23	0	0	0	0	0	0	0	0	0	0	0	0
ASV.0183	0	0	0	0	0	0	0	0	0	0	0	0	0	22	0	0	0
ASV.0184	0	0	0	0	0	0	0	0	0	0	0	0	0	0	0	22	0
ASV.0185	0	22	0	0	0	0	0	0	0	0	0	0	0	0	0	0	0
ASV.0186	0	22	0	0	0	0	0	0	0	0	0	0	0	0	0	0	0
ASV.0187	0	21	0	0	0	0	0	0	0	0	0	0	0	0	0	0	0
ASV.0188	0	20	0	0	0	0	0	0	0	0	1	0	0	0	0	0	0
ASV.0189	0	0	0	0	0	0	0	0	0	0	0	0	0	0	0	0	21
ASV.0190	0	0	0	0	0	0	0	0	0	0	0	0	0	21	0	0	0
ASV.0191	0	0	0	0	0	0	0	0	0	0	0	0	0	21	0	0	0
ASV.0192	0	0	0	0	0	0	0	0	0	0	0	0	0	0	20	0	0
ASV.0193	0	0	0	0	7	13	0	0	0	0	0	0	0	0	0	0	0
ASV.0194	0	20	0	0	0	0	0	0	0	0	0	0	0	0	0	0	0
ASV.0195	0	20	0	0	0	0	0	0	0	0	0	0	0	0	0	0	0
ASV.0196	0	0	0	0	0	0	0	0	0	0	0	0	19	0	0	0	0
ASV.0197	0	0	0	0	0	0	0	0	0	0	0	0	0	19	0	0	0
ASV.0198	0	0	0	0	0	0	0	0	0	0	0	0	0	0	19	0	0
ASV.0199	0	0	0	0	0	0	0	0	0	0	0	0	0	19	0	0	0
ASV.0200	0	0	0	0	0	0	0	0	0	0	0	0	0	0	0	19	0
ASV.0201	0	0	0	0	19	0	0	0	0	0	0	0	0	0	0	0	0
ASV.0202	0	0	0	0	7	0	0	0	0	0	0	0	0	0	0	12	0
ASV.0203	0	0	0	0	0	0	0	0	0	0	0	0	0	0	5	14	0
ASV.0204	0	0	0	0	0	0	19	0	0	0	0	0	0	0	0	0	0
ASV.0205	0	0	0	0	0	0	0	0	0	0	0	0	19	0	0	0	0
ASV.0206	0	0	0	0	0	0	0	0	0	0	0	0	0	0	19	0	0
ASV.0207	0	0	0	0	0	0	0	0	0	0	0	0	0	0	0	19	0
ASV.0208	12	6	0	0	0	0	0	0	0	0	0	0	0	0	0	0	0
ASV.0209	0	0	0	0	18	0	0	0	0	0	0	0	0	0	0	0	0
ASV.0210	0	0	0	0	0	0	18	0	0	0	0	0	0	0	0	0	0
ASV.0211	0	0	0	0	0	0	0	0	0	0	0	0	0	0	0	18	0
ASV.0212	12	6	0	0	0	0	0	0	0	0	0	0	0	0	0	0	0
ASV.0213	0	18	0	0	0	0	0	0	0	0	0	0	0	0	0	0	0
ASV.0214	0	0	0	0	18	0	0	0	0	0	0	0	0	0	0	0	0
ASV.0215	0	0	0	0	18	0	0	0	0	0	0	0	0	0	0	0	0
ASV.0216	0	0	0	0	0	0	0	0	0	0	0	0	0	0	0	18	0
ASV.0217	0	0	0	0	17	0	0	0	0	0	0	0	0	0	0	0	0
ASV.0218	0	0	0	0	0	0	0	0	17	0	0	0	0	0	0	0	0
ASV.0219	0	17	0	0	0	0	0	0	0	0	0	0	0	0	0	0	0
ASV.0220	0	17	0	0	0	0	0	0	0	0	0	0	0	0	0	0	0
ASV.0221	0	0	0	0	0	0	0	0	0	0	0	0	17	0	0	0	0
ASV.0222	0	0	0	6	0	0	0	0	0	10	0	0	0	0	0	0	0
ASV.0223	0	0	0	0	16	0	0	0	0	0	0	0	0	0	0	0	0
ASV.0224	0	0	0	0	0	0	0	0	0	0	0	0	0	0	0	16	0
ASV.0225	0	0	0	0	15	0	0	0	0	0	0	0	0	0	0	0	0
ASV.0226	0	0	0	0	15	0	0	0	0	0	0	0	0	0	0	0	0
ASV.0227	0	0	0	0	0	0	0	0	0	15	0	0	0	0	0	0	0
ASV.0228	0	0	0	0	0	0	0	0	0	0	0	0	0	0	15	0	0
ASV.0229	0	15	0	0	0	0	0	0	0	0	0	0	0	0	0	0	0
ASV.0230	15	0	0	0	0	0	0	0	0	0	0	0	0	0	0	0	0
ASV.0231	0	15	0	0	0	0	0	0	0	0	0	0	0	0	0	0	0
ASV.0232	0	0	0	0	14	0	0	0	0	0	0	0	0	0	0	0	0
ASV.0233	0	0	0	0	14	0	0	0	0	0	0	0	0	0	0	0	0
ASV.0234	0	0	0	0	0	0	0	0	0	0	0	0	0	14	0	0	0
ASV.0235	0	0	0	0	3	0	0	0	0	0	0	0	0	0	11	0	0
ASV.0236	0	14	0	0	0	0	0	0	0	0	0	0	0	0	0	0	0
ASV.0237	0	14	0	0	0	0	0	0	0	0	0	0	0	0	0	0	0
ASV.0238	14	0	0	0	0	0	0	0	0	0	0	0	0	0	0	0	0
ASV.0239	0	14	0	0	0	0	0	0	0	0	0	0	0	0	0	0	0
ASV.0240	0	0	0	0	0	0	14	0	0	0	0	0	0	0	0	0	0
ASV.0241	0	0	0	0	0	0	0	0	0	0	0	0	0	14	0	0	0
ASV.0242	0	0	0	0	0	0	0	0	0	13	0	0	0	0	0	0	0
ASV.0243	0	0	0	0	0	0	0	0	0	0	0	0	0	0	0	0	13
ASV.0244	0	0	0	0	0	0	0	0	0	0	0	0	0	0	0	13	0
ASV.0245	0	13	0	0	0	0	0	0	0	0	0	0	0	0	0	0	0
ASV.0246	0	0	0	0	0	0	0	0	0	0	0	0	0	13	0	0	0
ASV.0247	0	13	0	0	0	0	0	0	0	0	0	0	0	0	0	0	0
ASV.0248	0	13	0	0	0	0	0	0	0	0	0	0	0	0	0	0	0
ASV.0249	12	0	0	0	0	0	0	0	0	0	0	0	0	0	0	0	0
ASV.0250	0	12	0	0	0	0	0	0	0	0	0	0	0	0	0	0	0
ASV.0251	0	12	0	0	0	0	0	0	0	0	0	0	0	0	0	0	0
ASV.0252	0	12	0	0	0	0	0	0	0	0	0	0	0	0	0	0	0
ASV.0253	0	12	0	0	0	0	0	0	0	0	0	0	0	0	0	0	0
ASV.0254	0	0	0	0	0	0	0	0	0	0	0	0	0	0	0	12	0
ASV.0255	0	12	0	0	0	0	0	0	0	0	0	0	0	0	0	0	0
ASV.0256	0	0	0	0	10	0	0	0	0	0	0	0	0	0	2	0	0
ASV.0257	0	0	0	0	12	0	0	0	0	0	0	0	0	0	0	0	0
ASV.0258	12	0	0	0	0	0	0	0	0	0	0	0	0	0	0	0	0
ASV.0259	0	0	0	0	0	0	0	0	0	0	0	0	0	0	5	7	0
ASV.0260	0	12	0	0	0	0	0	0	0	0	0	0	0	0	0	0	0
ASV.0261	0	12	0	0	0	0	0	0	0	0	0	0	0	0	0	0	0
ASV.0262	0	0	0	0	12	0	0	0	0	0	0	0	0	0	0	0	0
ASV.0263	0	0	0	0	0	0	0	0	0	12	0	0	0	0	0	0	0
ASV.0264	0	0	0	0	0	0	0	0	0	0	0	0	0	12	0	0	0
ASV.0265	0	0	0	0	0	0	0	0	0	0	0	0	0	0	0	12	0
ASV.0266	11	0	0	0	0	0	0	0	0	0	0	0	0	0	0	0	0
ASV.0267	0	0	0	0	11	0	0	0	0	0	0	0	0	0	0	0	0
ASV.0268	0	0	0	0	11	0	0	0	0	0	0	0	0	0	0	0	0
ASV.0269	0	0	0	0	0	0	0	0	0	0	0	0	0	11	0	0	0
ASV.0270	0	0	0	0	0	0	0	0	0	0	0	0	0	11	0	0	0
ASV.0271	0	0	0	0	0	0	0	0	0	0	0	0	0	11	0	0	0
ASV.0272	0	0	0	0	0	0	0	0	0	0	0	0	0	0	0	11	0
ASV.0273	0	7	0	0	0	0	0	0	0	0	0	0	0	0	0	4	0
ASV.0274	0	11	0	0	0	0	0	0	0	0	0	0	0	0	0	0	0
ASV.0275	0	11	0	0	0	0	0	0	0	0	0	0	0	0	0	0	0
ASV.0276	0	11	0	0	0	0	0	0	0	0	0	0	0	0	0	0	0
ASV.0277	0	11	0	0	0	0	0	0	0	0	0	0	0	0	0	0	0
ASV.0278	0	0	0	0	8	0	0	0	0	0	0	0	0	0	3	0	0
ASV.0279	0	0	0	0	11	0	0	0	0	0	0	0	0	0	0	0	0
ASV.0280	0	0	0	0	0	0	0	0	0	0	0	0	0	0	0	11	0
ASV.0281	0	11	0	0	0	0	0	0	0	0	0	0	0	0	0	0	0
ASV.0282	0	11	0	0	0	0	0	0	0	0	0	0	0	0	0	0	0
ASV.0283	0	4	7	0	0	0	0	0	0	0	0	0	0	0	0	0	0
ASV.0284	0	0	0	0	11	0	0	0	0	0	0	0	0	0	0	0	0
ASV.0285	0	0	0	0	11	0	0	0	0	0	0	0	0	0	0	0	0
ASV.0286	0	0	0	0	11	0	0	0	0	0	0	0	0	0	0	0	0
ASV.0287	0	0	0	0	0	0	0	0	0	0	0	0	0	0	0	11	0
ASV.0288	10	0	0	0	0	0	0	0	0	0	0	0	0	0	0	0	0
ASV.0289	0	10	0	0	0	0	0	0	0	0	0	0	0	0	0	0	0
ASV.0290	0	0	0	0	10	0	0	0	0	0	0	0	0	0	0	0	0
ASV.0291	0	0	0	0	10	0	0	0	0	0	0	0	0	0	0	0	0
ASV.0292	0	0	0	0	0	10	0	0	0	0	0	0	0	0	0	0	0
ASV.0293	0	0	0	0	0	0	0	0	0	0	0	0	0	10	0	0	0
ASV.0294	0	0	0	0	0	0	0	0	0	0	0	0	0	0	0	10	0
ASV.0295	0	0	0	0	0	0	0	0	0	0	0	0	0	0	0	10	0
ASV.0296	0	10	0	0	0	0	0	0	0	0	0	0	0	0	0	0	0
ASV.0297	0	10	0	0	0	0	0	0	0	0	0	0	0	0	0	0	0
ASV.0298	0	10	0	0	0	0	0	0	0	0	0	0	0	0	0	0	0
ASV.0299	0	0	0	0	0	0	0	0	0	0	0	0	0	10	0	0	0
ASV.0300	0	10	0	0	0	0	0	0	0	0	0	0	0	0	0	0	0
ASV.0301	0	10	0	0	0	0	0	0	0	0	0	0	0	0	0	0	0
ASV.0302	0	10	0	0	0	0	0	0	0	0	0	0	0	0	0	0	0
ASV.0303	0	10	0	0	0	0	0	0	0	0	0	0	0	0	0	0	0
ASV.0304	0	10	0	0	0	0	0	0	0	0	0	0	0	0	0	0	0
ASV.0305	0	6	0	0	0	0	4	0	0	0	0	0	0	0	0	0	0
ASV.0306	0	0	0	0	10	0	0	0	0	0	0	0	0	0	0	0	0
ASV.0307	0	0	0	0	10	0	0	0	0	0	0	0	0	0	0	0	0
ASV.0308	0	0	0	0	10	0	0	0	0	0	0	0	0	0	0	0	0
ASV.0309	0	0	0	0	0	0	0	0	10	0	0	0	0	0	0	0	0
ASV.0310	0	0	0	0	0	0	0	0	0	10	0	0	0	0	0	0	0
ASV.0311	0	0	0	0	0	0	0	0	0	0	0	0	0	0	0	10	0
ASV.0312	0	9	0	0	0	0	0	0	0	0	0	0	0	0	0	0	0
ASV.0313	0	9	0	0	0	0	0	0	0	0	0	0	0	0	0	0	0
ASV.0314	0	9	0	0	0	0	0	0	0	0	0	0	0	0	0	0	0
ASV.0315	0	0	9	0	0	0	0	0	0	0	0	0	0	0	0	0	0
ASV.0316	0	0	0	0	9	0	0	0	0	0	0	0	0	0	0	0	0
ASV.0317	0	0	0	0	9	0	0	0	0	0	0	0	0	0	0	0	0
ASV.0318	0	0	0	0	9	0	0	0	0	0	0	0	0	0	0	0	0
ASV.0319	0	0	0	0	0	0	9	0	0	0	0	0	0	0	0	0	0
ASV.0320	0	0	0	0	0	0	0	0	0	0	0	0	0	9	0	0	0
ASV.0321	0	0	0	0	0	0	0	0	0	0	0	0	0	9	0	0	0
ASV.0322	0	0	0	0	0	0	0	0	0	0	0	0	0	0	9	0	0
ASV.0323	0	0	0	0	0	0	0	0	0	0	0	0	0	0	0	9	0
ASV.0324	0	9	0	0	0	0	0	0	0	0	0	0	0	0	0	0	0
ASV.0325	0	9	0	0	0	0	0	0	0	0	0	0	0	0	0	0	0
ASV.0326	0	0	0	0	0	0	0	0	0	0	0	0	0	6	0	3	0
ASV.0327	0	0	0	0	9	0	0	0	0	0	0	0	0	0	0	0	0
ASV.0328	0	0	0	0	0	0	0	9	0	0	0	0	0	0	0	0	0
ASV.0329	0	0	0	0	9	0	0	0	0	0	0	0	0	0	0	0	0
ASV.0330	0	9	0	0	0	0	0	0	0	0	0	0	0	0	0	0	0
ASV.0331	0	9	0	0	0	0	0	0	0	0	0	0	0	0	0	0	0
ASV.0332	0	0	0	0	9	0	0	0	0	0	0	0	0	0	0	0	0
ASV.0333	0	0	0	0	9	0	0	0	0	0	0	0	0	0	0	0	0
ASV.0334	0	0	0	0	0	0	0	0	0	0	0	0	0	9	0	0	0
ASV.0335	0	0	0	0	0	0	0	0	0	0	0	0	0	0	9	0	0
ASV.0336	0	0	0	0	0	0	0	0	0	0	0	0	0	0	0	9	0
ASV.0337	8	0	0	0	0	0	0	0	0	0	0	0	0	0	0	0	0
ASV.0338	0	8	0	0	0	0	0	0	0	0	0	0	0	0	0	0	0
ASV.0339	0	0	0	0	8	0	0	0	0	0	0	0	0	0	0	0	0
ASV.0340	0	0	0	0	0	0	0	0	0	0	0	0	0	8	0	0	0
ASV.0341	0	0	0	0	0	0	0	0	0	0	0	0	0	8	0	0	0
ASV.0342	0	8	0	0	0	0	0	0	0	0	0	0	0	0	0	0	0
ASV.0343	0	8	0	0	0	0	0	0	0	0	0	0	0	0	0	0	0
ASV.0344	0	8	0	0	0	0	0	0	0	0	0	0	0	0	0	0	0
ASV.0345	0	8	0	0	0	0	0	0	0	0	0	0	0	0	0	0	0
ASV.0346	0	0	0	0	8	0	0	0	0	0	0	0	0	0	0	0	0
ASV.0347	0	8	0	0	0	0	0	0	0	0	0	0	0	0	0	0	0
ASV.0348	0	8	0	0	0	0	0	0	0	0	0	0	0	0	0	0	0
ASV.0349	0	8	0	0	0	0	0	0	0	0	0	0	0	0	0	0	0
ASV.0350	0	0	0	0	6	2	0	0	0	0	0	0	0	0	0	0	0
ASV.0351	8	0	0	0	0	0	0	0	0	0	0	0	0	0	0	0	0
ASV.0352	8	0	0	0	0	0	0	0	0	0	0	0	0	0	0	0	0
ASV.0353	8	0	0	0	0	0	0	0	0	0	0	0	0	0	0	0	0
ASV.0354	0	8	0	0	0	0	0	0	0	0	0	0	0	0	0	0	0
ASV.0355	0	8	0	0	0	0	0	0	0	0	0	0	0	0	0	0	0
ASV.0356	0	0	0	0	8	0	0	0	0	0	0	0	0	0	0	0	0
ASV.0357	0	0	0	0	0	0	0	0	0	0	0	0	0	8	0	0	0
ASV.0358	0	0	0	0	0	0	0	0	0	0	0	0	0	0	0	8	0
ASV.0359	7	0	0	0	0	0	0	0	0	0	0	0	0	0	0	0	0
ASV.0360	0	7	0	0	0	0	0	0	0	0	0	0	0	0	0	0	0
ASV.0361	0	7	0	0	0	0	0	0	0	0	0	0	0	0	0	0	0
ASV.0362	0	7	0	0	0	0	0	0	0	0	0	0	0	0	0	0	0
ASV.0363	0	7	0	0	0	0	0	0	0	0	0	0	0	0	0	0	0
ASV.0364	0	7	0	0	0	0	0	0	0	0	0	0	0	0	0	0	0
ASV.0365	0	7	0	0	0	0	0	0	0	0	0	0	0	0	0	0	0
ASV.0366	0	7	0	0	0	0	0	0	0	0	0	0	0	0	0	0	0
ASV.0367	0	0	0	0	7	0	0	0	0	0	0	0	0	0	0	0	0
ASV.0368	0	0	0	0	0	0	0	0	0	0	0	0	0	0	7	0	0
ASV.0369	0	0	0	0	0	0	0	0	0	0	0	0	0	0	0	7	0
ASV.0370	0	0	0	0	0	0	0	0	0	0	0	0	0	0	0	7	0
ASV.0371	0	7	0	0	0	0	0	0	0	0	0	0	0	0	0	0	0
ASV.0372	0	7	0	0	0	0	0	0	0	0	0	0	0	0	0	0	0
ASV.0373	0	0	0	0	0	0	0	0	0	0	0	0	0	0	0	7	0
ASV.0374	7	0	0	0	0	0	0	0	0	0	0	0	0	0	0	0	0
ASV.0375	7	0	0	0	0	0	0	0	0	0	0	0	0	0	0	0	0
ASV.0376	7	0	0	0	0	0	0	0	0	0	0	0	0	0	0	0	0
ASV.0377	0	7	0	0	0	0	0	0	0	0	0	0	0	0	0	0	0
ASV.0378	0	7	0	0	0	0	0	0	0	0	0	0	0	0	0	0	0
ASV.0379	0	7	0	0	0	0	0	0	0	0	0	0	0	0	0	0	0
ASV.0380	0	7	0	0	0	0	0	0	0	0	0	0	0	0	0	0	0
ASV.0381	0	7	0	0	0	0	0	0	0	0	0	0	0	0	0	0	0
ASV.0382	0	7	0	0	0	0	0	0	0	0	0	0	0	0	0	0	0
ASV.0383	0	0	0	0	7	0	0	0	0	0	0	0	0	0	0	0	0
ASV.0384	0	0	0	0	7	0	0	0	0	0	0	0	0	0	0	0	0
ASV.0385	0	0	0	0	7	0	0	0	0	0	0	0	0	0	0	0	0
ASV.0386	0	0	0	0	0	0	0	0	0	0	0	0	0	0	0	7	0
ASV.0387	0	0	0	0	0	0	0	0	0	0	0	0	0	0	0	7	0
ASV.0388	0	0	0	0	0	0	0	0	0	0	0	0	0	0	0	7	0
ASV.0389	0	0	0	0	0	0	0	0	0	0	0	0	0	0	0	7	0
ASV.0390	0	0	0	0	0	0	0	0	0	0	0	0	0	0	0	7	0
ASV.0391	0	0	0	0	0	0	0	0	0	0	0	0	0	0	0	7	0
ASV.0392	0	6	0	0	0	0	0	0	0	0	0	0	0	0	0	0	0
ASV.0393	0	6	0	0	0	0	0	0	0	0	0	0	0	0	0	0	0
ASV.0394	0	6	0	0	0	0	0	0	0	0	0	0	0	0	0	0	0
ASV.0395	0	6	0	0	0	0	0	0	0	0	0	0	0	0	0	0	0
ASV.0396	0	6	0	0	0	0	0	0	0	0	0	0	0	0	0	0	0
ASV.0397	0	6	0	0	0	0	0	0	0	0	0	0	0	0	0	0	0
ASV.0398	0	6	0	0	0	0	0	0	0	0	0	0	0	0	0	0	0
ASV.0399	0	6	0	0	0	0	0	0	0	0	0	0	0	0	0	0	0
ASV.0400	0	6	0	0	0	0	0	0	0	0	0	0	0	0	0	0	0
ASV.0401	0	0	0	0	6	0	0	0	0	0	0	0	0	0	0	0	0
ASV.0402	0	0	0	0	6	0	0	0	0	0	0	0	0	0	0	0	0
ASV.0403	0	0	0	0	0	0	0	0	6	0	0	0	0	0	0	0	0
ASV.0404	0	0	0	0	0	0	0	0	0	0	0	0	6	0	0	0	0
ASV.0405	0	0	0	0	0	0	0	0	0	0	0	0	0	6	0	0	0
ASV.0406	0	0	0	0	0	0	0	0	0	0	0	0	0	6	0	0	0
ASV.0407	0	0	0	0	0	0	0	0	0	0	0	0	0	6	0	0	0
ASV.0408	0	0	0	0	0	0	0	0	0	0	0	0	0	0	6	0	0
ASV.0409	0	0	0	0	0	0	0	0	0	0	0	0	0	0	0	6	0
ASV.0410	0	0	0	0	0	0	0	0	0	0	0	0	0	0	0	6	0
ASV.0411	0	0	0	0	0	0	0	0	0	0	0	0	0	0	0	6	0
ASV.0412	0	6	0	0	0	0	0	0	0	0	0	0	0	0	0	0	0
ASV.0413	0	0	0	0	6	0	0	0	0	0	0	0	0	0	0	0	0
ASV.0414	0	6	0	0	0	0	0	0	0	0	0	0	0	0	0	0	0
ASV.0415	0	0	0	0	6	0	0	0	0	0	0	0	0	0	0	0	0
ASV.0416	0	0	0	0	0	0	0	0	0	0	0	0	0	0	0	6	0
ASV.0417	0	6	0	0	0	0	0	0	0	0	0	0	0	0	0	0	0
ASV.0418	0	0	0	0	6	0	0	0	0	0	0	0	0	0	0	0	0
ASV.0419	0	0	0	0	0	0	0	0	0	0	0	0	0	2	0	4	0
ASV.0420	0	6	0	0	0	0	0	0	0	0	0	0	0	0	0	0	0
ASV.0421	0	6	0	0	0	0	0	0	0	0	0	0	0	0	0	0	0
ASV.0422	0	6	0	0	0	0	0	0	0	0	0	0	0	0	0	0	0
ASV.0423	0	6	0	0	0	0	0	0	0	0	0	0	0	0	0	0	0
ASV.0424	0	6	0	0	0	0	0	0	0	0	0	0	0	0	0	0	0
ASV.0425	0	6	0	0	0	0	0	0	0	0	0	0	0	0	0	0	0
ASV.0426	0	6	0	0	0	0	0	0	0	0	0	0	0	0	0	0	0
ASV.0427	0	6	0	0	0	0	0	0	0	0	0	0	0	0	0	0	0
ASV.0428	0	6	0	0	0	0	0	0	0	0	0	0	0	0	0	0	0
ASV.0429	0	6	0	0	0	0	0	0	0	0	0	0	0	0	0	0	0
ASV.0430	0	6	0	0	0	0	0	0	0	0	0	0	0	0	0	0	0
ASV.0431	0	0	6	0	0	0	0	0	0	0	0	0	0	0	0	0	0
ASV.0432	0	0	0	0	6	0	0	0	0	0	0	0	0	0	0	0	0
ASV.0433	0	0	0	0	6	0	0	0	0	0	0	0	0	0	0	0	0
ASV.0434	0	0	0	0	0	0	6	0	0	0	0	0	0	0	0	0	0
ASV.0435	0	0	0	0	0	0	0	0	0	0	0	0	0	6	0	0	0
ASV.0436	0	0	0	0	0	0	0	0	0	0	0	0	0	6	0	0	0
ASV.0437	0	0	0	0	0	0	0	0	0	0	0	0	0	6	0	0	0
ASV.0438	0	0	0	0	0	0	0	0	0	0	0	0	0	0	6	0	0
ASV.0439	0	0	0	0	0	0	0	0	0	0	0	0	0	0	6	0	0
ASV.0440	0	0	0	0	0	0	0	0	0	0	0	0	0	0	0	6	0
ASV.0441	0	0	0	0	0	0	0	0	0	0	0	0	0	0	0	6	0
ASV.0442	0	5	0	0	0	0	0	0	0	0	0	0	0	0	0	0	0
ASV.0443	0	5	0	0	0	0	0	0	0	0	0	0	0	0	0	0	0
ASV.0444	0	5	0	0	0	0	0	0	0	0	0	0	0	0	0	0	0
ASV.0445	0	5	0	0	0	0	0	0	0	0	0	0	0	0	0	0	0
ASV.0446	0	5	0	0	0	0	0	0	0	0	0	0	0	0	0	0	0
ASV.0447	0	5	0	0	0	0	0	0	0	0	0	0	0	0	0	0	0
ASV.0448	0	5	0	0	0	0	0	0	0	0	0	0	0	0	0	0	0
ASV.0449	0	5	0	0	0	0	0	0	0	0	0	0	0	0	0	0	0
ASV.0450	0	5	0	0	0	0	0	0	0	0	0	0	0	0	0	0	0
ASV.0451	0	5	0	0	0	0	0	0	0	0	0	0	0	0	0	0	0
ASV.0452	0	2	0	0	0	0	3	0	0	0	0	0	0	0	0	0	0
ASV.0453	0	5	0	0	0	0	0	0	0	0	0	0	0	0	0	0	0
ASV.0454	0	5	0	0	0	0	0	0	0	0	0	0	0	0	0	0	0
ASV.0455	0	0	0	0	5	0	0	0	0	0	0	0	0	0	0	0	0
ASV.0456	0	0	0	0	5	0	0	0	0	0	0	0	0	0	0	0	0
ASV.0457	0	0	0	0	5	0	0	0	0	0	0	0	0	0	0	0	0
ASV.0458	0	0	0	0	5	0	0	0	0	0	0	0	0	0	0	0	0
ASV.0459	0	0	0	0	5	0	0	0	0	0	0	0	0	0	0	0	0
ASV.0460	0	0	0	0	5	0	0	0	0	0	0	0	0	0	0	0	0
ASV.0461	0	0	0	0	5	0	0	0	0	0	0	0	0	0	0	0	0
ASV.0462	0	0	0	0	5	0	0	0	0	0	0	0	0	0	0	0	0
ASV.0463	0	0	0	0	0	0	0	0	0	0	0	0	0	5	0	0	0
ASV.0464	0	0	0	0	0	0	0	0	0	0	0	0	0	5	0	0	0
ASV.0465	0	0	0	0	0	0	0	0	0	0	0	0	0	5	0	0	0
ASV.0466	0	0	0	0	0	0	0	0	0	0	0	0	0	0	5	0	0
ASV.0467	0	0	0	0	0	0	0	0	0	0	0	0	0	0	0	5	0
ASV.0468	0	0	0	0	0	0	0	0	0	0	0	0	0	0	0	5	0
ASV.0469	5	0	0	0	0	0	0	0	0	0	0	0	0	0	0	0	0
ASV.0470	5	0	0	0	0	0	0	0	0	0	0	0	0	0	0	0	0
ASV.0471	0	5	0	0	0	0	0	0	0	0	0	0	0	0	0	0	0
ASV.0472	5	0	0	0	0	0	0	0	0	0	0	0	0	0	0	0	0
ASV.0473	5	0	0	0	0	0	0	0	0	0	0	0	0	0	0	0	0
ASV.0474	5	0	0	0	0	0	0	0	0	0	0	0	0	0	0	0	0
ASV.0475	5	0	0	0	0	0	0	0	0	0	0	0	0	0	0	0	0
ASV.0476	0	5	0	0	0	0	0	0	0	0	0	0	0	0	0	0	0
ASV.0477	0	5	0	0	0	0	0	0	0	0	0	0	0	0	0	0	0
ASV.0478	0	5	0	0	0	0	0	0	0	0	0	0	0	0	0	0	0
ASV.0479	0	5	0	0	0	0	0	0	0	0	0	0	0	0	0	0	0
ASV.0480	0	5	0	0	0	0	0	0	0	0	0	0	0	0	0	0	0
ASV.0481	0	5	0	0	0	0	0	0	0	0	0	0	0	0	0	0	0
ASV.0482	0	5	0	0	0	0	0	0	0	0	0	0	0	0	0	0	0
ASV.0483	0	5	0	0	0	0	0	0	0	0	0	0	0	0	0	0	0
ASV.0484	0	5	0	0	0	0	0	0	0	0	0	0	0	0	0	0	0
ASV.0485	0	5	0	0	0	0	0	0	0	0	0	0	0	0	0	0	0
ASV.0486	0	5	0	0	0	0	0	0	0	0	0	0	0	0	0	0	0
ASV.0487	0	5	0	0	0	0	0	0	0	0	0	0	0	0	0	0	0
ASV.0488	0	5	0	0	0	0	0	0	0	0	0	0	0	0	0	0	0
ASV.0489	0	0	0	0	5	0	0	0	0	0	0	0	0	0	0	0	0
ASV.0490	0	0	0	0	5	0	0	0	0	0	0	0	0	0	0	0	0
ASV.0491	0	0	0	0	5	0	0	0	0	0	0	0	0	0	0	0	0
ASV.0492	0	0	0	0	5	0	0	0	0	0	0	0	0	0	0	0	0
ASV.0493	0	0	0	0	5	0	0	0	0	0	0	0	0	0	0	0	0
ASV.0494	0	0	0	0	0	0	0	0	5	0	0	0	0	0	0	0	0
ASV.0495	0	0	0	0	0	0	0	0	0	0	0	0	0	5	0	0	0
ASV.0496	0	0	0	0	0	0	0	0	0	0	0	0	0	5	0	0	0
ASV.0497	0	0	0	0	0	0	0	0	0	0	0	0	0	0	5	0	0
ASV.0498	0	0	0	0	0	0	0	0	0	0	0	0	0	0	0	5	0
ASV.0499	0	0	0	0	0	0	0	0	0	0	0	0	0	0	0	5	0
ASV.0500	0	0	0	0	0	0	0	0	0	0	0	0	0	0	0	5	0
ASV.0501	0	0	0	0	0	0	0	0	0	0	0	0	0	0	0	5	0
ASV.0502	0	0	0	0	0	0	0	0	0	0	0	0	0	0	0	5	0
ASV.0503	4	0	0	0	0	0	0	0	0	0	0	0	0	0	0	0	0
ASV.0504	4	0	0	0	0	0	0	0	0	0	0	0	0	0	0	0	0
ASV.0505	4	0	0	0	0	0	0	0	0	0	0	0	0	0	0	0	0
ASV.0506	4	0	0	0	0	0	0	0	0	0	0	0	0	0	0	0	0
ASV.0507	4	0	0	0	0	0	0	0	0	0	0	0	0	0	0	0	0
ASV.0508	0	4	0	0	0	0	0	0	0	0	0	0	0	0	0	0	0
ASV.0509	0	4	0	0	0	0	0	0	0	0	0	0	0	0	0	0	0
ASV.0510	0	4	0	0	0	0	0	0	0	0	0	0	0	0	0	0	0
ASV.0511	0	4	0	0	0	0	0	0	0	0	0	0	0	0	0	0	0
ASV.0512	0	4	0	0	0	0	0	0	0	0	0	0	0	0	0	0	0
ASV.0513	0	4	0	0	0	0	0	0	0	0	0	0	0	0	0	0	0
ASV.0514	0	4	0	0	0	0	0	0	0	0	0	0	0	0	0	0	0
ASV.0515	0	4	0	0	0	0	0	0	0	0	0	0	0	0	0	0	0
ASV.0516	0	4	0	0	0	0	0	0	0	0	0	0	0	0	0	0	0
ASV.0517	0	4	0	0	0	0	0	0	0	0	0	0	0	0	0	0	0
ASV.0518	0	4	0	0	0	0	0	0	0	0	0	0	0	0	0	0	0
ASV.0519	0	4	0	0	0	0	0	0	0	0	0	0	0	0	0	0	0
ASV.0520	0	4	0	0	0	0	0	0	0	0	0	0	0	0	0	0	0
ASV.0521	0	4	0	0	0	0	0	0	0	0	0	0	0	0	0	0	0
ASV.0522	0	4	0	0	0	0	0	0	0	0	0	0	0	0	0	0	0
ASV.0523	0	4	0	0	0	0	0	0	0	0	0	0	0	0	0	0	0
ASV.0524	0	0	0	0	4	0	0	0	0	0	0	0	0	0	0	0	0
ASV.0525	0	0	0	0	4	0	0	0	0	0	0	0	0	0	0	0	0
ASV.0526	0	0	0	0	4	0	0	0	0	0	0	0	0	0	0	0	0
ASV.0527	0	0	0	0	4	0	0	0	0	0	0	0	0	0	0	0	0
ASV.0528	0	0	0	0	4	0	0	0	0	0	0	0	0	0	0	0	0
ASV.0529	0	0	0	0	4	0	0	0	0	0	0	0	0	0	0	0	0
ASV.0530	0	0	0	0	4	0	0	0	0	0	0	0	0	0	0	0	0
ASV.0531	0	0	0	0	4	0	0	0	0	0	0	0	0	0	0	0	0
ASV.0532	0	0	0	0	0	0	4	0	0	0	0	0	0	0	0	0	0
ASV.0533	0	0	0	0	0	0	0	0	0	0	0	4	0	0	0	0	0
ASV.0534	0	0	0	0	0	0	0	0	0	0	0	0	0	4	0	0	0
ASV.0535	0	0	0	0	0	0	0	0	0	0	0	0	0	4	0	0	0
ASV.0536	0	0	0	0	0	0	0	0	0	0	0	0	0	4	0	0	0
ASV.0537	0	0	0	0	0	0	0	0	0	0	0	0	0	0	4	0	0
ASV.0538	0	0	0	0	0	0	0	0	0	0	0	0	0	0	4	0	0
ASV.0539	0	0	0	0	0	0	0	0	0	0	0	0	0	0	4	0	0
ASV.0540	0	0	0	0	0	0	0	0	0	0	0	0	0	0	0	4	0
ASV.0541	0	0	0	0	0	0	0	0	0	0	0	0	0	0	0	4	0
ASV.0542	0	0	0	0	0	0	0	0	0	0	0	0	0	0	0	4	0
ASV.0543	0	0	0	0	0	0	0	0	0	0	0	0	0	0	0	4	0
ASV.0544	0	0	0	0	0	0	0	0	0	0	0	0	0	0	0	4	0
ASV.0545	0	0	0	0	0	0	0	0	0	0	0	0	0	0	0	4	0
ASV.0546	0	0	0	0	0	0	0	0	0	0	0	0	0	0	0	4	0
ASV.0547	0	0	0	0	0	0	0	0	0	0	0	0	0	0	0	4	0
ASV.0548	0	0	0	0	0	0	0	0	0	0	0	0	0	0	0	4	0
ASV.0549	0	0	0	0	0	0	0	0	0	0	0	0	0	0	0	4	0
ASV.0550	4	0	0	0	0	0	0	0	0	0	0	0	0	0	0	0	0
ASV.0551	0	0	0	0	4	0	0	0	0	0	0	0	0	0	0	0	0
ASV.0552	0	0	0	0	0	0	0	0	0	0	0	0	0	4	0	0	0
ASV.0553	0	4	0	0	0	0	0	0	0	0	0	0	0	0	0	0	0
ASV.0554	4	0	0	0	0	0	0	0	0	0	0	0	0	0	0	0	0
ASV.0555	4	0	0	0	0	0	0	0	0	0	0	0	0	0	0	0	0
ASV.0556	4	0	0	0	0	0	0	0	0	0	0	0	0	0	0	0	0
ASV.0557	4	0	0	0	0	0	0	0	0	0	0	0	0	0	0	0	0
ASV.0558	0	4	0	0	0	0	0	0	0	0	0	0	0	0	0	0	0
ASV.0559	0	4	0	0	0	0	0	0	0	0	0	0	0	0	0	0	0
ASV.0560	0	4	0	0	0	0	0	0	0	0	0	0	0	0	0	0	0
ASV.0561	0	4	0	0	0	0	0	0	0	0	0	0	0	0	0	0	0
ASV.0562	0	4	0	0	0	0	0	0	0	0	0	0	0	0	0	0	0
ASV.0563	0	4	0	0	0	0	0	0	0	0	0	0	0	0	0	0	0
ASV.0564	0	4	0	0	0	0	0	0	0	0	0	0	0	0	0	0	0
ASV.0565	0	4	0	0	0	0	0	0	0	0	0	0	0	0	0	0	0
ASV.0566	0	4	0	0	0	0	0	0	0	0	0	0	0	0	0	0	0
ASV.0567	0	4	0	0	0	0	0	0	0	0	0	0	0	0	0	0	0
ASV.0568	0	4	0	0	0	0	0	0	0	0	0	0	0	0	0	0	0
ASV.0569	0	4	0	0	0	0	0	0	0	0	0	0	0	0	0	0	0
ASV.0570	0	4	0	0	0	0	0	0	0	0	0	0	0	0	0	0	0
ASV.0571	0	4	0	0	0	0	0	0	0	0	0	0	0	0	0	0	0
ASV.0572	0	4	0	0	0	0	0	0	0	0	0	0	0	0	0	0	0
ASV.0573	0	4	0	0	0	0	0	0	0	0	0	0	0	0	0	0	0
ASV.0574	0	4	0	0	0	0	0	0	0	0	0	0	0	0	0	0	0
ASV.0575	0	0	0	0	4	0	0	0	0	0	0	0	0	0	0	0	0
ASV.0576	0	0	0	0	4	0	0	0	0	0	0	0	0	0	0	0	0
ASV.0577	0	0	0	0	4	0	0	0	0	0	0	0	0	0	0	0	0
ASV.0578	0	0	0	0	4	0	0	0	0	0	0	0	0	0	0	0	0
ASV.0579	0	0	0	0	4	0	0	0	0	0	0	0	0	0	0	0	0
ASV.0580	0	0	0	0	4	0	0	0	0	0	0	0	0	0	0	0	0
ASV.0581	0	0	0	0	4	0	0	0	0	0	0	0	0	0	0	0	0
ASV.0582	0	0	0	0	0	0	4	0	0	0	0	0	0	0	0	0	0
ASV.0583	0	0	0	0	0	0	0	0	0	0	0	0	0	4	0	0	0
ASV.0584	0	0	0	0	0	0	0	0	0	0	0	0	0	4	0	0	0
ASV.0585	0	0	0	0	0	0	0	0	0	0	0	0	0	4	0	0	0
ASV.0586	0	0	0	0	0	0	0	0	0	0	0	0	0	4	0	0	0
ASV.0587	0	0	0	0	0	0	0	0	0	0	0	0	0	4	0	0	0
ASV.0588	0	0	0	0	0	0	0	0	0	0	0	0	0	4	0	0	0
ASV.0589	0	0	0	0	0	0	0	0	0	0	0	0	0	4	0	0	0
ASV.0590	0	0	0	0	0	0	0	0	0	0	0	0	0	4	0	0	0
ASV.0591	0	0	0	0	0	0	0	0	0	0	0	0	0	4	0	0	0
ASV.0592	0	0	0	0	0	0	0	0	0	0	0	0	0	4	0	0	0
ASV.0593	0	0	0	0	0	0	0	0	0	0	0	0	0	0	4	0	0
ASV.0594	0	0	0	0	0	0	0	0	0	0	0	0	0	0	4	0	0
ASV.0595	0	0	0	0	0	0	0	0	0	0	0	0	0	0	4	0	0
ASV.0596	0	0	0	0	0	0	0	0	0	0	0	0	0	0	4	0	0
ASV.0597	0	0	0	0	0	0	0	0	0	0	0	0	0	0	0	4	0
ASV.0598	0	0	0	0	0	0	0	0	0	0	0	0	0	0	0	4	0
ASV.0599	0	0	0	0	0	0	0	0	0	0	0	0	0	0	0	4	0
ASV.0600	0	0	0	0	0	0	0	0	0	0	0	0	0	0	0	4	0
ASV.0601	0	0	0	0	0	0	0	0	0	0	0	0	0	0	0	4	0
ASV.0602	0	0	0	0	0	0	0	0	0	0	0	0	0	0	0	4	0
ASV.0603	0	0	0	0	0	0	0	0	0	0	0	0	0	0	0	4	0
ASV.0604	3	0	0	0	0	0	0	0	0	0	0	0	0	0	0	0	0
ASV.0605	3	0	0	0	0	0	0	0	0	0	0	0	0	0	0	0	0
ASV.0606	3	0	0	0	0	0	0	0	0	0	0	0	0	0	0	0	0
ASV.0607	3	0	0	0	0	0	0	0	0	0	0	0	0	0	0	0	0
ASV.0608	3	0	0	0	0	0	0	0	0	0	0	0	0	0	0	0	0
ASV.0609	3	0	0	0	0	0	0	0	0	0	0	0	0	0	0	0	0
ASV.0610	3	0	0	0	0	0	0	0	0	0	0	0	0	0	0	0	0
ASV.0611	0	3	0	0	0	0	0	0	0	0	0	0	0	0	0	0	0
ASV.0612	0	3	0	0	0	0	0	0	0	0	0	0	0	0	0	0	0
ASV.0613	0	3	0	0	0	0	0	0	0	0	0	0	0	0	0	0	0
ASV.0614	0	3	0	0	0	0	0	0	0	0	0	0	0	0	0	0	0
ASV.0615	0	3	0	0	0	0	0	0	0	0	0	0	0	0	0	0	0
ASV.0616	0	3	0	0	0	0	0	0	0	0	0	0	0	0	0	0	0
ASV.0617	0	3	0	0	0	0	0	0	0	0	0	0	0	0	0	0	0
ASV.0618	0	3	0	0	0	0	0	0	0	0	0	0	0	0	0	0	0
ASV.0619	0	3	0	0	0	0	0	0	0	0	0	0	0	0	0	0	0
ASV.0620	0	3	0	0	0	0	0	0	0	0	0	0	0	0	0	0	0
ASV.0621	0	3	0	0	0	0	0	0	0	0	0	0	0	0	0	0	0
ASV.0622	0	3	0	0	0	0	0	0	0	0	0	0	0	0	0	0	0
ASV.0623	0	3	0	0	0	0	0	0	0	0	0	0	0	0	0	0	0
ASV.0624	0	3	0	0	0	0	0	0	0	0	0	0	0	0	0	0	0
ASV.0625	0	3	0	0	0	0	0	0	0	0	0	0	0	0	0	0	0
ASV.0626	0	3	0	0	0	0	0	0	0	0	0	0	0	0	0	0	0
ASV.0627	0	3	0	0	0	0	0	0	0	0	0	0	0	0	0	0	0
ASV.0628	0	3	0	0	0	0	0	0	0	0	0	0	0	0	0	0	0
ASV.0629	0	3	0	0	0	0	0	0	0	0	0	0	0	0	0	0	0
ASV.0630	0	3	0	0	0	0	0	0	0	0	0	0	0	0	0	0	0
ASV.0631	0	3	0	0	0	0	0	0	0	0	0	0	0	0	0	0	0
ASV.0632	0	3	0	0	0	0	0	0	0	0	0	0	0	0	0	0	0
ASV.0633	0	3	0	0	0	0	0	0	0	0	0	0	0	0	0	0	0
ASV.0634	0	3	0	0	0	0	0	0	0	0	0	0	0	0	0	0	0
ASV.0635	0	3	0	0	0	0	0	0	0	0	0	0	0	0	0	0	0
ASV.0636	0	3	0	0	0	0	0	0	0	0	0	0	0	0	0	0	0
ASV.0637	0	3	0	0	0	0	0	0	0	0	0	0	0	0	0	0	0
ASV.0638	0	3	0	0	0	0	0	0	0	0	0	0	0	0	0	0	0
ASV.0639	0	3	0	0	0	0	0	0	0	0	0	0	0	0	0	0	0
ASV.0640	0	0	0	0	3	0	0	0	0	0	0	0	0	0	0	0	0
ASV.0641	0	0	0	0	3	0	0	0	0	0	0	0	0	0	0	0	0
ASV.0642	0	0	0	0	3	0	0	0	0	0	0	0	0	0	0	0	0
ASV.0643	0	0	0	0	3	0	0	0	0	0	0	0	0	0	0	0	0
ASV.0644	0	0	0	0	3	0	0	0	0	0	0	0	0	0	0	0	0
ASV.0645	0	0	0	0	3	0	0	0	0	0	0	0	0	0	0	0	0
ASV.0646	0	0	0	0	3	0	0	0	0	0	0	0	0	0	0	0	0
ASV.0647	0	0	0	0	3	0	0	0	0	0	0	0	0	0	0	0	0
ASV.0648	0	0	0	0	3	0	0	0	0	0	0	0	0	0	0	0	0
ASV.0649	0	0	0	0	3	0	0	0	0	0	0	0	0	0	0	0	0
ASV.0650	0	0	0	0	3	0	0	0	0	0	0	0	0	0	0	0	0
ASV.0651	0	0	0	0	3	0	0	0	0	0	0	0	0	0	0	0	0
ASV.0652	0	0	0	0	3	0	0	0	0	0	0	0	0	0	0	0	0
ASV.0653	0	0	0	0	3	0	0	0	0	0	0	0	0	0	0	0	0
ASV.0654	0	0	0	0	3	0	0	0	0	0	0	0	0	0	0	0	0
ASV.0655	0	0	0	0	0	0	3	0	0	0	0	0	0	0	0	0	0
ASV.0656	0	0	0	0	0	0	3	0	0	0	0	0	0	0	0	0	0
ASV.0657	0	0	0	0	0	0	3	0	0	0	0	0	0	0	0	0	0
ASV.0658	0	0	0	0	0	0	0	3	0	0	0	0	0	0	0	0	0
ASV.0659	0	0	0	0	0	0	0	0	3	0	0	0	0	0	0	0	0
ASV.0660	0	0	0	0	0	0	0	0	3	0	0	0	0	0	0	0	0
ASV.0661	0	0	0	0	0	0	0	0	3	0	0	0	0	0	0	0	0
ASV.0662	0	0	0	0	0	0	0	0	3	0	0	0	0	0	0	0	0
ASV.0663	0	0	0	0	0	0	0	0	0	0	0	0	0	3	0	0	0
ASV.0664	0	0	0	0	0	0	0	0	0	0	0	0	0	3	0	0	0
ASV.0665	0	0	0	0	0	0	0	0	0	0	0	0	0	3	0	0	0
ASV.0666	0	0	0	0	0	0	0	0	0	0	0	0	0	3	0	0	0
ASV.0667	0	0	0	0	0	0	0	0	0	0	0	0	0	3	0	0	0
ASV.0668	0	0	0	0	0	0	0	0	0	0	0	0	0	3	0	0	0
ASV.0669	0	0	0	0	0	0	0	0	0	0	0	0	0	3	0	0	0
ASV.0670	0	0	0	0	0	0	0	0	0	0	0	0	0	3	0	0	0
ASV.0671	0	0	0	0	0	0	0	0	0	0	0	0	0	3	0	0	0
ASV.0672	0	0	0	0	0	0	0	0	0	0	0	0	0	0	3	0	0
ASV.0673	0	0	0	0	0	0	0	0	0	0	0	0	0	0	3	0	0
ASV.0674	0	0	0	0	0	0	0	0	0	0	0	0	0	0	3	0	0
ASV.0675	0	0	0	0	0	0	0	0	0	0	0	0	0	0	3	0	0
ASV.0676	0	0	0	0	0	0	0	0	0	0	0	0	0	0	3	0	0
ASV.0677	0	0	0	0	0	0	0	0	0	0	0	0	0	0	3	0	0
ASV.0678	0	0	0	0	0	0	0	0	0	0	0	0	0	0	3	0	0
ASV.0679	0	0	0	0	0	0	0	0	0	0	0	0	0	0	0	3	0
ASV.0680	0	0	0	0	0	0	0	0	0	0	0	0	0	0	0	3	0
ASV.0681	0	0	0	0	0	0	0	0	0	0	0	0	0	0	0	3	0
ASV.0682	0	0	0	0	0	0	0	0	0	0	0	0	0	0	0	3	0
ASV.0683	0	0	0	0	0	0	0	0	0	0	0	0	0	0	0	3	0
ASV.0684	0	0	0	0	0	0	0	0	0	0	0	0	0	0	0	3	0
ASV.0685	0	0	0	0	0	0	0	0	0	0	0	0	0	0	0	3	0
ASV.0686	0	0	0	0	0	0	0	0	0	0	0	0	0	0	0	3	0
ASV.0687	0	0	0	0	0	0	0	0	0	0	0	0	0	0	0	3	0
ASV.0688	0	0	0	0	0	0	0	0	0	0	0	0	0	0	0	3	0
ASV.0689	0	0	0	0	0	0	0	0	0	0	0	0	0	0	0	3	0
ASV.0690	0	0	0	0	0	0	0	0	0	0	0	0	0	0	0	3	0
ASV.0691	0	0	0	0	0	0	0	0	0	0	0	0	0	0	0	3	0
ASV.0692	3	0	0	0	0	0	0	0	0	0	0	0	0	0	0	0	0
ASV.0693	3	0	0	0	0	0	0	0	0	0	0	0	0	0	0	0	0
ASV.0694	3	0	0	0	0	0	0	0	0	0	0	0	0	0	0	0	0
ASV.0695	0	3	0	0	0	0	0	0	0	0	0	0	0	0	0	0	0
ASV.0696	0	3	0	0	0	0	0	0	0	0	0	0	0	0	0	0	0
ASV.0697	0	3	0	0	0	0	0	0	0	0	0	0	0	0	0	0	0
ASV.0698	0	3	0	0	0	0	0	0	0	0	0	0	0	0	0	0	0
ASV.0699	0	3	0	0	0	0	0	0	0	0	0	0	0	0	0	0	0
ASV.0700	0	3	0	0	0	0	0	0	0	0	0	0	0	0	0	0	0
ASV.0701	0	3	0	0	0	0	0	0	0	0	0	0	0	0	0	0	0
ASV.0702	0	3	0	0	0	0	0	0	0	0	0	0	0	0	0	0	0
ASV.0703	0	3	0	0	0	0	0	0	0	0	0	0	0	0	0	0	0
ASV.0704	0	3	0	0	0	0	0	0	0	0	0	0	0	0	0	0	0
ASV.0705	0	3	0	0	0	0	0	0	0	0	0	0	0	0	0	0	0
ASV.0706	0	3	0	0	0	0	0	0	0	0	0	0	0	0	0	0	0
ASV.0707	0	3	0	0	0	0	0	0	0	0	0	0	0	0	0	0	0
ASV.0708	0	3	0	0	0	0	0	0	0	0	0	0	0	0	0	0	0
ASV.0709	0	3	0	0	0	0	0	0	0	0	0	0	0	0	0	0	0
ASV.0710	0	3	0	0	0	0	0	0	0	0	0	0	0	0	0	0	0
ASV.0711	0	3	0	0	0	0	0	0	0	0	0	0	0	0	0	0	0
ASV.0712	0	3	0	0	0	0	0	0	0	0	0	0	0	0	0	0	0
ASV.0713	0	3	0	0	0	0	0	0	0	0	0	0	0	0	0	0	0
ASV.0714	0	3	0	0	0	0	0	0	0	0	0	0	0	0	0	0	0
ASV.0715	0	3	0	0	0	0	0	0	0	0	0	0	0	0	0	0	0
ASV.0716	0	3	0	0	0	0	0	0	0	0	0	0	0	0	0	0	0
ASV.0717	0	3	0	0	0	0	0	0	0	0	0	0	0	0	0	0	0
ASV.0718	0	3	0	0	0	0	0	0	0	0	0	0	0	0	0	0	0
ASV.0719	0	3	0	0	0	0	0	0	0	0	0	0	0	0	0	0	0
ASV.0720	0	3	0	0	0	0	0	0	0	0	0	0	0	0	0	0	0
ASV.0721	0	3	0	0	0	0	0	0	0	0	0	0	0	0	0	0	0
ASV.0722	0	3	0	0	0	0	0	0	0	0	0	0	0	0	0	0	0
ASV.0723	0	3	0	0	0	0	0	0	0	0	0	0	0	0	0	0	0
ASV.0724	0	3	0	0	0	0	0	0	0	0	0	0	0	0	0	0	0
ASV.0725	0	3	0	0	0	0	0	0	0	0	0	0	0	0	0	0	0
ASV.0726	0	3	0	0	0	0	0	0	0	0	0	0	0	0	0	0	0
ASV.0727	0	3	0	0	0	0	0	0	0	0	0	0	0	0	0	0	0
ASV.0728	0	3	0	0	0	0	0	0	0	0	0	0	0	0	0	0	0
ASV.0729	0	3	0	0	0	0	0	0	0	0	0	0	0	0	0	0	0
ASV.0730	0	3	0	0	0	0	0	0	0	0	0	0	0	0	0	0	0
ASV.0731	0	3	0	0	0	0	0	0	0	0	0	0	0	0	0	0	0
ASV.0732	0	3	0	0	0	0	0	0	0	0	0	0	0	0	0	0	0
ASV.0733	0	0	3	0	0	0	0	0	0	0	0	0	0	0	0	0	0
ASV.0734	0	0	3	0	0	0	0	0	0	0	0	0	0	0	0	0	0
ASV.0735	0	0	0	0	3	0	0	0	0	0	0	0	0	0	0	0	0
ASV.0736	0	0	0	0	3	0	0	0	0	0	0	0	0	0	0	0	0
ASV.0737	0	0	0	0	3	0	0	0	0	0	0	0	0	0	0	0	0
ASV.0738	0	0	0	0	3	0	0	0	0	0	0	0	0	0	0	0	0
ASV.0739	0	0	0	0	3	0	0	0	0	0	0	0	0	0	0	0	0
ASV.0740	0	0	0	0	3	0	0	0	0	0	0	0	0	0	0	0	0
ASV.0741	0	0	0	0	3	0	0	0	0	0	0	0	0	0	0	0	0
ASV.0742	0	0	0	0	3	0	0	0	0	0	0	0	0	0	0	0	0
ASV.0743	0	0	0	0	3	0	0	0	0	0	0	0	0	0	0	0	0
ASV.0744	0	0	0	0	3	0	0	0	0	0	0	0	0	0	0	0	0
ASV.0745	0	0	0	0	3	0	0	0	0	0	0	0	0	0	0	0	0
ASV.0746	0	0	0	0	3	0	0	0	0	0	0	0	0	0	0	0	0
ASV.0747	0	0	0	0	3	0	0	0	0	0	0	0	0	0	0	0	0
ASV.0748	0	0	0	0	3	0	0	0	0	0	0	0	0	0	0	0	0
ASV.0749	0	0	0	0	3	0	0	0	0	0	0	0	0	0	0	0	0
ASV.0750	0	0	0	0	3	0	0	0	0	0	0	0	0	0	0	0	0
ASV.0751	0	0	0	0	3	0	0	0	0	0	0	0	0	0	0	0	0
ASV.0752	0	0	0	0	3	0	0	0	0	0	0	0	0	0	0	0	0
ASV.0753	0	0	0	0	3	0	0	0	0	0	0	0	0	0	0	0	0
ASV.0754	0	0	0	0	3	0	0	0	0	0	0	0	0	0	0	0	0
ASV.0755	0	0	0	0	0	0	3	0	0	0	0	0	0	0	0	0	0
ASV.0756	0	0	0	0	0	0	3	0	0	0	0	0	0	0	0	0	0
ASV.0757	0	0	0	0	0	0	3	0	0	0	0	0	0	0	0	0	0
ASV.0758	0	0	0	0	0	0	3	0	0	0	0	0	0	0	0	0	0
ASV.0759	0	0	0	0	0	0	0	0	0	0	0	0	0	3	0	0	0
ASV.0760	0	0	0	0	0	0	0	0	0	0	0	0	0	3	0	0	0
ASV.0761	0	0	0	0	0	0	0	0	0	0	0	0	0	3	0	0	0
ASV.0762	0	0	0	0	0	0	0	0	0	0	0	0	0	3	0	0	0
ASV.0763	0	0	0	0	0	0	0	0	0	0	0	0	0	3	0	0	0
ASV.0764	0	0	0	0	0	0	0	0	0	0	0	0	0	3	0	0	0
ASV.0765	0	0	0	0	0	0	0	0	0	0	0	0	0	3	0	0	0
ASV.0766	0	0	0	0	0	0	0	0	0	0	0	0	0	3	0	0	0
ASV.0767	0	0	0	0	0	0	0	0	0	0	0	0	0	0	3	0	0
ASV.0768	0	0	0	0	0	0	0	0	0	0	0	0	0	0	0	3	0
ASV.0769	0	0	0	0	0	0	0	0	0	0	0	0	0	0	0	3	0
ASV.0770	0	0	0	0	0	0	0	0	0	0	0	0	0	0	0	3	0
ASV.0771	0	0	0	0	0	0	0	0	0	0	0	0	0	0	0	3	0
ASV.0772	0	0	0	0	0	0	0	0	0	0	0	0	0	0	0	3	0
ASV.0773	0	0	0	0	0	0	0	0	0	0	0	0	0	0	0	3	0
ASV.0774	0	0	0	0	0	0	0	0	0	0	0	0	0	0	0	3	0
ASV.0775	0	0	0	0	0	0	0	0	0	0	0	0	0	0	0	3	0
ASV.0776	0	0	0	0	0	0	0	0	0	0	0	0	0	0	0	3	0
ASV.0777	0	0	0	0	0	0	0	0	0	0	0	0	0	0	0	3	0
ASV.0778	0	0	0	0	0	0	0	0	0	0	0	0	0	0	0	3	0
ASV.0779	0	0	0	0	0	0	0	0	0	0	0	0	0	0	0	3	0
ASV.0780	0	0	0	0	0	0	0	0	0	0	0	0	0	0	0	3	0
ASV.0781	0	0	0	0	0	0	0	0	0	0	0	0	0	0	0	3	0
ASV.0782	0	0	0	0	0	0	0	0	0	0	0	0	0	0	0	3	0
ASV.0783	0	0	0	0	0	0	0	0	0	0	0	0	0	0	0	3	0
ASV.0784	0	0	0	0	0	0	0	0	0	0	0	0	0	0	0	3	0
ASV.0785	0	0	0	0	0	0	0	0	0	0	0	0	0	0	0	3	0
ASV.0786	0	0	0	0	0	0	0	0	0	0	0	0	0	0	0	0	3
ASV.0787	2	0	0	0	0	0	0	0	0	0	0	0	0	0	0	0	0
ASV.0788	2	0	0	0	0	0	0	0	0	0	0	0	0	0	0	0	0
ASV.0789	2	0	0	0	0	0	0	0	0	0	0	0	0	0	0	0	0
ASV.0790	2	0	0	0	0	0	0	0	0	0	0	0	0	0	0	0	0
ASV.0791	2	0	0	0	0	0	0	0	0	0	0	0	0	0	0	0	0
ASV.0792	2	0	0	0	0	0	0	0	0	0	0	0	0	0	0	0	0
ASV.0793	2	0	0	0	0	0	0	0	0	0	0	0	0	0	0	0	0
ASV.0794	2	0	0	0	0	0	0	0	0	0	0	0	0	0	0	0	0
ASV.0795	2	0	0	0	0	0	0	0	0	0	0	0	0	0	0	0	0
ASV.0796	0	2	0	0	0	0	0	0	0	0	0	0	0	0	0	0	0
ASV.0797	0	2	0	0	0	0	0	0	0	0	0	0	0	0	0	0	0
ASV.0798	0	2	0	0	0	0	0	0	0	0	0	0	0	0	0	0	0
ASV.0799	0	2	0	0	0	0	0	0	0	0	0	0	0	0	0	0	0
ASV.0800	0	2	0	0	0	0	0	0	0	0	0	0	0	0	0	0	0
ASV.0801	0	2	0	0	0	0	0	0	0	0	0	0	0	0	0	0	0
ASV.0802	0	2	0	0	0	0	0	0	0	0	0	0	0	0	0	0	0
ASV.0803	0	2	0	0	0	0	0	0	0	0	0	0	0	0	0	0	0
ASV.0804	0	2	0	0	0	0	0	0	0	0	0	0	0	0	0	0	0
ASV.0805	0	2	0	0	0	0	0	0	0	0	0	0	0	0	0	0	0
ASV.0806	0	2	0	0	0	0	0	0	0	0	0	0	0	0	0	0	0
ASV.0807	0	2	0	0	0	0	0	0	0	0	0	0	0	0	0	0	0
ASV.0808	0	2	0	0	0	0	0	0	0	0	0	0	0	0	0	0	0
ASV.0809	0	2	0	0	0	0	0	0	0	0	0	0	0	0	0	0	0
ASV.0810	0	2	0	0	0	0	0	0	0	0	0	0	0	0	0	0	0
ASV.0811	0	2	0	0	0	0	0	0	0	0	0	0	0	0	0	0	0
ASV.0812	0	2	0	0	0	0	0	0	0	0	0	0	0	0	0	0	0
ASV.0813	0	2	0	0	0	0	0	0	0	0	0	0	0	0	0	0	0
ASV.0814	0	2	0	0	0	0	0	0	0	0	0	0	0	0	0	0	0
ASV.0815	0	2	0	0	0	0	0	0	0	0	0	0	0	0	0	0	0
ASV.0816	0	2	0	0	0	0	0	0	0	0	0	0	0	0	0	0	0
ASV.0817	0	2	0	0	0	0	0	0	0	0	0	0	0	0	0	0	0
ASV.0818	0	2	0	0	0	0	0	0	0	0	0	0	0	0	0	0	0
ASV.0819	0	2	0	0	0	0	0	0	0	0	0	0	0	0	0	0	0
ASV.0820	0	2	0	0	0	0	0	0	0	0	0	0	0	0	0	0	0
ASV.0821	0	2	0	0	0	0	0	0	0	0	0	0	0	0	0	0	0
ASV.0822	0	2	0	0	0	0	0	0	0	0	0	0	0	0	0	0	0
ASV.0823	0	2	0	0	0	0	0	0	0	0	0	0	0	0	0	0	0
ASV.0824	0	2	0	0	0	0	0	0	0	0	0	0	0	0	0	0	0
ASV.0825	0	2	0	0	0	0	0	0	0	0	0	0	0	0	0	0	0
ASV.0826	0	2	0	0	0	0	0	0	0	0	0	0	0	0	0	0	0
ASV.0827	0	2	0	0	0	0	0	0	0	0	0	0	0	0	0	0	0
ASV.0828	0	0	0	0	2	0	0	0	0	0	0	0	0	0	0	0	0
ASV.0829	0	0	0	0	2	0	0	0	0	0	0	0	0	0	0	0	0
ASV.0830	0	0	0	0	2	0	0	0	0	0	0	0	0	0	0	0	0
ASV.0831	0	0	0	0	2	0	0	0	0	0	0	0	0	0	0	0	0
ASV.0832	0	0	0	0	2	0	0	0	0	0	0	0	0	0	0	0	0
ASV.0833	0	0	0	0	2	0	0	0	0	0	0	0	0	0	0	0	0
ASV.0834	0	0	0	0	2	0	0	0	0	0	0	0	0	0	0	0	0
ASV.0835	0	0	0	0	2	0	0	0	0	0	0	0	0	0	0	0	0
ASV.0836	0	0	0	0	2	0	0	0	0	0	0	0	0	0	0	0	0
ASV.0837	0	0	0	0	2	0	0	0	0	0	0	0	0	0	0	0	0
ASV.0838	0	0	0	0	2	0	0	0	0	0	0	0	0	0	0	0	0
ASV.0839	0	0	0	0	2	0	0	0	0	0	0	0	0	0	0	0	0
ASV.0840	0	0	0	0	2	0	0	0	0	0	0	0	0	0	0	0	0
ASV.0841	0	0	0	0	2	0	0	0	0	0	0	0	0	0	0	0	0
ASV.0842	0	0	0	0	2	0	0	0	0	0	0	0	0	0	0	0	0
ASV.0843	0	0	0	0	2	0	0	0	0	0	0	0	0	0	0	0	0
ASV.0844	0	0	0	0	2	0	0	0	0	0	0	0	0	0	0	0	0
ASV.0845	0	0	0	0	2	0	0	0	0	0	0	0	0	0	0	0	0
ASV.0846	0	0	0	0	2	0	0	0	0	0	0	0	0	0	0	0	0
ASV.0847	0	0	0	0	2	0	0	0	0	0	0	0	0	0	0	0	0
ASV.0848	0	0	0	0	2	0	0	0	0	0	0	0	0	0	0	0	0
ASV.0849	0	0	0	0	0	2	0	0	0	0	0	0	0	0	0	0	0
ASV.0850	0	0	0	0	0	0	2	0	0	0	0	0	0	0	0	0	0
ASV.0851	0	0	0	0	0	0	2	0	0	0	0	0	0	0	0	0	0
ASV.0852	0	0	0	0	0	0	2	0	0	0	0	0	0	0	0	0	0
ASV.0853	0	0	0	0	0	0	2	0	0	0	0	0	0	0	0	0	0
ASV.0854	0	0	0	0	0	0	2	0	0	0	0	0	0	0	0	0	0
ASV.0855	0	0	0	0	0	0	2	0	0	0	0	0	0	0	0	0	0
ASV.0856	0	0	0	0	0	0	2	0	0	0	0	0	0	0	0	0	0
ASV.0857	0	0	0	0	0	0	0	0	2	0	0	0	0	0	0	0	0
ASV.0858	0	0	0	0	0	0	0	0	2	0	0	0	0	0	0	0	0
ASV.0859	0	0	0	0	0	0	0	0	2	0	0	0	0	0	0	0	0
ASV.0860	0	0	0	0	0	0	0	0	2	0	0	0	0	0	0	0	0
ASV.0861	0	0	0	0	0	0	0	0	2	0	0	0	0	0	0	0	0
ASV.0862	0	0	0	0	0	0	0	0	2	0	0	0	0	0	0	0	0
ASV.0863	0	0	0	0	0	0	0	0	2	0	0	0	0	0	0	0	0
ASV.0864	0	0	0	0	0	0	0	0	2	0	0	0	0	0	0	0	0
ASV.0865	0	0	0	0	0	0	0	0	0	2	0	0	0	0	0	0	0
ASV.0866	0	0	0	0	0	0	0	0	0	0	0	0	0	2	0	0	0
ASV.0867	0	0	0	0	0	0	0	0	0	0	0	0	0	2	0	0	0
ASV.0868	0	0	0	0	0	0	0	0	0	0	0	0	0	2	0	0	0
ASV.0869	0	0	0	0	0	0	0	0	0	0	0	0	0	2	0	0	0
ASV.0870	0	0	0	0	0	0	0	0	0	0	0	0	0	2	0	0	0
ASV.0871	0	0	0	0	0	0	0	0	0	0	0	0	0	2	0	0	0
ASV.0872	0	0	0	0	0	0	0	0	0	0	0	0	0	2	0	0	0
ASV.0873	0	0	0	0	0	0	0	0	0	0	0	0	0	2	0	0	0
ASV.0874	0	0	0	0	0	0	0	0	0	0	0	0	0	2	0	0	0
ASV.0875	0	0	0	0	0	0	0	0	0	0	0	0	0	2	0	0	0
ASV.0876	0	0	0	0	0	0	0	0	0	0	0	0	0	2	0	0	0
ASV.0877	0	0	0	0	0	0	0	0	0	0	0	0	0	2	0	0	0
ASV.0878	0	0	0	0	0	0	0	0	0	0	0	0	0	2	0	0	0
ASV.0879	0	0	0	0	0	0	0	0	0	0	0	0	0	2	0	0	0
ASV.0880	0	0	0	0	0	0	0	0	0	0	0	0	0	2	0	0	0
ASV.0881	0	0	0	0	0	0	0	0	0	0	0	0	0	2	0	0	0
ASV.0882	0	0	0	0	0	0	0	0	0	0	0	0	0	2	0	0	0
ASV.0883	0	0	0	0	0	0	0	0	0	0	0	0	0	2	0	0	0
ASV.0884	0	0	0	0	0	0	0	0	0	0	0	0	0	2	0	0	0
ASV.0885	0	0	0	0	0	0	0	0	0	0	0	0	0	2	0	0	0
ASV.0886	0	0	0	0	0	0	0	0	0	0	0	0	0	2	0	0	0
ASV.0887	0	0	0	0	0	0	0	0	0	0	0	0	0	0	2	0	0
ASV.0888	0	0	0	0	0	0	0	0	0	0	0	0	0	0	2	0	0
ASV.0889	0	0	0	0	0	0	0	0	0	0	0	0	0	0	2	0	0
ASV.0890	0	0	0	0	0	0	0	0	0	0	0	0	0	0	2	0	0
ASV.0891	0	0	0	0	0	0	0	0	0	0	0	0	0	0	2	0	0
ASV.0892	0	0	0	0	0	0	0	0	0	0	0	0	0	0	2	0	0
ASV.0893	0	0	0	0	0	0	0	0	0	0	0	0	0	0	0	2	0
ASV.0894	0	0	0	0	0	0	0	0	0	0	0	0	0	0	0	2	0
ASV.0895	0	0	0	0	0	0	0	0	0	0	0	0	0	0	0	2	0
ASV.0896	0	0	0	0	0	0	0	0	0	0	0	0	0	0	0	2	0
ASV.0897	0	0	0	0	0	0	0	0	0	0	0	0	0	0	0	2	0
ASV.0898	0	0	0	0	0	0	0	0	0	0	0	0	0	0	0	2	0
ASV.0899	0	0	0	0	0	0	0	0	0	0	0	0	0	0	0	2	0
ASV.0900	0	0	0	0	0	0	0	0	0	0	0	0	0	0	0	2	0
ASV.0901	0	0	0	0	0	0	0	0	0	0	0	0	0	0	0	2	0
ASV.0902	0	0	0	0	0	0	0	0	0	0	0	0	0	0	0	2	0
ASV.0903	0	0	0	0	0	0	0	0	0	0	0	0	0	0	0	2	0
ASV.0904	0	0	0	0	0	0	0	0	0	0	0	0	0	0	0	2	0
ASV.0905	0	0	0	0	0	0	0	0	0	0	0	0	0	0	0	2	0
ASV.0906	0	0	0	0	0	0	0	0	0	0	0	0	0	0	0	2	0
ASV.0907	0	0	0	0	0	0	0	0	0	0	0	0	0	0	0	2	0
ASV.0908	0	0	0	0	0	0	0	0	0	0	0	0	0	0	0	2	0
ASV.0909	0	0	0	0	0	0	0	0	0	0	0	0	0	0	0	2	0
ASV.0910	0	0	0	0	0	0	0	0	0	0	0	0	0	0	0	2	0
ASV.0911	0	0	0	0	0	0	0	0	0	0	0	0	0	0	0	2	0
ASV.0912	0	0	0	0	0	0	0	0	0	0	0	0	0	0	0	2	0
ASV.0913	0	0	0	0	0	0	0	0	0	0	0	0	0	0	0	2	0
ASV.0914	2	0	0	0	0	0	0	0	0	0	0	0	0	0	0	0	0
ASV.0915	2	0	0	0	0	0	0	0	0	0	0	0	0	0	0	0	0
ASV.0916	2	0	0	0	0	0	0	0	0	0	0	0	0	0	0	0	0
ASV.0917	2	0	0	0	0	0	0	0	0	0	0	0	0	0	0	0	0
ASV.0918	2	0	0	0	0	0	0	0	0	0	0	0	0	0	0	0	0
ASV.0919	2	0	0	0	0	0	0	0	0	0	0	0	0	0	0	0	0
ASV.0920	2	0	0	0	0	0	0	0	0	0	0	0	0	0	0	0	0
ASV.0921	0	2	0	0	0	0	0	0	0	0	0	0	0	0	0	0	0
ASV.0922	0	2	0	0	0	0	0	0	0	0	0	0	0	0	0	0	0
ASV.0923	0	2	0	0	0	0	0	0	0	0	0	0	0	0	0	0	0
ASV.0924	0	2	0	0	0	0	0	0	0	0	0	0	0	0	0	0	0
ASV.0925	0	2	0	0	0	0	0	0	0	0	0	0	0	0	0	0	0
ASV.0926	0	2	0	0	0	0	0	0	0	0	0	0	0	0	0	0	0
ASV.0927	0	2	0	0	0	0	0	0	0	0	0	0	0	0	0	0	0
ASV.0928	0	2	0	0	0	0	0	0	0	0	0	0	0	0	0	0	0
ASV.0929	0	2	0	0	0	0	0	0	0	0	0	0	0	0	0	0	0
ASV.0930	0	2	0	0	0	0	0	0	0	0	0	0	0	0	0	0	0
ASV.0931	0	2	0	0	0	0	0	0	0	0	0	0	0	0	0	0	0
ASV.0932	0	2	0	0	0	0	0	0	0	0	0	0	0	0	0	0	0
ASV.0933	0	2	0	0	0	0	0	0	0	0	0	0	0	0	0	0	0
ASV.0934	0	2	0	0	0	0	0	0	0	0	0	0	0	0	0	0	0
ASV.0935	0	2	0	0	0	0	0	0	0	0	0	0	0	0	0	0	0
ASV.0936	0	2	0	0	0	0	0	0	0	0	0	0	0	0	0	0	0
ASV.0937	0	2	0	0	0	0	0	0	0	0	0	0	0	0	0	0	0
ASV.0938	0	2	0	0	0	0	0	0	0	0	0	0	0	0	0	0	0
ASV.0939	0	2	0	0	0	0	0	0	0	0	0	0	0	0	0	0	0
ASV.0940	0	2	0	0	0	0	0	0	0	0	0	0	0	0	0	0	0
ASV.0941	0	2	0	0	0	0	0	0	0	0	0	0	0	0	0	0	0
ASV.0942	0	2	0	0	0	0	0	0	0	0	0	0	0	0	0	0	0
ASV.0943	0	2	0	0	0	0	0	0	0	0	0	0	0	0	0	0	0
ASV.0944	0	2	0	0	0	0	0	0	0	0	0	0	0	0	0	0	0
ASV.0945	0	2	0	0	0	0	0	0	0	0	0	0	0	0	0	0	0
ASV.0946	0	2	0	0	0	0	0	0	0	0	0	0	0	0	0	0	0
ASV.0947	0	2	0	0	0	0	0	0	0	0	0	0	0	0	0	0	0
ASV.0948	0	2	0	0	0	0	0	0	0	0	0	0	0	0	0	0	0
ASV.0949	0	2	0	0	0	0	0	0	0	0	0	0	0	0	0	0	0
ASV.0950	0	2	0	0	0	0	0	0	0	0	0	0	0	0	0	0	0
ASV.0951	0	2	0	0	0	0	0	0	0	0	0	0	0	0	0	0	0
ASV.0952	0	2	0	0	0	0	0	0	0	0	0	0	0	0	0	0	0
ASV.0953	0	0	0	0	2	0	0	0	0	0	0	0	0	0	0	0	0
ASV.0954	0	0	0	0	2	0	0	0	0	0	0	0	0	0	0	0	0
ASV.0955	0	0	0	0	2	0	0	0	0	0	0	0	0	0	0	0	0
ASV.0956	0	0	0	0	2	0	0	0	0	0	0	0	0	0	0	0	0
ASV.0957	0	0	0	0	2	0	0	0	0	0	0	0	0	0	0	0	0
ASV.0958	0	0	0	0	2	0	0	0	0	0	0	0	0	0	0	0	0
ASV.0959	0	0	0	0	2	0	0	0	0	0	0	0	0	0	0	0	0
ASV.0960	0	0	0	0	2	0	0	0	0	0	0	0	0	0	0	0	0
ASV.0961	0	0	0	0	2	0	0	0	0	0	0	0	0	0	0	0	0
ASV.0962	0	0	0	0	2	0	0	0	0	0	0	0	0	0	0	0	0
ASV.0963	0	0	0	0	2	0	0	0	0	0	0	0	0	0	0	0	0
ASV.0964	0	0	0	0	2	0	0	0	0	0	0	0	0	0	0	0	0
ASV.0965	0	0	0	0	2	0	0	0	0	0	0	0	0	0	0	0	0
ASV.0966	0	0	0	0	2	0	0	0	0	0	0	0	0	0	0	0	0
ASV.0967	0	0	0	0	2	0	0	0	0	0	0	0	0	0	0	0	0
ASV.0968	0	0	0	0	2	0	0	0	0	0	0	0	0	0	0	0	0
ASV.0969	0	0	0	0	2	0	0	0	0	0	0	0	0	0	0	0	0
ASV.0970	0	0	0	0	2	0	0	0	0	0	0	0	0	0	0	0	0
ASV.0971	0	0	0	0	2	0	0	0	0	0	0	0	0	0	0	0	0
ASV.0972	0	0	0	0	2	0	0	0	0	0	0	0	0	0	0	0	0
ASV.0973	0	0	0	0	2	0	0	0	0	0	0	0	0	0	0	0	0
ASV.0974	0	0	0	0	0	0	2	0	0	0	0	0	0	0	0	0	0
ASV.0975	0	0	0	0	0	0	2	0	0	0	0	0	0	0	0	0	0
ASV.0976	0	0	0	0	0	0	2	0	0	0	0	0	0	0	0	0	0
ASV.0977	0	0	0	0	0	0	2	0	0	0	0	0	0	0	0	0	0
ASV.0978	0	0	0	0	0	0	2	0	0	0	0	0	0	0	0	0	0
ASV.0979	0	0	0	0	0	0	0	0	2	0	0	0	0	0	0	0	0
ASV.0980	0	0	0	0	0	0	0	0	2	0	0	0	0	0	0	0	0
ASV.0981	0	0	0	0	0	0	0	0	2	0	0	0	0	0	0	0	0
ASV.0982	0	0	0	0	0	0	0	0	0	2	0	0	0	0	0	0	0
ASV.0983	0	0	0	0	0	0	0	0	0	0	0	0	0	2	0	0	0
ASV.0984	0	0	0	0	0	0	0	0	0	0	0	0	0	2	0	0	0
ASV.0985	0	0	0	0	0	0	0	0	0	0	0	0	0	2	0	0	0
ASV.0986	0	0	0	0	0	0	0	0	0	0	0	0	0	2	0	0	0
ASV.0987	0	0	0	0	0	0	0	0	0	0	0	0	0	2	0	0	0
ASV.0988	0	0	0	0	0	0	0	0	0	0	0	0	0	2	0	0	0
ASV.0989	0	0	0	0	0	0	0	0	0	0	0	0	0	2	0	0	0
ASV.0990	0	0	0	0	0	0	0	0	0	0	0	0	0	2	0	0	0
ASV.0991	0	0	0	0	0	0	0	0	0	0	0	0	0	2	0	0	0
ASV.0992	0	0	0	0	0	0	0	0	0	0	0	0	0	2	0	0	0
ASV.0993	0	0	0	0	0	0	0	0	0	0	0	0	0	2	0	0	0
ASV.0994	0	0	0	0	0	0	0	0	0	0	0	0	0	0	2	0	0
ASV.0995	0	0	0	0	0	0	0	0	0	0	0	0	0	0	2	0	0
ASV.0996	0	0	0	0	0	0	0	0	0	0	0	0	0	0	2	0	0
ASV.0997	0	0	0	0	0	0	0	0	0	0	0	0	0	0	2	0	0
ASV.0998	0	0	0	0	0	0	0	0	0	0	0	0	0	0	2	0	0
ASV.0999	0	0	0	0	0	0	0	0	0	0	0	0	0	0	2	0	0
ASV.01000	0	0	0	0	0	0	0	0	0	0	0	0	0	0	2	0	0
ASV.01001	0	0	0	0	0	0	0	0	0	0	0	0	0	0	2	0	0
ASV.01002	0	0	0	0	0	0	0	0	0	0	0	0	0	0	0	2	0
ASV.01003	0	0	0	0	0	0	0	0	0	0	0	0	0	0	0	2	0
ASV.01004	0	0	0	0	0	0	0	0	0	0	0	0	0	0	0	2	0
ASV.01005	0	0	0	0	0	0	0	0	0	0	0	0	0	0	0	2	0
ASV.01006	0	0	0	0	0	0	0	0	0	0	0	0	0	0	0	2	0
ASV.01007	0	0	0	0	0	0	0	0	0	0	0	0	0	0	0	2	0
ASV.01008	0	0	0	0	0	0	0	0	0	0	0	0	0	0	0	2	0
ASV.01009	0	0	0	0	0	0	0	0	0	0	0	0	0	0	0	2	0
ASV.01010	0	0	0	0	0	0	0	0	0	0	0	0	0	0	0	2	0
ASV.01011	0	0	0	0	0	0	0	0	0	0	0	0	0	0	0	2	0
ASV.01012	0	0	0	0	0	0	0	0	0	0	0	0	0	0	0	2	0
ASV.01013	0	0	0	0	0	0	0	0	0	0	0	0	0	0	0	2	0
ASV.01014	0	0	0	0	0	0	0	0	0	0	0	0	0	0	0	2	0
ASV.01015	0	0	0	0	0	0	0	0	0	0	0	0	0	0	0	2	0
ASV.01016	0	0	0	0	0	0	0	0	0	0	0	0	0	0	0	2	0
ASV.01017	0	0	0	0	0	0	0	0	0	0	0	0	0	0	0	2	0
ASV.01018	0	0	0	0	0	0	0	0	0	0	0	0	0	0	0	2	0
ASV.01019	0	0	0	0	0	0	0	0	0	0	0	0	0	0	0	2	0
ASV.01020	0	0	0	0	0	0	0	0	0	0	0	0	0	0	0	2	0
ASV.01021	0	0	0	0	0	0	0	0	0	0	0	0	0	0	0	2	0
ASV.01022	0	0	0	0	0	0	0	0	0	0	0	0	0	0	0	2	0
ASV.01023	0	0	0	0	0	0	0	0	0	0	0	0	0	0	0	2	0
ASV.01024	0	0	0	0	0	0	0	0	0	0	0	0	0	0	0	2	0
ASV.01025	0	0	0	0	0	0	0	0	0	0	0	0	0	0	0	2	0
ASV.01026	0	0	0	0	0	0	0	0	0	0	0	0	0	1	0	0	0
ASV.01027	0	0	0	0	0	0	0	0	0	1	0	0	0	0	0	0	0
ASV.01028	0	0	0	0	0	0	0	0	0	1	0	0	0	0	0	0	0
ASV.01029	0	0	0	0	0	0	0	0	0	1	0	0	0	0	0	0	0
