SRR1178399	SRR1178406	SRR1178373	SRR1178374	SRR1178375	SRR1178376	SRR1178377	SRR1178378	SRR1178393	SRR1178394	SRR1178395	SRR1178396	SRR1178397	SRR1178398
ASV.1	0	0	0	2185	0	0	0	0	0	0	0	0	0	0
ASV.2	0	0	0	1862	13	0	0	0	0	0	0	0	0	0
ASV.3	0	0	260	0	241	0	98	0	731	142	0	0	47	0
ASV.4	0	0	0	0	0	1371	0	0	0	0	0	0	0	0
ASV.5	0	0	0	0	271	0	55	0	277	307	0	0	265	42
ASV.6	0	0	0	0	60	0	0	0	0	0	1040	0	58	0
ASV.7	0	0	0	0	0	0	0	0	0	0	1028	0	0	0
ASV.8	144	0	0	16	155	411	115	0	0	0	0	12	92	0
ASV.9	0	0	908	0	0	0	0	0	0	0	5	0	0	0
ASV.10	315	0	0	0	6	136	14	222	95	81	0	0	0	18
ASV.11	101	0	0	0	0	0	109	126	387	0	0	0	0	0
ASV.12	0	0	60	660	0	0	0	0	0	0	0	0	0	0
ASV.13	0	0	0	0	0	0	0	0	0	0	0	712	0	0
ASV.14	257	0	82	0	96	0	79	0	186	0	0	0	0	0
ASV.15	214	0	0	0	291	0	25	46	39	11	0	6	28	0
ASV.16	0	0	0	592	0	0	0	0	0	0	0	0	0	0
ASV.17	249	0	0	0	179	0	46	0	0	113	0	0	0	0
ASV.18	0	0	0	0	230	0	0	0	0	0	328	14	0	0
ASV.19	0	0	0	0	0	560	0	0	0	0	0	0	0	0
ASV.20	0	0	539	0	0	0	0	0	0	0	0	0	0	0
ASV.21	0	537	0	0	0	0	0	0	0	0	0	0	0	0
ASV.22	0	0	150	0	27	0	0	0	98	0	259	0	0	0
ASV.23	228	92	0	62	0	0	0	0	46	0	103	0	0	0
ASV.24	0	0	0	0	0	0	0	0	278	0	0	0	233	0
ASV.25	0	0	0	0	81	0	0	0	426	0	0	0	0	0
ASV.26	0	0	497	0	0	0	0	0	0	0	0	0	0	0
ASV.27	0	0	0	0	146	0	0	173	0	0	0	0	155	21
ASV.28	0	0	0	0	0	480	0	0	0	0	0	0	0	0
ASV.29	0	0	0	0	0	0	0	0	366	0	0	0	101	0
ASV.30	0	6	0	0	0	0	0	0	0	0	0	0	406	54
ASV.31	0	0	0	0	0	0	16	438	0	0	0	0	0	0
ASV.32	428	0	0	0	22	0	0	0	0	0	0	0	0	0
ASV.33	0	0	0	0	0	0	0	0	0	0	440	0	0	0
ASV.34	414	0	0	0	0	0	0	0	0	0	0	0	0	0
ASV.35	0	0	241	0	0	0	14	158	0	0	0	0	0	0
ASV.36	94	115	0	0	0	0	85	0	53	0	64	0	0	0
ASV.37	0	0	0	0	59	0	0	0	0	0	352	0	0	0
ASV.38	0	0	0	0	0	411	0	0	0	0	0	0	0	0
ASV.39	0	0	0	0	203	0	0	0	98	102	0	0	0	0
ASV.40	0	0	0	359	0	0	0	0	21	0	0	0	0	0
ASV.41	379	0	0	0	0	0	0	0	0	0	0	0	0	0
ASV.42	0	0	0	369	0	0	0	0	0	0	0	0	0	0
ASV.43	0	0	64	0	69	0	0	0	133	0	0	0	99	0
ASV.44	0	0	0	0	52	0	127	4	96	0	0	0	86	0
ASV.45	0	0	357	0	0	0	0	0	0	0	0	0	0	0
ASV.46	0	0	0	347	0	0	0	0	0	0	0	0	0	0
ASV.47	0	0	0	0	0	0	17	329	0	0	0	0	0	0
ASV.48	62	0	0	0	101	0	0	0	107	0	0	0	71	0
ASV.49	0	0	0	340	0	0	0	0	0	0	0	0	0	0
ASV.50	0	0	0	0	0	0	0	0	0	0	320	0	0	0
ASV.51	0	0	0	0	16	0	0	0	0	0	0	0	0	303
ASV.52	15	0	121	0	69	57	19	0	18	12	0	0	7	0
ASV.53	0	0	0	0	0	0	0	0	0	0	0	302	0	0
ASV.54	164	0	0	0	0	0	21	0	115	0	0	0	0	0
ASV.55	0	0	0	0	0	0	0	0	0	0	0	293	0	0
ASV.56	0	0	30	0	15	30	23	0	105	57	0	0	18	0
ASV.57	0	0	0	0	0	275	0	0	0	0	0	0	0	0
ASV.58	0	0	0	0	0	269	0	0	0	0	0	0	0	0
ASV.59	0	0	0	0	0	0	0	0	0	0	0	249	0	0
ASV.60	0	0	0	0	0	204	0	44	0	0	0	0	0	0
ASV.61	0	0	0	0	0	0	0	0	0	0	240	0	0	0
ASV.62	0	0	0	0	0	0	0	0	0	0	0	0	0	238
ASV.63	0	235	0	0	0	0	0	0	0	0	0	0	0	0
ASV.64	0	0	0	0	156	0	0	0	0	76	0	0	0	0
ASV.65	0	0	0	0	0	0	0	0	227	0	0	0	0	0
ASV.66	0	0	0	0	0	0	0	0	0	0	0	0	206	15
ASV.67	0	0	0	0	0	0	0	0	6	212	0	0	0	0
ASV.68	0	0	0	0	216	0	0	0	0	0	0	0	0	0
ASV.69	101	0	0	0	0	0	33	0	80	0	0	0	0	0
ASV.70	0	0	0	0	0	0	0	0	0	212	0	0	0	0
ASV.71	0	0	0	0	65	0	0	0	0	0	0	0	131	14
ASV.72	20	140	0	3	0	0	0	0	46	0	0	0	0	0
ASV.73	0	0	0	0	0	0	0	204	0	0	0	0	0	0
ASV.74	0	0	0	0	0	0	0	0	203	0	0	0	0	0
ASV.75	0	0	0	0	0	202	0	0	0	0	0	0	0	0
ASV.76	0	0	0	0	0	0	53	0	0	0	0	0	135	8
ASV.77	0	195	0	0	0	0	0	0	0	0	0	0	0	0
ASV.78	0	0	0	0	0	0	0	0	0	0	193	0	0	0
ASV.79	0	0	0	0	0	0	0	188	0	0	0	0	0	0
ASV.80	0	177	0	0	0	0	10	0	0	0	0	0	0	0
ASV.81	0	0	0	0	0	25	0	25	0	0	0	0	0	136
ASV.82	0	0	0	0	0	185	0	0	0	0	0	0	0	0
ASV.83	0	0	3	181	0	0	0	0	0	0	0	0	0	0
ASV.84	0	0	0	0	0	0	0	0	0	0	0	182	0	0
ASV.85	142	0	0	0	0	0	29	0	0	7	0	0	0	0
ASV.86	0	0	0	0	0	0	0	0	0	177	0	0	0	0
ASV.87	0	0	0	0	0	0	0	0	79	95	0	0	0	0
ASV.88	0	0	0	0	0	0	0	0	0	0	0	0	0	174
ASV.89	0	0	0	0	0	172	0	0	0	0	0	0	0	0
ASV.90	22	0	27	0	44	0	42	0	36	0	0	0	0	0
ASV.91	0	0	0	0	0	170	0	0	0	0	0	0	0	0
ASV.92	0	0	0	0	0	0	0	0	0	0	170	0	0	0
ASV.93	0	169	0	0	0	0	0	0	0	0	0	0	0	0
ASV.94	0	0	0	136	0	0	0	22	0	0	0	0	11	0
ASV.95	0	0	0	0	0	0	0	0	0	168	0	0	0	0
ASV.96	0	0	0	0	0	0	0	0	165	0	0	0	0	0
ASV.97	0	0	106	0	42	0	16	0	0	0	0	0	0	0
ASV.98	16	0	40	0	57	0	0	0	0	0	0	0	46	0
ASV.99	0	0	121	0	7	0	0	0	0	0	0	0	31	0
ASV.100	0	0	0	0	0	0	0	0	159	0	0	0	0	0
ASV.101	0	0	60	90	0	0	0	0	0	0	0	0	0	0
ASV.102	31	45	0	0	31	0	14	27	0	0	0	0	0	0
ASV.103	0	0	0	0	0	0	0	39	0	0	108	0	0	0
ASV.104	0	0	0	0	0	44	0	101	0	0	0	0	0	0
ASV.105	0	0	0	0	0	142	0	0	0	0	0	0	0	0
ASV.106	0	0	0	0	45	0	38	0	58	0	0	0	0	0
ASV.107	0	0	0	0	0	0	0	0	0	140	0	0	0	0
ASV.108	0	0	0	0	0	0	0	0	139	0	0	0	0	0
ASV.109	0	0	0	0	0	0	62	0	0	0	0	0	76	0
ASV.110	0	0	0	0	0	0	0	138	0	0	0	0	0	0
ASV.111	0	0	0	0	0	0	0	0	136	0	0	0	0	0
ASV.112	0	0	0	0	0	0	0	0	135	0	0	0	0	0
ASV.113	134	0	0	0	0	0	0	0	0	0	0	0	0	0
ASV.114	0	0	0	0	61	38	0	0	23	0	0	11	0	0
ASV.115	0	0	0	0	0	0	0	0	58	26	0	0	49	0
ASV.116	0	0	0	0	0	0	0	0	0	0	0	0	0	133
ASV.117	23	0	0	0	24	0	17	0	31	37	0	0	0	0
ASV.118	0	0	0	0	0	0	0	132	0	0	0	0	0	0
ASV.119	0	0	0	0	0	0	0	0	0	0	0	132	0	0
ASV.121	0	0	0	0	0	0	0	37	0	93	0	0	0	0
ASV.122	0	0	0	0	0	0	0	0	0	0	0	130	0	0
ASV.123	0	0	0	0	0	0	0	0	129	0	0	0	0	0
ASV.124	0	0	0	0	0	0	0	0	123	0	0	0	0	0
ASV.125	0	0	53	0	22	0	0	20	23	0	0	0	0	0
ASV.126	0	0	0	0	0	0	0	0	0	118	0	0	0	0
ASV.127	0	0	0	0	0	0	0	0	0	0	7	38	0	72
ASV.128	0	0	0	0	0	0	0	0	0	0	0	115	0	0
ASV.129	0	0	0	0	56	0	0	57	0	0	0	0	0	0
ASV.130	0	0	0	0	0	69	0	15	25	0	0	0	0	4
ASV.132	0	0	0	0	0	0	0	0	0	0	0	0	0	110
ASV.133	0	0	0	0	0	0	0	0	0	0	0	108	0	0
ASV.134	0	0	96	0	0	0	0	0	0	11	0	0	0	0
ASV.135	0	0	0	0	0	0	0	107	0	0	0	0	0	0
ASV.136	0	0	0	0	0	0	0	106	0	0	0	0	0	0
ASV.137	0	0	0	0	0	0	0	0	0	0	105	0	0	0
ASV.138	0	0	0	0	0	0	0	0	0	0	0	0	0	104
ASV.139	0	0	0	0	0	0	0	0	103	0	0	0	0	0
ASV.140	0	0	0	0	40	0	62	0	0	0	0	0	0	0
ASV.141	0	101	0	0	0	0	0	0	0	0	0	0	0	0
ASV.142	0	0	0	0	0	0	0	0	0	101	0	0	0	0
ASV.143	0	15	39	0	0	0	0	45	0	0	0	0	0	0
ASV.144	0	97	0	0	0	0	0	0	0	0	0	0	0	0
ASV.145	0	0	0	0	0	45	0	0	0	0	0	0	52	0
ASV.146	0	0	0	0	96	0	0	0	0	0	0	0	0	0
ASV.147	0	0	0	0	0	0	0	0	0	0	0	96	0	0
ASV.148	0	0	0	0	95	0	0	0	0	0	0	0	0	0
ASV.149	0	0	0	0	0	0	0	0	94	0	0	0	0	0
ASV.150	92	0	0	0	0	0	0	0	0	0	0	0	0	0
ASV.151	0	0	0	0	0	0	26	0	66	0	0	0	0	0
ASV.152	0	0	0	0	0	0	0	0	0	92	0	0	0	0
ASV.153	0	0	0	91	0	0	0	0	0	0	0	0	0	0
ASV.154	0	0	0	91	0	0	0	0	0	0	0	0	0	0
ASV.155	0	0	0	0	0	0	0	0	0	0	0	79	12	0
ASV.156	0	0	0	0	0	0	0	0	90	0	0	0	0	0
ASV.157	0	0	0	0	0	0	0	0	0	0	88	0	0	0
ASV.158	0	0	0	0	0	0	0	0	0	0	0	88	0	0
ASV.159	0	0	0	0	0	87	0	0	0	0	0	0	0	0
ASV.160	0	0	0	0	0	85	0	0	0	0	0	0	0	0
ASV.161	0	0	0	0	0	0	0	0	85	0	0	0	0	0
ASV.162	0	84	0	0	0	0	0	0	0	0	0	0	0	0
ASV.163	0	0	0	0	0	0	0	0	0	0	0	0	0	82
ASV.164	0	0	0	0	0	0	0	80	0	0	0	0	0	0
ASV.165	0	0	0	0	0	0	0	0	0	79	0	0	0	0
ASV.166	0	0	0	0	20	0	9	0	41	0	0	0	7	0
ASV.167	0	0	0	0	0	0	0	0	77	0	0	0	0	0
ASV.168	0	0	74	0	0	0	0	0	0	0	0	0	0	0
ASV.169	0	0	0	0	72	0	0	0	0	0	0	0	0	0
ASV.170	0	0	0	0	0	0	72	0	0	0	0	0	0	0
ASV.171	0	0	0	0	0	0	0	0	72	0	0	0	0	0
ASV.172	0	0	0	0	0	0	0	0	53	19	0	0	0	0
ASV.173	0	0	0	0	23	0	0	0	48	0	0	0	0	0
ASV.174	0	0	0	0	0	0	0	0	0	71	0	0	0	0
ASV.175	0	0	0	0	0	0	0	0	32	0	38	0	0	0
ASV.176	50	0	0	0	19	0	0	0	0	0	0	0	0	0
ASV.177	0	0	0	0	61	0	7	0	0	0	0	0	0	0
ASV.178	0	0	0	0	0	68	0	0	0	0	0	0	0	0
ASV.179	0	0	0	0	0	0	0	0	68	0	0	0	0	0
ASV.180	0	0	0	0	0	0	0	0	0	0	0	0	68	0
ASV.181	0	0	0	0	0	67	0	0	0	0	0	0	0	0
ASV.182	0	0	0	0	0	66	0	0	0	0	0	0	0	0
ASV.183	0	0	0	0	0	0	0	0	0	0	66	0	0	0
ASV.184	0	65	0	0	0	0	0	0	0	0	0	0	0	0
ASV.185	0	65	0	0	0	0	0	0	0	0	0	0	0	0
ASV.186	0	0	3	0	0	62	0	0	0	0	0	0	0	0
ASV.187	0	0	0	0	0	65	0	0	0	0	0	0	0	0
ASV.188	0	0	0	0	0	0	0	0	65	0	0	0	0	0
ASV.189	64	0	0	0	0	0	0	0	0	0	0	0	0	0
ASV.190	0	0	0	0	0	0	64	0	0	0	0	0	0	0
ASV.191	0	0	0	0	0	0	0	0	0	64	0	0	0	0
ASV.192	0	0	0	0	0	0	0	0	0	0	0	0	64	0
ASV.193	0	0	0	0	0	0	0	0	63	0	0	0	0	0
ASV.194	0	0	0	0	61	0	0	0	0	0	0	0	0	0
ASV.195	0	0	0	0	0	0	0	0	0	0	61	0	0	0
ASV.196	0	0	0	0	0	0	0	0	0	0	0	61	0	0
ASV.197	0	0	0	0	13	0	0	0	47	0	0	0	0	0
ASV.198	0	0	0	0	0	0	0	0	0	60	0	0	0	0
ASV.199	0	0	0	0	0	0	0	0	0	0	0	60	0	0
ASV.200	0	0	59	0	0	0	0	0	0	0	0	0	0	0
ASV.201	58	0	0	0	0	0	0	0	0	0	0	0	0	0
ASV.202	0	0	0	0	0	0	0	0	58	0	0	0	0	0
ASV.203	0	0	0	0	0	0	0	0	0	58	0	0	0	0
ASV.204	0	0	0	0	0	0	0	0	0	58	0	0	0	0
ASV.205	0	0	0	0	0	0	0	0	0	0	58	0	0	0
ASV.206	0	0	0	0	0	0	0	0	0	0	0	0	58	0
ASV.207	0	0	0	57	0	0	0	0	0	0	0	0	0	0
ASV.208	0	0	0	0	56	0	0	0	0	0	0	0	0	0
ASV.209	0	0	0	0	0	0	0	56	0	0	0	0	0	0
ASV.210	0	0	0	0	0	0	0	0	27	0	0	0	29	0
ASV.211	0	55	0	0	0	0	0	0	0	0	0	0	0	0
ASV.213	0	0	0	0	0	0	55	0	0	0	0	0	0	0
ASV.215	0	0	0	0	0	0	0	55	0	0	0	0	0	0
ASV.216	0	0	0	0	54	0	0	0	0	0	0	0	0	0
ASV.217	0	0	0	0	0	0	0	53	0	0	0	0	0	0
ASV.218	0	0	0	0	0	0	0	0	0	53	0	0	0	0
ASV.219	0	0	0	0	22	0	19	0	11	0	0	0	0	0
ASV.220	0	0	0	0	0	52	0	0	0	0	0	0	0	0
ASV.221	0	0	0	0	0	0	0	0	0	3	0	0	49	0
ASV.222	0	0	0	0	0	0	0	0	0	0	0	0	52	0
ASV.223	0	0	0	0	0	0	0	0	0	51	0	0	0	0
ASV.224	0	50	0	0	0	0	0	0	0	0	0	0	0	0
ASV.225	0	0	0	0	50	0	0	0	0	0	0	0	0	0
ASV.226	0	0	49	0	0	0	0	0	0	0	0	0	0	0
ASV.227	0	0	0	0	0	49	0	0	0	0	0	0	0	0
ASV.228	0	0	0	0	0	0	0	0	49	0	0	0	0	0
ASV.229	0	0	0	0	0	0	0	0	0	49	0	0	0	0
ASV.230	0	48	0	0	0	0	0	0	0	0	0	0	0	0
ASV.231	0	0	0	0	48	0	0	0	0	0	0	0	0	0
ASV.232	0	0	0	0	0	0	0	48	0	0	0	0	0	0
ASV.233	0	0	0	0	0	0	0	0	46	0	0	0	0	0
ASV.234	12	0	0	0	0	0	0	0	0	0	33	0	0	0
ASV.235	0	0	0	0	45	0	0	0	0	0	0	0	0	0
ASV.236	0	0	0	0	0	0	0	45	0	0	0	0	0	0
ASV.237	0	0	0	0	0	0	0	0	45	0	0	0	0	0
ASV.238	0	0	0	0	0	0	0	0	0	45	0	0	0	0
ASV.239	0	0	0	0	0	0	0	0	0	0	0	45	0	0
ASV.240	0	0	0	0	0	0	0	0	0	0	0	0	0	45
ASV.241	0	0	0	0	0	0	0	0	44	0	0	0	0	0
ASV.242	0	0	0	0	0	0	0	0	44	0	0	0	0	0
ASV.243	0	0	0	0	0	0	0	0	0	44	0	0	0	0
ASV.244	0	0	0	0	0	0	0	0	0	44	0	0	0	0
ASV.245	0	0	0	0	0	0	0	0	0	0	0	44	0	0
ASV.246	0	0	29	0	14	0	0	0	0	0	0	0	0	0
ASV.247	0	0	0	0	0	43	0	0	0	0	0	0	0	0
ASV.248	0	0	0	0	0	0	0	0	0	43	0	0	0	0
ASV.250	0	0	42	0	0	0	0	0	0	0	0	0	0	0
ASV.251	0	0	0	0	42	0	0	0	0	0	0	0	0	0
ASV.252	0	0	0	0	0	42	0	0	0	0	0	0	0	0
ASV.253	0	0	0	0	0	0	0	0	42	0	0	0	0	0
ASV.254	0	0	0	0	0	0	0	0	15	5	0	0	16	6
ASV.255	0	0	0	0	0	0	0	0	0	42	0	0	0	0
ASV.256	0	0	0	0	0	0	0	0	0	42	0	0	0	0
ASV.257	0	0	0	0	0	0	0	0	0	0	0	0	0	42
ASV.258	0	0	0	0	0	0	0	0	41	0	0	0	0	0
ASV.259	0	0	0	0	0	0	0	0	41	0	0	0	0	0
ASV.260	0	0	0	0	0	0	0	0	41	0	0	0	0	0
ASV.261	0	0	0	0	40	0	0	0	0	0	0	0	0	0
ASV.262	0	0	0	0	40	0	0	0	0	0	0	0	0	0
ASV.263	0	0	0	0	0	40	0	0	0	0	0	0	0	0
ASV.264	0	0	0	0	0	0	0	40	0	0	0	0	0	0
ASV.265	0	0	0	0	0	0	0	0	40	0	0	0	0	0
ASV.266	0	0	0	0	0	0	0	0	0	40	0	0	0	0
ASV.267	0	0	0	0	0	0	0	0	0	40	0	0	0	0
ASV.268	0	39	0	0	0	0	0	0	0	0	0	0	0	0
ASV.269	0	0	0	0	39	0	0	0	0	0	0	0	0	0
ASV.270	0	0	0	0	0	0	0	0	39	0	0	0	0	0
ASV.272	0	0	0	0	0	38	0	0	0	0	0	0	0	0
ASV.273	0	0	0	0	0	0	0	0	0	38	0	0	0	0
ASV.274	0	0	0	0	0	0	0	0	0	0	0	38	0	0
ASV.275	37	0	0	0	0	0	0	0	0	0	0	0	0	0
ASV.276	24	0	0	0	13	0	0	0	0	0	0	0	0	0
ASV.277	0	0	0	0	37	0	0	0	0	0	0	0	0	0
ASV.278	0	0	0	0	35	0	0	0	0	0	0	2	0	0
ASV.279	0	0	0	0	0	0	0	0	37	0	0	0	0	0
ASV.280	0	0	0	0	0	0	0	0	0	0	0	37	0	0
ASV.281	0	0	0	0	0	0	0	0	0	0	0	0	37	0
ASV.282	0	0	0	0	0	0	0	0	0	0	0	0	34	3
ASV.283	0	0	0	0	0	0	15	0	6	15	0	0	0	0
ASV.284	0	0	0	0	0	0	0	0	0	36	0	0	0	0
ASV.285	0	0	0	0	0	0	0	0	0	0	0	36	0	0
ASV.286	0	0	0	0	35	0	0	0	0	0	0	0	0	0
ASV.287	0	0	0	0	35	0	0	0	0	0	0	0	0	0
ASV.288	0	0	0	0	0	0	0	0	0	35	0	0	0	0
ASV.289	0	0	0	0	0	0	0	0	0	0	0	0	35	0
ASV.290	0	0	0	0	34	0	0	0	0	0	0	0	0	0
ASV.292	0	0	0	0	0	0	0	0	0	34	0	0	0	0
ASV.293	0	0	0	0	0	0	0	0	0	34	0	0	0	0
ASV.294	0	0	0	0	0	0	0	0	0	34	0	0	0	0
ASV.295	0	0	0	0	0	0	0	0	0	0	0	0	34	0
ASV.297	33	0	0	0	0	0	0	0	0	0	0	0	0	0
ASV.298	0	0	0	0	0	33	0	0	0	0	0	0	0	0
ASV.299	0	0	0	0	0	0	0	0	33	0	0	0	0	0
ASV.300	0	0	0	0	0	0	0	0	0	33	0	0	0	0
ASV.301	0	0	32	0	0	0	0	0	0	0	0	0	0	0
ASV.303	0	0	0	0	0	22	0	0	0	10	0	0	0	0
ASV.304	0	0	0	0	0	0	0	0	21	0	0	0	11	0
ASV.305	0	0	0	0	0	0	0	0	0	32	0	0	0	0
ASV.306	0	0	0	0	0	0	0	0	0	32	0	0	0	0
ASV.307	0	0	0	0	0	0	0	0	0	32	0	0	0	0
ASV.308	0	0	0	0	0	0	0	0	0	0	32	0	0	0
ASV.309	0	0	0	0	31	0	0	0	0	0	0	0	0	0
ASV.310	0	0	0	0	0	31	0	0	0	0	0	0	0	0
ASV.311	0	0	0	0	0	0	31	0	0	0	0	0	0	0
ASV.312	0	0	0	0	0	0	31	0	0	0	0	0	0	0
ASV.313	0	0	0	0	0	0	0	0	31	0	0	0	0	0
ASV.314	0	0	0	0	0	0	0	0	31	0	0	0	0	0
ASV.315	0	0	0	0	0	0	0	0	0	31	0	0	0	0
ASV.316	0	30	0	0	0	0	0	0	0	0	0	0	0	0
ASV.317	0	0	30	0	0	0	0	0	0	0	0	0	0	0
ASV.318	0	0	16	0	0	0	0	0	0	0	14	0	0	0
ASV.319	0	0	0	0	0	0	0	30	0	0	0	0	0	0
ASV.320	0	0	0	0	0	0	0	19	0	0	11	0	0	0
ASV.321	0	0	0	0	0	0	0	0	30	0	0	0	0	0
ASV.322	29	0	0	0	0	0	0	0	0	0	0	0	0	0
ASV.323	0	0	0	0	29	0	0	0	0	0	0	0	0	0
ASV.324	0	0	0	0	29	0	0	0	0	0	0	0	0	0
ASV.325	0	0	0	0	29	0	0	0	0	0	0	0	0	0
ASV.326	0	0	0	0	0	0	29	0	0	0	0	0	0	0
ASV.327	0	0	0	0	0	0	0	0	0	29	0	0	0	0
ASV.328	0	0	0	0	0	0	0	0	0	29	0	0	0	0
ASV.329	0	0	0	0	0	0	0	0	0	29	0	0	0	0
ASV.330	0	0	0	0	0	0	28	0	0	0	0	0	0	0
ASV.331	0	0	0	0	0	0	28	0	0	0	0	0	0	0
ASV.332	0	0	0	0	0	0	0	18	10	0	0	0	0	0
ASV.333	0	0	0	0	0	0	0	0	28	0	0	0	0	0
ASV.334	0	0	0	0	0	0	0	0	0	28	0	0	0	0
ASV.335	0	0	0	0	27	0	0	0	0	0	0	0	0	0
ASV.336	0	0	0	0	0	0	0	0	27	0	0	0	0	0
ASV.337	0	0	0	0	0	0	0	0	0	27	0	0	0	0
ASV.338	0	0	0	0	0	0	0	0	0	27	0	0	0	0
ASV.339	0	0	0	0	26	0	0	0	0	0	0	0	0	0
ASV.340	0	0	0	0	26	0	0	0	0	0	0	0	0	0
ASV.341	0	0	0	0	0	0	0	0	26	0	0	0	0	0
ASV.342	0	0	0	0	0	0	0	0	26	0	0	0	0	0
ASV.343	0	0	0	0	0	0	0	0	0	26	0	0	0	0
ASV.344	0	0	0	0	0	0	0	0	0	26	0	0	0	0
ASV.345	0	0	0	0	0	0	0	0	0	0	0	26	0	0
ASV.346	0	0	25	0	0	0	0	0	0	0	0	0	0	0
ASV.347	0	0	0	25	0	0	0	0	0	0	0	0	0	0
ASV.348	0	0	0	0	25	0	0	0	0	0	0	0	0	0
ASV.349	0	0	0	0	25	0	0	0	0	0	0	0	0	0
ASV.350	0	0	0	0	0	0	0	6	0	0	19	0	0	0
ASV.351	0	0	0	0	0	0	0	0	0	25	0	0	0	0
ASV.352	0	0	0	0	0	0	0	0	0	0	0	25	0	0
ASV.353	24	0	0	0	0	0	0	0	0	0	0	0	0	0
ASV.354	0	0	0	0	12	0	12	0	0	0	0	0	0	0
ASV.355	0	0	0	0	0	0	24	0	0	0	0	0	0	0
ASV.356	0	0	0	0	0	0	0	24	0	0	0	0	0	0
ASV.357	0	0	0	0	0	0	0	0	24	0	0	0	0	0
ASV.358	0	0	0	0	0	0	0	0	0	24	0	0	0	0
ASV.359	0	0	0	0	0	0	0	0	0	24	0	0	0	0
ASV.360	0	0	0	0	0	0	0	0	0	24	0	0	0	0
ASV.361	23	0	0	0	0	0	0	0	0	0	0	0	0	0
ASV.362	17	0	0	0	0	0	0	0	6	0	0	0	0	0
ASV.363	0	0	0	0	23	0	0	0	0	0	0	0	0	0
ASV.364	0	0	0	0	23	0	0	0	0	0	0	0	0	0
ASV.365	0	0	0	0	0	0	0	0	23	0	0	0	0	0
ASV.366	0	0	0	0	0	0	0	0	23	0	0	0	0	0
ASV.367	0	0	0	0	0	0	0	0	23	0	0	0	0	0
ASV.368	0	0	0	0	0	0	0	0	23	0	0	0	0	0
ASV.369	0	0	0	0	0	0	0	0	0	23	0	0	0	0
ASV.370	0	0	0	0	0	0	0	0	0	23	0	0	0	0
ASV.371	0	0	0	0	0	0	0	0	0	23	0	0	0	0
ASV.372	0	0	0	0	0	0	0	0	0	23	0	0	0	0
ASV.373	0	0	0	0	0	0	0	0	0	23	0	0	0	0
ASV.374	22	0	0	0	0	0	0	0	0	0	0	0	0	0
ASV.375	0	0	0	0	22	0	0	0	0	0	0	0	0	0
ASV.376	0	0	0	0	22	0	0	0	0	0	0	0	0	0
ASV.377	0	0	0	0	0	0	8	0	0	14	0	0	0	0
ASV.378	0	0	0	0	0	0	22	0	0	0	0	0	0	0
ASV.379	0	0	0	0	0	0	0	0	0	22	0	0	0	0
ASV.380	0	0	0	0	0	0	0	0	0	0	0	6	16	0
ASV.381	0	0	21	0	0	0	0	0	0	0	0	0	0	0
ASV.382	0	0	0	0	21	0	0	0	0	0	0	0	0	0
ASV.383	0	0	0	0	21	0	0	0	0	0	0	0	0	0
ASV.384	0	0	0	0	21	0	0	0	0	0	0	0	0	0
ASV.385	0	0	0	0	0	0	0	0	21	0	0	0	0	0
ASV.386	0	0	0	0	0	0	0	0	21	0	0	0	0	0
ASV.387	0	0	0	0	0	0	0	0	21	0	0	0	0	0
ASV.388	0	0	0	0	0	0	0	0	21	0	0	0	0	0
ASV.389	0	0	0	0	0	0	0	0	0	21	0	0	0	0
ASV.390	0	0	0	0	0	0	0	0	0	21	0	0	0	0
ASV.391	0	0	0	0	0	0	0	0	0	21	0	0	0	0
ASV.392	0	0	0	0	0	0	0	0	0	0	0	21	0	0
ASV.393	0	0	0	0	0	0	0	0	0	0	0	0	21	0
ASV.394	0	0	0	0	0	0	0	0	0	0	0	0	21	0
ASV.395	0	0	20	0	0	0	0	0	0	0	0	0	0	0
ASV.396	0	0	0	20	0	0	0	0	0	0	0	0	0	0
ASV.398	0	0	0	0	18	0	0	0	0	0	0	2	0	0
ASV.399	0	0	0	0	0	0	0	0	20	0	0	0	0	0
ASV.400	0	0	0	0	0	0	0	0	0	20	0	0	0	0
ASV.401	0	0	0	0	0	0	0	0	0	20	0	0	0	0
ASV.402	0	0	0	0	0	0	0	0	0	20	0	0	0	0
ASV.403	0	0	0	0	0	0	0	0	0	20	0	0	0	0
ASV.404	0	0	0	0	0	0	0	0	0	0	20	0	0	0
ASV.405	0	0	0	0	0	19	0	0	0	0	0	0	0	0
ASV.406	0	0	0	0	0	0	19	0	0	0	0	0	0	0
ASV.407	0	0	0	0	0	0	0	19	0	0	0	0	0	0
ASV.408	0	0	0	0	0	0	0	0	19	0	0	0	0	0
ASV.409	0	0	0	0	0	0	0	0	0	19	0	0	0	0
ASV.410	0	0	0	0	0	0	0	0	0	19	0	0	0	0
ASV.411	0	0	0	0	0	0	0	0	0	19	0	0	0	0
ASV.412	0	0	0	0	0	0	0	0	0	19	0	0	0	0
ASV.413	0	0	0	0	0	0	0	0	0	0	0	19	0	0
ASV.414	0	0	0	0	0	0	0	0	0	0	0	19	0	0
ASV.415	0	0	0	0	0	0	0	0	0	0	0	0	19	0
ASV.416	0	0	0	0	0	0	0	0	0	0	0	0	19	0
ASV.417	18	0	0	0	0	0	0	0	0	0	0	0	0	0
ASV.418	18	0	0	0	0	0	0	0	0	0	0	0	0	0
ASV.419	11	0	0	0	7	0	0	0	0	0	0	0	0	0
ASV.420	7	0	0	0	0	0	0	0	0	11	0	0	0	0
ASV.421	0	0	7	0	11	0	0	0	0	0	0	0	0	0
ASV.422	0	0	0	0	0	0	18	0	0	0	0	0	0	0
ASV.423	0	0	0	0	0	0	18	0	0	0	0	0	0	0
ASV.424	0	0	0	0	0	0	0	0	18	0	0	0	0	0
ASV.425	0	0	0	0	0	0	0	0	18	0	0	0	0	0
ASV.426	0	0	0	0	0	0	0	0	18	0	0	0	0	0
ASV.427	0	0	0	0	0	0	0	0	0	18	0	0	0	0
ASV.428	0	0	0	0	0	0	0	0	0	18	0	0	0	0
ASV.429	0	0	0	0	0	0	0	0	0	18	0	0	0	0
ASV.430	0	0	0	0	0	0	0	0	0	18	0	0	0	0
ASV.431	0	0	0	0	0	0	0	0	0	18	0	0	0	0
ASV.432	0	0	0	0	0	0	0	0	0	18	0	0	0	0
ASV.433	0	0	0	0	0	0	0	0	0	18	0	0	0	0
ASV.434	0	0	0	0	0	0	0	0	0	18	0	0	0	0
ASV.435	0	0	0	0	0	0	0	0	0	0	0	18	0	0
ASV.436	0	0	17	0	0	0	0	0	0	0	0	0	0	0
ASV.438	0	0	0	0	0	0	0	0	17	0	0	0	0	0
ASV.439	0	0	0	0	0	0	0	0	0	17	0	0	0	0
ASV.440	0	0	0	0	0	0	0	0	0	17	0	0	0	0
ASV.441	0	0	0	0	0	0	0	0	0	17	0	0	0	0
ASV.442	0	0	0	0	0	0	0	0	0	17	0	0	0	0
ASV.443	0	0	0	0	0	0	0	0	0	17	0	0	0	0
ASV.444	0	0	0	0	0	0	0	0	0	0	0	17	0	0
ASV.445	0	0	0	0	0	0	0	0	0	0	0	0	17	0
ASV.446	16	0	0	0	0	0	0	0	0	0	0	0	0	0
ASV.447	7	0	0	0	0	0	0	0	9	0	0	0	0	0
ASV.448	0	16	0	0	0	0	0	0	0	0	0	0	0	0
ASV.449	0	0	0	0	16	0	0	0	0	0	0	0	0	0
ASV.450	0	0	0	0	8	0	8	0	0	0	0	0	0	0
ASV.451	0	0	0	0	0	16	0	0	0	0	0	0	0	0
ASV.452	0	0	0	0	0	0	0	0	16	0	0	0	0	0
ASV.453	0	0	0	0	0	0	0	0	16	0	0	0	0	0
ASV.454	0	0	0	0	0	0	0	0	0	16	0	0	0	0
ASV.455	0	0	0	0	0	0	0	0	0	16	0	0	0	0
ASV.456	0	0	0	0	0	0	0	0	0	16	0	0	0	0
ASV.457	15	0	0	0	0	0	0	0	0	0	0	0	0	0
ASV.458	7	0	0	0	0	0	0	0	0	4	0	0	4	0
ASV.459	0	0	0	0	15	0	0	0	0	0	0	0	0	0
ASV.461	0	0	0	0	0	15	0	0	0	0	0	0	0	0
ASV.462	0	0	0	0	0	0	0	0	15	0	0	0	0	0
ASV.463	0	0	0	0	0	0	0	0	0	15	0	0	0	0
ASV.464	0	0	0	0	0	0	0	0	0	15	0	0	0	0
ASV.465	0	0	0	0	0	0	0	0	0	15	0	0	0	0
ASV.466	0	0	0	0	0	0	0	0	0	0	0	15	0	0
ASV.467	0	0	0	0	0	0	0	0	0	0	0	0	0	15
ASV.468	0	0	0	0	0	0	0	14	0	0	0	0	0	0
ASV.469	0	0	0	0	0	0	0	0	14	0	0	0	0	0
ASV.470	0	0	0	0	0	0	0	0	14	0	0	0	0	0
ASV.471	0	0	0	0	0	0	0	0	0	14	0	0	0	0
ASV.472	0	0	0	0	0	0	0	0	0	14	0	0	0	0
ASV.473	0	0	0	0	0	0	0	0	0	14	0	0	0	0
ASV.474	0	0	0	0	0	0	0	0	0	0	0	14	0	0
ASV.475	0	0	0	0	0	0	0	0	0	0	0	0	14	0
ASV.476	0	0	0	0	13	0	0	0	0	0	0	0	0	0
ASV.477	0	0	0	0	13	0	0	0	0	0	0	0	0	0
ASV.478	0	0	0	0	13	0	0	0	0	0	0	0	0	0
ASV.479	0	0	0	0	13	0	0	0	0	0	0	0	0	0
ASV.480	0	0	0	0	6	0	0	0	0	0	0	0	7	0
ASV.481	0	0	0	0	0	13	0	0	0	0	0	0	0	0
ASV.482	0	0	0	0	0	0	13	0	0	0	0	0	0	0
ASV.483	0	0	0	0	0	0	13	0	0	0	0	0	0	0
ASV.484	0	0	0	0	0	0	13	0	0	0	0	0	0	0
ASV.485	0	0	0	0	0	0	0	0	13	0	0	0	0	0
ASV.486	0	0	0	0	0	0	0	0	13	0	0	0	0	0
ASV.487	0	0	0	0	0	0	0	0	13	0	0	0	0	0
ASV.488	0	0	0	0	0	0	0	0	0	13	0	0	0	0
ASV.489	0	0	0	0	0	0	0	0	0	13	0	0	0	0
ASV.490	0	0	0	0	0	0	0	0	0	13	0	0	0	0
ASV.491	0	0	0	0	0	0	0	0	0	13	0	0	0	0
ASV.492	0	0	0	0	0	0	0	0	0	0	0	13	0	0
ASV.493	0	0	0	0	0	0	0	0	0	0	0	13	0	0
ASV.494	0	0	12	0	0	0	0	0	0	0	0	0	0	0
ASV.495	0	0	0	0	0	0	12	0	0	0	0	0	0	0
ASV.496	0	0	0	0	0	0	12	0	0	0	0	0	0	0
ASV.497	0	0	0	0	0	0	0	0	12	0	0	0	0	0
ASV.498	0	0	0	0	0	0	0	0	12	0	0	0	0	0
ASV.499	0	0	0	0	0	0	0	0	12	0	0	0	0	0
ASV.500	0	0	0	0	0	0	0	0	0	12	0	0	0	0
ASV.501	0	0	0	0	0	0	0	0	0	12	0	0	0	0
ASV.502	0	0	0	0	0	0	0	0	0	12	0	0	0	0
ASV.503	0	0	0	0	0	0	0	0	0	12	0	0	0	0
ASV.504	0	0	0	0	0	0	0	0	0	12	0	0	0	0
ASV.505	11	0	0	0	0	0	0	0	0	0	0	0	0	0
ASV.506	11	0	0	0	0	0	0	0	0	0	0	0	0	0
ASV.507	0	0	0	0	0	0	11	0	0	0	0	0	0	0
ASV.508	0	0	0	0	0	0	11	0	0	0	0	0	0	0
ASV.509	0	0	0	0	0	0	0	0	11	0	0	0	0	0
ASV.510	0	0	0	0	0	0	0	0	0	11	0	0	0	0
ASV.511	0	0	0	0	0	0	0	0	0	11	0	0	0	0
ASV.512	0	0	0	0	0	0	0	0	0	11	0	0	0	0
ASV.513	0	0	0	0	0	0	0	0	0	11	0	0	0	0
ASV.514	0	0	0	0	0	0	0	0	0	11	0	0	0	0
ASV.515	0	0	0	0	0	0	0	0	0	11	0	0	0	0
ASV.516	0	0	0	0	0	0	0	0	0	11	0	0	0	0
ASV.517	0	0	0	0	0	0	0	0	0	11	0	0	0	0
ASV.518	0	0	0	0	0	0	0	0	0	11	0	0	0	0
ASV.519	0	0	0	0	0	0	0	0	0	0	0	0	11	0
ASV.520	0	0	0	0	0	0	0	0	0	0	0	0	11	0
ASV.521	10	0	0	0	0	0	0	0	0	0	0	0	0	0
ASV.522	0	0	10	0	0	0	0	0	0	0	0	0	0	0
ASV.523	0	0	10	0	0	0	0	0	0	0	0	0	0	0
ASV.525	0	0	10	0	0	0	0	0	0	0	0	0	0	0
ASV.526	0	0	10	0	0	0	0	0	0	0	0	0	0	0
ASV.527	0	0	0	0	10	0	0	0	0	0	0	0	0	0
ASV.528	0	0	0	0	0	10	0	0	0	0	0	0	0	0
ASV.529	0	0	0	0	0	0	10	0	0	0	0	0	0	0
ASV.530	0	0	0	0	0	0	10	0	0	0	0	0	0	0
ASV.531	0	0	0	0	0	0	0	0	10	0	0	0	0	0
ASV.532	0	0	0	0	0	0	0	0	0	10	0	0	0	0
ASV.533	0	0	0	0	0	0	0	0	0	0	0	10	0	0
ASV.534	0	0	0	0	0	0	0	0	0	0	0	10	0	0
ASV.535	0	0	0	0	0	0	0	0	0	0	0	0	10	0
ASV.536	9	0	0	0	0	0	0	0	0	0	0	0	0	0
ASV.537	0	9	0	0	0	0	0	0	0	0	0	0	0	0
ASV.538	0	9	0	0	0	0	0	0	0	0	0	0	0	0
ASV.539	0	0	9	0	0	0	0	0	0	0	0	0	0	0
ASV.540	0	0	0	0	0	0	9	0	0	0	0	0	0	0
ASV.541	0	0	0	0	0	0	0	0	9	0	0	0	0	0
ASV.542	0	0	0	0	0	0	0	0	9	0	0	0	0	0
ASV.544	0	0	0	0	0	0	0	0	0	9	0	0	0	0
ASV.545	0	0	0	0	0	0	0	0	0	9	0	0	0	0
ASV.546	0	0	0	0	0	0	0	0	0	9	0	0	0	0
ASV.547	0	0	0	0	0	0	0	0	0	9	0	0	0	0
ASV.548	0	0	0	0	0	0	0	0	0	0	0	0	9	0
ASV.549	0	0	0	0	0	0	0	0	0	0	0	0	9	0
ASV.550	0	0	0	0	0	0	0	0	0	0	0	0	0	9
ASV.551	0	0	0	0	0	0	0	0	0	0	0	0	0	9
ASV.552	0	0	8	0	0	0	0	0	0	0	0	0	0	0
ASV.553	0	0	8	0	0	0	0	0	0	0	0	0	0	0
ASV.554	0	0	0	0	8	0	0	0	0	0	0	0	0	0
ASV.555	0	0	0	0	0	0	8	0	0	0	0	0	0	0
ASV.556	0	0	0	0	0	0	0	8	0	0	0	0	0	0
ASV.557	0	0	0	0	0	0	0	8	0	0	0	0	0	0
ASV.558	0	0	0	0	0	0	0	8	0	0	0	0	0	0
ASV.559	0	0	0	0	0	0	0	0	8	0	0	0	0	0
ASV.560	0	0	0	0	0	0	0	0	8	0	0	0	0	0
ASV.561	0	0	0	0	0	0	0	0	8	0	0	0	0	0
ASV.562	0	0	0	0	0	0	0	0	0	8	0	0	0	0
ASV.563	0	0	0	0	0	0	0	0	0	0	0	8	0	0
ASV.564	0	0	0	0	0	0	0	0	0	0	0	0	8	0
ASV.565	7	0	0	0	0	0	0	0	0	0	0	0	0	0
ASV.566	0	0	0	7	0	0	0	0	0	0	0	0	0	0
ASV.567	0	0	0	0	7	0	0	0	0	0	0	0	0	0
ASV.568	0	0	0	0	7	0	0	0	0	0	0	0	0	0
ASV.569	0	0	0	0	0	0	0	7	0	0	0	0	0	0
ASV.570	0	0	0	0	0	0	0	0	7	0	0	0	0	0
ASV.571	0	0	0	0	0	0	0	0	7	0	0	0	0	0
ASV.572	0	0	0	0	0	0	0	0	7	0	0	0	0	0
ASV.574	0	0	0	0	0	0	0	0	7	0	0	0	0	0
ASV.575	0	0	0	0	0	0	0	0	7	0	0	0	0	0
ASV.576	0	0	0	0	0	0	0	0	0	7	0	0	0	0
ASV.577	0	0	0	0	0	0	0	0	0	7	0	0	0	0
ASV.578	0	0	0	0	0	0	0	0	0	7	0	0	0	0
ASV.579	0	0	0	0	0	0	0	0	0	7	0	0	0	0
ASV.580	0	0	0	0	0	0	0	0	0	7	0	0	0	0
ASV.581	0	0	0	0	0	0	0	0	0	7	0	0	0	0
ASV.582	0	0	0	0	0	0	0	0	0	7	0	0	0	0
ASV.583	0	0	0	0	0	0	0	0	0	0	0	7	0	0
ASV.584	0	0	0	0	0	0	0	0	0	0	0	0	7	0
ASV.585	6	0	0	0	0	0	0	0	0	0	0	0	0	0
ASV.586	6	0	0	0	0	0	0	0	0	0	0	0	0	0
ASV.587	6	0	0	0	0	0	0	0	0	0	0	0	0	0
ASV.588	0	0	6	0	0	0	0	0	0	0	0	0	0	0
ASV.590	0	0	0	0	6	0	0	0	0	0	0	0	0	0
ASV.591	0	0	0	0	0	0	0	0	6	0	0	0	0	0
ASV.592	0	0	0	0	0	0	0	0	6	0	0	0	0	0
ASV.593	0	0	0	0	0	0	0	0	6	0	0	0	0	0
ASV.594	0	0	0	0	0	0	0	0	6	0	0	0	0	0
ASV.595	0	0	0	0	0	0	0	0	6	0	0	0	0	0
ASV.596	0	0	0	0	0	0	0	0	6	0	0	0	0	0
ASV.597	0	0	0	0	0	0	0	0	6	0	0	0	0	0
ASV.598	0	0	0	0	0	0	0	0	0	6	0	0	0	0
ASV.599	0	0	0	0	0	0	0	0	0	6	0	0	0	0
ASV.600	0	0	0	0	0	0	0	0	0	6	0	0	0	0
ASV.601	0	0	0	0	0	0	0	0	0	6	0	0	0	0
ASV.602	0	0	0	0	0	0	0	0	0	6	0	0	0	0
ASV.603	0	0	0	0	0	0	0	0	0	0	0	6	0	0
ASV.604	0	0	0	0	0	0	0	0	0	0	0	0	6	0
ASV.605	0	0	0	0	0	0	0	0	0	0	0	0	0	6
ASV.606	5	0	0	0	0	0	0	0	0	0	0	0	0	0
ASV.607	0	0	5	0	0	0	0	0	0	0	0	0	0	0
ASV.609	0	0	0	0	0	5	0	0	0	0	0	0	0	0
ASV.611	0	0	0	0	0	0	5	0	0	0	0	0	0	0
ASV.612	0	0	0	0	0	0	0	0	5	0	0	0	0	0
ASV.613	0	0	0	0	0	0	0	0	5	0	0	0	0	0
ASV.614	0	0	0	0	0	0	0	0	5	0	0	0	0	0
ASV.615	0	0	0	0	0	0	0	0	0	5	0	0	0	0
ASV.616	0	0	0	0	0	0	0	0	0	5	0	0	0	0
ASV.617	0	0	0	0	0	0	0	0	0	5	0	0	0	0
ASV.618	0	0	0	0	0	0	0	0	0	5	0	0	0	0
ASV.619	0	0	0	0	0	0	0	0	0	5	0	0	0	0
ASV.620	4	0	0	0	0	0	0	0	0	0	0	0	0	0
ASV.623	0	0	0	0	0	0	4	0	0	0	0	0	0	0
ASV.624	0	0	0	0	0	0	0	4	0	0	0	0	0	0
ASV.625	0	0	0	0	0	0	0	0	4	0	0	0	0	0
ASV.628	0	0	0	0	0	0	0	0	0	4	0	0	0	0
ASV.629	0	0	0	0	0	0	0	0	0	4	0	0	0	0
ASV.630	0	0	0	0	0	0	0	0	0	4	0	0	0	0
ASV.631	0	0	0	0	0	0	0	0	0	4	0	0	0	0
ASV.632	0	0	0	0	0	0	0	0	0	4	0	0	0	0
ASV.633	0	0	0	0	0	0	0	0	0	4	0	0	0	0
ASV.634	0	0	0	0	0	0	0	0	0	4	0	0	0	0
ASV.635	0	0	0	0	0	0	0	0	0	0	0	0	4	0
ASV.639	0	0	0	0	0	0	3	0	0	0	0	0	0	0
ASV.641	0	0	0	0	0	0	0	0	3	0	0	0	0	0
ASV.642	0	0	0	0	0	0	0	0	3	0	0	0	0	0
ASV.643	0	0	0	0	0	0	0	0	0	3	0	0	0	0
ASV.644	0	0	0	0	0	0	0	0	0	3	0	0	0	0
ASV.646	0	0	0	0	0	0	0	0	0	2	0	0	0	0
ASV.647	0	0	0	0	0	0	0	0	0	2	0	0	0	0
