Harding215-66541	Harding216-66543	Harding217-66560	Harding218-66564	Harding219-66566	Harding231-66709
ASV.1	1090	578	2549	2161	2718	0
ASV.2	464	1119	1614	834	1038	71
ASV.3	3	0	0	0	0	4344
ASV.4	2009	626	655	408	522	0
ASV.5	500	1542	644	462	486	0
ASV.6	359	553	736	467	355	0
ASV.7	0	63	1130	593	582	0
ASV.8	0	903	329	205	522	0
ASV.9	0	883	378	0	456	0
ASV.10	0	102	108	420	492	500
ASV.11	0	751	445	0	268	0
ASV.12	0	566	245	423	152	0
ASV.13	0	840	189	83	47	0
ASV.14	1026	0	0	0	0	0
ASV.15	299	44	353	65	77	145
ASV.16	0	0	199	458	141	0
ASV.17	12	206	221	164	190	0
ASV.18	248	160	96	110	100	0
ASV.19	247	5	43	362	41	0
ASV.21	0	0	0	0	0	642
ASV.22	325	0	86	55	165	0
ASV.23	606	0	0	0	0	0
ASV.24	0	0	317	143	120	0
ASV.25	0	0	0	0	0	569
ASV.26	0	0	293	206	41	0
ASV.27	0	291	15	112	96	0
ASV.28	102	135	220	27	28	0
ASV.29	0	437	13	0	35	0
ASV.30	0	0	0	0	0	460
ASV.31	99	198	33	87	22	0
ASV.32	434	0	0	0	0	0
ASV.33	0	0	387	35	6	0
ASV.34	107	162	31	112	15	0
ASV.35	0	0	0	0	0	427
ASV.36	0	80	84	158	103	0
ASV.37	0	0	341	0	80	0
ASV.38	0	150	157	50	58	0
ASV.39	0	163	0	141	107	0
ASV.40	393	0	0	0	13	0
ASV.41	0	405	0	0	0	0
ASV.42	0	0	0	0	0	403
ASV.43	123	87	31	112	39	0
ASV.44	0	170	178	0	36	0
ASV.45	0	0	37	62	43	221
ASV.46	74	94	68	62	62	0
ASV.47	0	264	36	41	19	0
ASV.48	0	343	0	0	0	0
ASV.49	325	0	2	0	0	0
ASV.50	124	103	29	44	19	0
ASV.51	51	138	23	84	13	0
ASV.52	255	0	33	0	11	0
ASV.53	0	6	206	14	72	0
ASV.54	4	0	98	117	77	0
ASV.55	0	0	45	150	101	0
ASV.56	0	13	34	230	16	0
ASV.57	47	0	96	68	76	0
ASV.58	51	50	42	103	37	0
ASV.59	0	0	96	116	59	0
ASV.60	0	0	63	105	99	0
ASV.61	66	42	32	78	45	0
ASV.62	0	0	0	0	0	263
ASV.63	0	0	203	0	49	0
ASV.64	111	31	43	25	36	0
ASV.65	66	65	37	37	39	0
ASV.66	219	0	19	0	0	0
ASV.67	0	235	0	0	0	0
ASV.68	12	103	45	28	33	9
ASV.69	15	164	32	0	0	18
ASV.70	0	0	0	0	0	229
ASV.71	0	225	0	0	0	0
ASV.72	0	149	37	0	38	0
ASV.73	0	0	0	0	0	223
ASV.74	74	50	0	36	28	34
ASV.75	0	0	0	0	0	214
ASV.76	0	197	0	0	13	0
ASV.77	0	0	0	0	0	210
ASV.78	0	0	0	0	0	208
ASV.79	37	91	0	31	28	10
ASV.80	0	45	10	114	24	0
ASV.81	0	30	32	63	68	0
ASV.82	0	81	71	15	23	0
ASV.83	188	0	0	0	0	0
ASV.85	26	28	12	46	29	41
ASV.86	182	0	0	0	0	0
ASV.87	27	60	24	41	21	0
ASV.88	0	0	9	63	99	0
ASV.89	31	72	12	36	19	0
ASV.90	37	129	0	0	0	0
ASV.91	0	0	64	45	57	0
ASV.92	0	0	143	2	19	0
ASV.93	0	0	128	0	34	0
ASV.94	144	0	0	0	15	0
ASV.95	0	0	0	149	10	0
ASV.96	62	44	17	27	0	0
ASV.97	0	0	125	24	0	0
ASV.98	0	0	0	148	0	0
ASV.100	0	0	38	38	67	0
ASV.101	0	0	0	0	0	143
ASV.102	140	0	0	0	0	0
ASV.103	0	0	0	140	0	0
ASV.104	0	0	139	0	0	0
ASV.105	0	0	0	80	59	0
ASV.106	79	0	18	0	37	0
ASV.107	0	23	69	27	15	0
ASV.108	0	122	0	0	12	0
ASV.109	0	0	22	29	45	38
ASV.110	15	62	14	42	0	0
ASV.112	0	0	36	80	17	0
ASV.113	0	0	0	133	0	0
ASV.114	0	74	0	29	29	0
ASV.115	0	131	0	0	0	0
ASV.116	0	128	0	3	0	0
ASV.117	16	6	40	28	40	0
ASV.118	0	5	76	16	31	0
ASV.119	0	0	78	0	48	0
ASV.120	27	55	0	43	0	0
ASV.121	0	70	16	24	15	0
ASV.122	0	0	117	0	8	0
ASV.123	0	0	0	122	0	0
ASV.124	121	0	0	0	0	0
ASV.125	0	4	116	0	0	0
ASV.127	17	40	8	30	21	0
ASV.128	0	18	38	42	18	0
ASV.129	16	57	15	10	15	0
ASV.130	0	0	67	46	0	0
ASV.131	0	0	0	113	0	0
ASV.132	0	0	112	0	0	0
ASV.133	0	0	0	102	10	0
ASV.134	0	0	111	0	0	0
ASV.135	0	29	39	17	25	0
ASV.136	8	28	33	25	15	0
ASV.138	0	0	0	0	0	109
ASV.140	0	0	0	0	0	108
ASV.141	0	0	0	0	0	107
ASV.142	0	0	106	0	0	0
ASV.143	0	42	0	61	0	0
ASV.144	0	0	17	36	46	0
ASV.145	0	0	0	76	23	0
ASV.147	0	0	0	0	0	97
ASV.148	0	0	0	95	0	0
ASV.149	0	0	43	0	51	0
ASV.151	0	0	0	0	90	0
ASV.152	0	89	0	0	0	0
ASV.153	16	21	19	18	13	0
ASV.154	36	30	0	21	0	0
ASV.155	0	41	9	21	0	16
ASV.156	86	0	0	0	0	0
ASV.157	0	0	18	68	0	0
ASV.158	0	0	0	55	31	0
ASV.159	20	29	0	34	0	0
ASV.160	0	42	28	0	13	0
ASV.161	0	0	35	16	32	0
ASV.162	0	0	0	0	81	0
ASV.163	0	0	0	62	18	0
ASV.165	0	0	79	0	0	0
ASV.166	0	0	50	0	28	0
ASV.167	0	0	0	0	0	77
ASV.168	0	0	0	0	0	77
ASV.169	0	0	61	0	15	0
ASV.170	0	0	0	0	0	76
ASV.171	62	0	0	0	13	0
ASV.172	0	75	0	0	0	0
ASV.173	0	0	0	75	0	0
ASV.174	0	0	0	22	53	0
ASV.175	26	37	0	11	0	0
ASV.176	0	0	74	0	0	0
ASV.177	0	0	73	0	0	0
ASV.179	0	0	0	0	73	0
ASV.180	7	18	0	20	8	19
ASV.183	0	0	0	72	0	0
ASV.186	0	0	0	71	0	0
ASV.188	0	68	0	0	0	0
ASV.189	0	0	0	0	68	0
ASV.190	5	16	23	10	13	0
ASV.191	0	0	67	0	0	0
ASV.192	0	0	0	0	67	0
ASV.193	0	0	0	0	0	67
ASV.194	13	27	0	26	0	0
ASV.195	0	0	0	36	30	0
ASV.196	0	0	0	0	65	0
ASV.197	0	0	0	0	0	65
ASV.198	23	41	0	0	0	0
ASV.200	0	0	64	0	0	0
ASV.201	0	0	0	0	64	0
ASV.202	0	0	0	63	0	0
ASV.203	0	0	0	63	0	0
ASV.205	0	0	62	0	0	0
ASV.206	0	0	21	0	41	0
ASV.207	0	0	0	48	14	0
ASV.208	0	0	0	62	0	0
ASV.209	0	0	0	0	62	0
ASV.210	0	0	0	0	0	62
ASV.211	0	0	23	27	11	0
ASV.213	0	0	0	46	15	0
ASV.214	0	0	0	61	0	0
ASV.215	20	22	0	10	8	0
ASV.216	17	31	0	12	0	0
ASV.217	0	60	0	0	0	0
ASV.218	0	0	0	60	0	0
ASV.219	0	0	0	0	60	0
ASV.220	0	0	27	29	3	0
ASV.221	0	0	59	0	0	0
ASV.222	0	0	58	0	0	0
ASV.223	0	0	45	0	13	0
ASV.224	0	0	38	0	20	0
ASV.225	33	7	0	17	0	0
ASV.226	0	0	13	34	10	0
ASV.227	0	0	0	56	0	0
ASV.228	55	0	0	0	0	0
ASV.229	27	8	0	20	0	0
ASV.230	0	26	13	0	16	0
ASV.232	0	0	0	55	0	0
ASV.233	0	0	0	55	0	0
ASV.234	0	0	0	0	55	0
ASV.235	0	0	0	0	0	55
ASV.236	42	0	0	12	0	0
ASV.237	0	0	7	47	0	0
ASV.238	0	0	13	41	0	0
ASV.239	0	0	0	0	54	0
ASV.240	53	0	0	0	0	0
ASV.241	15	24	0	13	0	0
ASV.243	11	18	0	16	6	0
ASV.244	0	51	0	0	0	0
ASV.247	0	35	0	16	0	0
ASV.248	0	0	51	0	0	0
ASV.249	0	0	0	14	37	0
ASV.250	15	23	12	0	0	0
ASV.251	8	18	0	24	0	0
ASV.252	0	16	15	19	0	0
ASV.253	0	0	50	0	0	0
ASV.254	0	0	50	0	0	0
ASV.255	0	0	0	50	0	0
ASV.257	0	0	0	0	0	49
ASV.258	0	48	0	0	0	0
ASV.260	0	0	48	0	0	0
ASV.261	0	0	48	0	0	0
ASV.262	0	0	0	38	10	0
ASV.263	0	0	0	0	48	0
ASV.264	6	35	0	6	0	0
ASV.265	47	0	0	0	0	0
ASV.266	0	20	9	6	12	0
ASV.267	0	0	17	16	14	0
ASV.268	0	0	14	0	33	0
ASV.269	0	0	47	0	0	0
ASV.270	0	0	0	0	0	47
ASV.271	0	0	0	0	0	47
ASV.272	21	8	5	9	3	0
ASV.274	0	0	0	0	0	46
ASV.275	14	21	0	10	0	0
ASV.276	7	15	0	5	18	0
ASV.278	0	45	0	0	0	0
ASV.279	0	45	0	0	0	0
ASV.280	0	22	12	10	1	0
ASV.281	0	0	45	0	0	0
ASV.282	0	0	0	45	0	0
ASV.284	7	29	8	0	0	0
ASV.285	0	44	0	0	0	0
ASV.286	0	0	0	44	0	0
ASV.287	0	0	0	44	0	0
ASV.288	0	0	0	0	0	44
ASV.289	0	0	0	0	0	44
ASV.290	0	0	0	0	0	44
ASV.291	0	0	8	0	19	16
ASV.292	0	0	43	0	0	0
ASV.293	0	0	43	0	0	0
ASV.295	0	0	0	43	0	0
ASV.296	0	0	0	0	43	0
ASV.297	0	0	0	42	0	0
ASV.298	0	0	0	0	0	42
ASV.299	0	0	0	0	0	42
ASV.300	18	0	1	21	1	0
ASV.301	25	16	0	0	0	0
ASV.302	0	15	7	19	0	0
ASV.303	0	8	0	27	6	0
ASV.305	0	0	41	0	0	0
ASV.306	0	0	0	30	11	0
ASV.307	0	0	0	41	0	0
ASV.308	0	0	0	40	0	0
ASV.309	0	0	0	0	0	40
ASV.310	14	25	0	0	0	0
ASV.311	0	25	0	0	0	14
ASV.313	0	39	0	0	0	0
ASV.314	0	29	0	10	0	0
ASV.315	0	6	10	11	12	0
ASV.316	0	0	39	0	0	0
ASV.319	0	0	18	8	13	0
ASV.320	0	0	39	0	0	0
ASV.321	0	0	23	13	3	0
ASV.322	0	0	0	0	39	0
ASV.323	0	0	0	0	0	39
ASV.324	15	17	0	0	6	0
ASV.325	38	0	0	0	0	0
ASV.326	0	38	0	0	0	0
ASV.327	0	38	0	0	0	0
ASV.328	0	28	0	10	0	0
ASV.329	0	0	0	38	0	0
ASV.330	0	0	0	38	0	0
ASV.331	0	0	0	29	9	0
ASV.332	0	0	0	0	0	38
ASV.333	0	0	0	0	0	38
ASV.334	37	0	0	0	0	0
ASV.336	0	0	37	0	0	0
ASV.337	0	0	37	0	0	0
ASV.338	0	0	0	37	0	0
ASV.339	0	0	0	0	37	0
ASV.341	0	0	0	0	0	37
ASV.342	36	0	0	0	0	0
ASV.343	36	0	0	0	0	0
ASV.344	2	10	0	24	0	0
ASV.345	12	5	0	19	0	0
ASV.346	31	0	5	0	0	0
ASV.348	0	0	36	0	0	0
ASV.349	0	0	0	36	0	0
ASV.350	0	0	0	0	36	0
ASV.351	0	0	0	0	36	0
ASV.352	0	0	0	0	0	36
ASV.353	0	0	0	0	0	36
ASV.354	0	10	0	15	10	0
ASV.355	0	35	0	0	0	0
ASV.357	0	0	0	35	0	0
ASV.358	0	0	0	0	0	35
ASV.359	0	0	0	0	0	35
ASV.360	6	0	0	28	0	0
ASV.361	15	9	7	0	3	0
ASV.362	0	0	10	0	24	0
ASV.363	0	0	34	0	0	0
ASV.364	0	0	34	0	0	0
ASV.366	0	0	0	15	19	0
ASV.367	0	0	0	0	34	0
ASV.368	0	0	0	0	0	34
ASV.369	0	0	0	0	0	34
ASV.370	0	0	0	0	0	34
ASV.371	13	0	20	0	0	0
ASV.372	0	0	33	0	0	0
ASV.373	0	0	27	0	6	0
ASV.374	0	0	33	0	0	0
ASV.376	0	0	0	0	33	0
ASV.377	32	0	0	0	0	0
ASV.378	13	9	0	5	5	0
ASV.379	0	32	0	0	0	0
ASV.381	0	0	0	0	0	32
ASV.382	0	0	0	0	0	32
ASV.383	0	0	0	0	0	32
ASV.384	19	0	0	12	0	0
ASV.385	6	0	11	6	8	0
ASV.386	0	31	0	0	0	0
ASV.387	0	31	0	0	0	0
ASV.389	0	16	15	0	0	0
ASV.390	0	0	31	0	0	0
ASV.391	0	0	31	0	0	0
ASV.392	0	0	31	0	0	0
ASV.393	0	0	31	0	0	0
ASV.394	0	0	31	0	0	0
ASV.395	0	0	0	31	0	0
ASV.396	0	0	0	0	31	0
ASV.397	0	0	0	0	31	0
ASV.398	0	0	0	0	31	0
ASV.399	0	0	0	0	31	0
ASV.400	0	0	0	0	0	31
ASV.402	0	22	0	0	8	0
ASV.403	0	0	16	9	5	0
ASV.404	0	0	0	13	17	0
ASV.405	0	0	0	30	0	0
ASV.406	0	0	0	0	0	30
ASV.407	0	0	0	0	0	30
ASV.408	10	10	0	9	0	0
ASV.410	0	0	18	0	11	0
ASV.412	0	0	18	0	11	0
ASV.413	0	0	15	9	0	5
ASV.414	0	0	9	9	11	0
ASV.415	0	0	0	29	0	0
ASV.416	0	0	0	0	29	0
ASV.417	0	0	0	0	0	29
ASV.418	0	0	0	0	0	29
ASV.420	28	0	0	0	0	0
ASV.421	0	15	0	6	7	0
ASV.422	0	27	0	1	0	0
ASV.423	0	0	4	16	8	0
ASV.424	0	0	0	28	0	0
ASV.425	0	0	0	0	28	0
ASV.426	0	0	0	0	28	0
ASV.427	0	0	0	0	0	28
ASV.428	27	0	0	0	0	0
ASV.429	15	0	0	12	0	0
ASV.432	10	0	13	0	4	0
ASV.433	27	0	0	0	0	0
ASV.434	0	12	8	0	7	0
ASV.436	0	3	24	0	0	0
ASV.437	0	0	18	0	9	0
ASV.438	0	0	27	0	0	0
ASV.440	0	0	27	0	0	0
ASV.441	0	0	0	0	27	0
ASV.442	0	0	0	0	27	0
ASV.443	0	0	0	0	27	0
ASV.445	0	0	0	0	0	27
ASV.446	0	0	0	0	0	27
ASV.447	0	0	0	0	0	27
ASV.449	4	22	0	0	0	0
ASV.450	0	7	0	9	10	0
ASV.451	0	14	0	0	12	0
ASV.452	0	0	26	0	0	0
ASV.454	0	0	8	0	18	0
ASV.456	0	0	26	0	0	0
ASV.457	0	0	26	0	0	0
ASV.458	0	0	12	6	8	0
ASV.459	0	0	0	26	0	0
ASV.460	0	0	0	0	26	0
ASV.461	0	0	0	0	26	0
ASV.462	0	0	0	0	26	0
ASV.463	0	0	0	0	26	0
ASV.464	0	0	0	0	0	26
ASV.465	25	0	0	0	0	0
ASV.466	25	0	0	0	0	0
ASV.467	19	0	0	6	0	0
ASV.468	5	7	0	13	0	0
ASV.469	25	0	0	0	0	0
ASV.470	0	25	0	0	0	0
ASV.471	0	10	7	0	8	0
ASV.472	0	25	0	0	0	0
ASV.473	0	0	25	0	0	0
ASV.476	0	0	25	0	0	0
ASV.477	0	0	25	0	0	0
ASV.478	0	0	5	4	16	0
ASV.479	0	0	5	6	14	0
ASV.480	0	0	0	0	25	0
ASV.481	0	0	0	0	25	0
ASV.482	0	0	0	0	25	0
ASV.483	0	0	0	0	25	0
ASV.484	0	0	0	0	25	0
ASV.485	0	0	0	0	0	25
ASV.486	0	0	0	0	0	25
ASV.487	8	0	12	0	4	0
ASV.489	3	18	0	3	0	0
ASV.490	0	24	0	0	0	0
ASV.491	0	0	4	0	20	0
ASV.493	0	0	12	5	7	0
ASV.494	0	0	17	7	0	0
ASV.496	0	0	24	0	0	0
ASV.497	0	0	24	0	0	0
ASV.498	0	0	0	24	0	0
ASV.499	0	0	0	0	24	0
ASV.500	0	0	0	0	24	0
ASV.501	0	0	0	0	0	24
ASV.502	0	0	0	0	0	24
ASV.503	0	0	0	0	0	24
ASV.504	0	0	0	0	0	24
ASV.505	6	0	0	17	0	0
ASV.506	5	0	9	5	4	0
ASV.507	0	3	7	13	0	0
ASV.508	0	23	0	0	0	0
ASV.509	0	13	10	0	0	0
ASV.510	0	11	0	0	12	0
ASV.511	0	23	0	0	0	0
ASV.512	0	23	0	0	0	0
ASV.513	0	0	23	0	0	0
ASV.516	0	0	9	7	7	0
ASV.517	0	0	0	13	10	0
ASV.518	0	0	0	23	0	0
ASV.519	0	0	0	23	0	0
ASV.520	0	0	0	0	23	0
ASV.521	0	0	0	0	23	0
ASV.522	0	0	0	0	23	0
ASV.523	0	0	0	0	23	0
ASV.524	0	0	0	0	0	23
ASV.525	4	6	0	12	0	0
ASV.526	15	7	0	0	0	0
ASV.528	0	10	5	0	7	0
ASV.529	0	3	5	3	11	0
ASV.531	0	0	0	22	0	0
ASV.532	0	0	0	22	0	0
ASV.533	0	0	0	0	22	0
ASV.534	0	0	0	0	22	0
ASV.535	0	0	0	0	22	0
ASV.536	0	0	0	0	0	22
ASV.537	0	0	0	0	0	22
ASV.538	0	0	0	0	0	22
ASV.539	0	0	0	0	0	22
ASV.540	0	0	0	0	0	22
ASV.542	9	0	0	0	12	0
ASV.543	21	0	0	0	0	0
ASV.544	4	0	9	3	5	0
ASV.545	5	0	3	6	7	0
ASV.546	0	21	0	0	0	0
ASV.547	0	4	0	4	6	7
ASV.548	0	4	9	8	0	0
ASV.549	0	21	0	0	0	0
ASV.550	0	5	5	5	6	0
ASV.553	0	0	21	0	0	0
ASV.555	0	0	21	0	0	0
ASV.556	0	0	11	6	4	0
ASV.557	0	0	7	5	9	0
ASV.558	0	0	5	7	9	0
ASV.559	0	0	0	21	0	0
ASV.560	0	0	0	21	0	0
ASV.561	0	0	0	0	21	0
ASV.562	0	0	0	0	21	0
ASV.563	0	0	0	0	21	0
ASV.564	0	0	0	0	21	0
ASV.565	0	0	0	0	21	0
ASV.566	0	0	0	0	0	21
ASV.567	0	0	0	0	0	21
ASV.568	0	0	0	0	0	21
ASV.569	0	0	0	0	0	21
ASV.570	0	0	0	0	0	21
ASV.571	0	0	0	0	0	21
ASV.572	20	0	0	0	0	0
ASV.573	20	0	0	0	0	0
ASV.574	8	0	5	3	4	0
ASV.575	4	0	6	0	10	0
ASV.576	0	20	0	0	0	0
ASV.577	0	8	6	0	6	0
ASV.578	0	11	0	9	0	0
ASV.579	0	6	0	0	0	14
ASV.580	0	15	5	0	0	0
ASV.581	0	0	14	0	6	0
ASV.582	0	0	20	0	0	0
ASV.583	0	0	20	0	0	0
ASV.584	0	0	20	0	0	0
ASV.585	0	0	7	4	9	0
ASV.586	0	0	2	11	7	0
ASV.587	0	0	8	5	7	0
ASV.589	0	0	8	6	6	0
ASV.590	0	0	14	0	6	0
ASV.591	0	0	20	0	0	0
ASV.592	0	0	0	17	0	3
ASV.593	0	0	0	17	3	0
ASV.594	0	0	0	10	10	0
ASV.595	0	0	0	20	0	0
ASV.596	0	0	0	20	0	0
ASV.597	0	0	0	0	20	0
ASV.599	0	0	0	0	20	0
ASV.600	0	0	0	0	20	0
ASV.601	0	0	0	0	20	0
ASV.602	0	0	0	0	20	0
ASV.603	0	0	0	0	0	20
ASV.604	0	0	0	0	0	20
ASV.605	0	0	0	0	0	20
ASV.606	0	0	0	0	0	20
ASV.607	4	4	4	7	0	0
ASV.608	0	19	0	0	0	0
ASV.609	0	19	0	0	0	0
ASV.610	0	0	19	0	0	0
ASV.612	0	0	10	0	9	0
ASV.613	0	0	8	11	0	0
ASV.614	0	0	13	6	0	0
ASV.615	0	0	5	14	0	0
ASV.616	0	0	19	0	0	0
ASV.617	0	0	19	0	0	0
ASV.618	0	0	19	0	0	0
ASV.619	0	0	4	10	5	0
ASV.620	0	0	11	3	5	0
ASV.621	0	0	0	19	0	0
ASV.622	0	0	0	19	0	0
ASV.623	0	0	0	19	0	0
ASV.624	0	0	0	0	19	0
ASV.625	0	0	0	0	19	0
ASV.626	0	0	0	0	19	0
ASV.627	0	0	0	0	19	0
ASV.628	0	0	0	0	19	0
ASV.629	0	0	0	0	19	0
ASV.630	0	0	0	0	0	19
ASV.631	0	0	0	0	0	19
ASV.632	0	0	0	0	0	19
ASV.633	0	0	0	0	0	19
ASV.634	0	0	0	0	0	19
ASV.635	0	0	0	0	0	19
ASV.636	0	0	0	0	0	19
ASV.637	0	0	0	0	0	19
ASV.638	18	0	0	0	0	0
ASV.639	1	17	0	0	0	0
ASV.640	9	4	0	5	0	0
ASV.641	18	0	0	0	0	0
ASV.642	8	10	0	0	0	0
ASV.643	18	0	0	0	0	0
ASV.644	0	18	0	0	0	0
ASV.645	0	18	0	0	0	0
ASV.646	0	18	0	0	0	0
ASV.647	0	0	10	0	8	0
ASV.649	0	0	18	0	0	0
ASV.650	0	0	18	0	0	0
ASV.651	0	0	5	10	3	0
ASV.652	0	0	6	4	8	0
ASV.653	0	0	11	0	7	0
ASV.654	0	0	14	0	4	0
ASV.655	0	0	11	3	4	0
ASV.656	0	0	9	5	4	0
ASV.657	0	0	7	4	7	0
ASV.659	0	0	0	18	0	0
ASV.660	0	0	0	18	0	0
ASV.661	0	0	0	0	18	0
ASV.662	0	0	0	0	18	0
ASV.663	0	0	0	0	18	0
ASV.664	0	0	0	0	0	18
ASV.665	0	0	0	0	0	18
ASV.666	0	0	0	0	0	18
ASV.667	0	0	0	0	0	18
ASV.668	17	0	0	0	0	0
ASV.669	17	0	0	0	0	0
ASV.670	17	0	0	0	0	0
ASV.672	0	17	0	0	0	0
ASV.673	0	17	0	0	0	0
ASV.674	0	17	0	0	0	0
ASV.676	0	17	0	0	0	0
ASV.677	0	17	0	0	0	0
ASV.678	0	0	14	0	3	0
ASV.679	0	0	17	0	0	0
ASV.680	0	0	17	0	0	0
ASV.683	0	0	17	0	0	0
ASV.684	0	0	17	0	0	0
ASV.685	0	0	4	6	7	0
ASV.686	0	0	7	3	7	0
ASV.687	0	0	5	7	5	0
ASV.688	0	0	17	0	0	0
ASV.689	0	0	0	17	0	0
ASV.690	0	0	0	4	13	0
ASV.691	0	0	0	17	0	0
ASV.692	0	0	0	17	0	0
ASV.693	0	0	0	17	0	0
ASV.694	0	0	0	17	0	0
ASV.695	0	0	0	0	17	0
ASV.696	0	0	0	0	17	0
ASV.697	0	0	0	0	17	0
ASV.698	0	0	0	0	17	0
ASV.699	0	0	0	0	17	0
ASV.701	0	0	0	0	17	0
ASV.702	0	0	0	0	0	17
ASV.703	0	0	0	0	0	17
ASV.704	0	0	0	0	0	17
ASV.705	0	0	0	0	0	17
ASV.706	0	0	0	0	0	17
ASV.707	0	0	0	0	0	17
ASV.708	0	0	0	0	0	17
ASV.709	16	0	0	0	0	0
ASV.710	16	0	0	0	0	0
ASV.711	16	0	0	0	0	0
ASV.713	12	0	4	0	0	0
ASV.714	7	0	4	0	5	0
ASV.715	7	0	3	6	0	0
ASV.716	0	16	0	0	0	0
ASV.717	0	16	0	0	0	0
ASV.718	0	9	0	7	0	0
ASV.719	0	16	0	0	0	0
ASV.720	0	16	0	0	0	0
ASV.721	0	4	0	12	0	0
ASV.724	0	7	2	0	7	0
ASV.725	0	16	0	0	0	0
ASV.726	0	8	4	0	4	0
ASV.728	0	0	16	0	0	0
ASV.729	0	0	16	0	0	0
ASV.730	0	0	16	0	0	0
ASV.732	0	0	9	7	0	0
ASV.733	0	0	9	4	3	0
ASV.734	0	0	3	6	7	0
ASV.735	0	0	3	7	6	0
ASV.736	0	0	4	5	7	0
ASV.737	0	0	0	16	0	0
ASV.738	0	0	0	16	0	0
ASV.739	0	0	0	16	0	0
ASV.740	0	0	0	16	0	0
ASV.741	0	0	0	16	0	0
ASV.743	0	0	0	16	0	0
ASV.744	0	0	0	0	16	0
ASV.747	0	0	0	0	0	16
ASV.748	0	0	0	0	0	16
ASV.749	0	0	0	0	0	16
ASV.750	0	0	0	0	0	16
ASV.751	0	0	0	0	0	16
ASV.752	0	0	0	0	0	16
ASV.753	0	0	0	0	0	16
ASV.754	0	0	0	0	0	16
ASV.755	0	0	0	0	0	16
ASV.756	0	0	0	0	0	16
ASV.757	0	0	0	0	0	16
ASV.758	0	0	0	0	0	16
ASV.759	0	0	0	0	0	16
ASV.760	0	0	0	0	0	16
ASV.761	0	0	0	0	0	16
ASV.762	0	0	0	0	0	16
ASV.764	8	0	3	3	1	0
ASV.766	5	10	0	0	0	0
ASV.767	8	7	0	0	0	0
ASV.768	8	0	4	0	3	0
ASV.769	4	0	2	5	4	0
ASV.770	4	0	5	6	0	0
ASV.771	0	15	0	0	0	0
ASV.772	0	15	0	0	0	0
ASV.773	0	15	0	0	0	0
ASV.775	0	15	0	0	0	0
ASV.777	0	15	0	0	0	0
ASV.778	0	15	0	0	0	0
ASV.779	0	15	0	0	0	0
ASV.780	0	5	0	0	10	0
ASV.781	0	0	15	0	0	0
ASV.784	0	0	15	0	0	0
ASV.786	0	0	15	0	0	0
ASV.787	0	0	15	0	0	0
ASV.789	0	0	15	0	0	0
ASV.790	0	0	8	3	4	0
ASV.791	0	0	6	2	7	0
ASV.792	0	0	3	4	8	0
ASV.794	0	0	5	4	6	0
ASV.795	0	0	5	0	10	0
ASV.796	0	0	4	8	3	0
ASV.797	0	0	0	15	0	0
ASV.798	0	0	0	15	0	0
ASV.799	0	0	0	15	0	0
ASV.800	0	0	0	15	0	0
ASV.801	0	0	0	15	0	0
ASV.802	0	0	0	15	0	0
ASV.803	0	0	0	0	15	0
ASV.805	0	0	0	0	15	0
ASV.806	0	0	0	0	15	0
ASV.807	0	0	0	0	15	0
ASV.808	0	0	0	0	15	0
ASV.809	0	0	0	0	15	0
ASV.810	0	0	0	0	15	0
ASV.811	0	0	0	0	0	15
ASV.812	0	0	0	0	0	15
ASV.813	0	0	0	0	0	15
ASV.814	0	0	0	0	0	15
ASV.815	14	0	0	0	0	0
ASV.816	14	0	0	0	0	0
ASV.817	14	0	0	0	0	0
ASV.818	14	0	0	0	0	0
ASV.819	14	0	0	0	0	0
ASV.820	5	4	0	5	0	0
ASV.821	14	0	0	0	0	0
ASV.823	7	0	4	0	3	0
ASV.824	3	0	6	0	5	0
ASV.825	0	4	10	0	0	0
ASV.826	0	14	0	0	0	0
ASV.827	0	14	0	0	0	0
ASV.829	0	0	8	0	6	0
ASV.832	0	0	14	0	0	0
ASV.833	0	0	14	0	0	0
ASV.834	0	0	14	0	0	0
ASV.835	0	0	14	0	0	0
ASV.836	0	0	6	3	5	0
ASV.837	0	0	9	2	3	0
ASV.838	0	0	3	4	7	0
ASV.840	0	0	3	6	5	0
ASV.841	0	0	4	3	7	0
ASV.842	0	0	4	7	3	0
ASV.843	0	0	7	3	4	0
ASV.844	0	0	0	14	0	0
ASV.845	0	0	0	14	0	0
ASV.846	0	0	0	14	0	0
ASV.847	0	0	0	4	10	0
ASV.848	0	0	0	14	0	0
ASV.849	0	0	0	14	0	0
ASV.851	0	0	0	0	14	0
ASV.852	0	0	0	0	14	0
ASV.853	0	0	0	0	14	0
ASV.854	0	0	0	0	14	0
ASV.855	0	0	0	0	14	0
ASV.856	0	0	0	0	14	0
ASV.857	0	0	0	0	14	0
ASV.858	0	0	0	0	0	14
ASV.859	0	0	0	0	0	14
ASV.860	0	0	0	0	0	14
ASV.861	0	0	0	0	0	14
ASV.862	0	0	0	0	0	14
ASV.863	0	0	0	0	0	14
ASV.864	0	0	0	0	0	14
ASV.865	0	0	0	0	0	14
ASV.866	0	0	0	0	0	14
ASV.867	0	0	0	0	0	14
ASV.868	0	0	0	0	0	14
ASV.869	0	0	0	0	0	14
ASV.870	0	0	0	0	0	14
ASV.871	0	0	0	0	0	14
ASV.872	0	0	0	0	0	14
ASV.873	13	0	0	0	0	0
ASV.874	13	0	0	0	0	0
ASV.875	5	8	0	0	0	0
ASV.876	13	0	0	0	0	0
ASV.877	3	0	7	2	1	0
ASV.878	0	13	0	0	0	0
ASV.879	0	3	0	10	0	0
ASV.880	0	13	0	0	0	0
ASV.881	0	13	0	0	0	0
ASV.882	0	13	0	0	0	0
ASV.883	0	13	0	0	0	0
ASV.884	0	13	0	0	0	0
ASV.885	0	13	0	0	0	0
ASV.886	0	13	0	0	0	0
ASV.887	0	13	0	0	0	0
ASV.888	0	0	13	0	0	0
ASV.889	0	0	13	0	0	0
ASV.892	0	0	13	0	0	0
ASV.894	0	0	13	0	0	0
ASV.895	0	0	13	0	0	0
ASV.896	0	0	7	3	3	0
ASV.897	0	0	5	0	8	0
ASV.898	0	0	3	4	6	0
ASV.899	0	0	5	0	8	0
ASV.900	0	0	4	0	9	0
ASV.901	0	0	10	0	3	0
ASV.902	0	0	13	0	0	0
ASV.903	0	0	9	0	4	0
ASV.905	0	0	0	13	0	0
ASV.907	0	0	0	13	0	0
ASV.908	0	0	0	13	0	0
ASV.909	0	0	0	13	0	0
ASV.910	0	0	0	13	0	0
ASV.911	0	0	0	13	0	0
ASV.912	0	0	0	13	0	0
ASV.913	0	0	0	13	0	0
ASV.914	0	0	0	13	0	0
ASV.915	0	0	0	0	13	0
ASV.917	0	0	0	0	13	0
ASV.919	0	0	0	0	13	0
ASV.920	0	0	0	0	13	0
ASV.921	0	0	0	0	13	0
ASV.922	0	0	0	0	13	0
ASV.923	0	0	0	0	13	0
ASV.924	0	0	0	0	13	0
ASV.925	0	0	0	0	0	13
ASV.926	0	0	0	0	0	13
ASV.927	0	0	0	0	0	13
ASV.928	0	0	0	0	0	13
ASV.929	0	0	0	0	0	13
ASV.930	0	0	0	0	0	13
ASV.931	0	0	0	0	0	13
ASV.932	0	0	0	0	0	13
ASV.933	0	0	0	0	0	13
ASV.934	12	0	0	0	0	0
ASV.935	3	9	0	0	0	0
ASV.936	12	0	0	0	0	0
ASV.937	12	0	0	0	0	0
ASV.939	9	0	0	3	0	0
ASV.940	12	0	0	0	0	0
ASV.941	12	0	0	0	0	0
ASV.942	11	1	0	0	0	0
ASV.943	4	5	0	3	0	0
ASV.944	12	0	0	0	0	0
ASV.945	8	4	0	0	0	0
ASV.946	12	0	0	0	0	0
ASV.947	12	0	0	0	0	0
ASV.948	0	12	0	0	0	0
ASV.950	0	4	8	0	0	0
ASV.951	0	4	4	0	4	0
ASV.952	0	12	0	0	0	0
ASV.953	0	12	0	0	0	0
ASV.954	0	12	0	0	0	0
ASV.955	0	10	0	2	0	0
ASV.956	0	12	0	0	0	0
ASV.957	0	12	0	0	0	0
ASV.958	0	0	12	0	0	0
ASV.959	0	0	12	0	0	0
ASV.960	0	0	5	0	7	0
ASV.965	0	0	12	0	0	0
ASV.966	0	0	12	0	0	0
ASV.968	0	0	5	0	7	0
ASV.969	0	0	5	4	3	0
ASV.970	0	0	7	0	5	0
ASV.972	0	0	5	0	7	0
ASV.973	0	0	7	0	5	0
ASV.974	0	0	6	2	4	0
ASV.975	0	0	0	12	0	0
ASV.976	0	0	0	4	8	0
ASV.977	0	0	0	12	0	0
ASV.978	0	0	0	12	0	0
ASV.979	0	0	0	12	0	0
ASV.980	0	0	0	5	7	0
ASV.981	0	0	0	12	0	0
ASV.982	0	0	0	4	8	0
ASV.983	0	0	0	3	9	0
ASV.984	0	0	0	8	4	0
ASV.985	0	0	0	12	0	0
ASV.986	0	0	0	12	0	0
ASV.987	0	0	0	0	12	0
ASV.988	0	0	0	0	12	0
ASV.989	0	0	0	0	12	0
ASV.990	0	0	0	0	12	0
ASV.991	0	0	0	0	12	0
ASV.992	0	0	0	0	12	0
ASV.993	0	0	0	0	12	0
ASV.994	0	0	0	0	12	0
ASV.995	0	0	0	0	12	0
ASV.996	0	0	0	0	12	0
ASV.997	0	0	0	0	12	0
ASV.998	0	0	0	0	12	0
ASV.999	0	0	0	0	0	12
ASV.1000	0	0	0	0	0	12
ASV.1001	0	0	0	0	0	12
ASV.1002	0	0	0	0	0	12
ASV.1003	0	0	0	0	0	12
ASV.1005	0	0	0	0	0	12
ASV.1006	0	0	0	0	0	12
ASV.1007	0	0	0	0	0	12
ASV.1008	0	0	0	0	0	12
ASV.1010	0	0	0	0	0	12
ASV.1011	0	0	0	0	0	12
ASV.1012	0	0	0	0	0	12
ASV.1013	0	0	0	0	0	12
ASV.1014	0	0	0	0	0	12
ASV.1015	0	0	0	0	0	12
ASV.1017	11	0	0	0	0	0
ASV.1018	11	0	0	0	0	0
ASV.1019	11	0	0	0	0	0
ASV.1020	6	0	0	0	5	0
ASV.1021	5	0	2	4	0	0
ASV.1023	0	11	0	0	0	0
ASV.1024	0	11	0	0	0	0
ASV.1025	0	11	0	0	0	0
ASV.1027	0	11	0	0	0	0
ASV.1028	0	11	0	0	0	0
ASV.1029	0	11	0	0	0	0
ASV.1030	0	11	0	0	0	0
ASV.1031	0	11	0	0	0	0
ASV.1032	0	11	0	0	0	0
ASV.1033	0	4	2	0	5	0
ASV.1034	0	0	11	0	0	0
ASV.1035	0	0	11	0	0	0
ASV.1039	0	0	11	0	0	0
ASV.1040	0	0	6	0	5	0
ASV.1041	0	0	4	0	7	0
ASV.1042	0	0	3	2	6	0
ASV.1043	0	0	6	5	0	0
ASV.1044	0	0	8	0	3	0
ASV.1045	0	0	6	0	5	0
ASV.1046	0	0	6	0	5	0
ASV.1047	0	0	11	0	0	0
ASV.1048	0	0	0	4	0	7
ASV.1049	0	0	0	11	0	0
ASV.1050	0	0	0	11	0	0
ASV.1051	0	0	0	11	0	0
ASV.1052	0	0	0	11	0	0
ASV.1053	0	0	0	11	0	0
ASV.1054	0	0	0	11	0	0
ASV.1055	0	0	0	11	0	0
ASV.1056	0	0	0	11	0	0
ASV.1058	0	0	0	3	8	0
ASV.1059	0	0	0	5	6	0
ASV.1060	0	0	0	0	11	0
ASV.1061	0	0	0	0	11	0
ASV.1062	0	0	0	0	11	0
ASV.1063	0	0	0	0	11	0
ASV.1064	0	0	0	0	11	0
ASV.1065	0	0	0	0	11	0
ASV.1066	0	0	0	0	11	0
ASV.1067	0	0	0	0	11	0
ASV.1068	0	0	0	0	11	0
ASV.1069	0	0	0	0	11	0
ASV.1070	0	0	0	0	11	0
ASV.1071	0	0	0	0	11	0
ASV.1072	0	0	0	0	11	0
ASV.1073	0	0	0	0	11	0
ASV.1074	0	0	0	0	11	0
ASV.1075	0	0	0	0	11	0
ASV.1076	0	0	0	0	0	11
ASV.1077	0	0	0	0	0	11
ASV.1078	0	0	0	0	0	11
ASV.1079	0	0	0	0	0	11
ASV.1080	0	0	0	0	0	11
ASV.1081	0	0	0	0	0	11
ASV.1082	0	0	0	0	0	11
ASV.1083	0	0	0	0	0	11
ASV.1084	0	0	0	0	0	11
ASV.1085	0	0	0	0	0	11
ASV.1086	0	0	0	0	0	11
ASV.1087	0	0	0	0	0	11
ASV.1088	0	0	0	0	0	11
ASV.1089	0	0	0	0	0	11
ASV.1090	10	0	0	0	0	0
ASV.1091	10	0	0	0	0	0
ASV.1092	10	0	0	0	0	0
ASV.1093	10	0	0	0	0	0
ASV.1095	6	4	0	0	0	0
ASV.1096	10	0	0	0	0	0
ASV.1097	10	0	0	0	0	0
ASV.1098	10	0	0	0	0	0
ASV.1099	10	0	0	0	0	0
ASV.1102	10	0	0	0	0	0
ASV.1103	10	0	0	0	0	0
ASV.1104	10	0	0	0	0	0
ASV.1105	10	0	0	0	0	0
ASV.1106	0	10	0	0	0	0
ASV.1107	0	10	0	0	0	0
ASV.1108	0	6	4	0	0	0
ASV.1109	0	10	0	0	0	0
ASV.1111	0	10	0	0	0	0
ASV.1112	0	10	0	0	0	0
ASV.1114	0	10	0	0	0	0
ASV.1115	0	10	0	0	0	0
ASV.1116	0	10	0	0	0	0
ASV.1117	0	10	0	0	0	0
ASV.1118	0	10	0	0	0	0
ASV.1120	0	10	0	0	0	0
ASV.1121	0	5	0	5	0	0
ASV.1122	0	10	0	0	0	0
ASV.1123	0	10	0	0	0	0
ASV.1124	0	10	0	0	0	0
ASV.1125	0	10	0	0	0	0
ASV.1129	0	0	10	0	0	0
ASV.1130	0	0	4	0	6	0
ASV.1131	0	0	10	0	0	0
ASV.1132	0	0	6	4	0	0
ASV.1133	0	0	10	0	0	0
ASV.1134	0	0	10	0	0	0
ASV.1135	0	0	5	0	5	0
ASV.1136	0	0	4	0	6	0
ASV.1137	0	0	6	4	0	0
ASV.1138	0	0	6	0	4	0
ASV.1139	0	0	7	0	3	0
ASV.1140	0	0	4	0	6	0
ASV.1141	0	0	7	0	3	0
ASV.1142	0	0	0	10	0	0
ASV.1143	0	0	0	10	0	0
ASV.1144	0	0	0	10	0	0
ASV.1146	0	0	0	10	0	0
ASV.1147	0	0	0	5	0	5
ASV.1148	0	0	0	10	0	0
ASV.1149	0	0	0	3	7	0
ASV.1150	0	0	0	10	0	0
ASV.1151	0	0	0	10	0	0
ASV.1153	0	0	0	0	10	0
ASV.1154	0	0	0	0	10	0
ASV.1156	0	0	0	0	10	0
ASV.1157	0	0	0	0	10	0
ASV.1162	0	0	0	0	10	0
ASV.1163	0	0	0	0	10	0
ASV.1164	0	0	0	0	10	0
ASV.1165	0	0	0	0	10	0
ASV.1166	0	0	0	0	10	0
ASV.1167	0	0	0	0	10	0
ASV.1168	0	0	0	0	10	0
ASV.1169	0	0	0	0	0	10
ASV.1170	0	0	0	0	0	10
ASV.1171	0	0	0	0	0	10
ASV.1172	0	0	0	0	0	10
ASV.1173	0	0	0	0	0	10
ASV.1174	0	0	0	0	0	10
ASV.1175	0	0	0	0	0	10
ASV.1176	0	0	0	0	0	10
ASV.1177	0	0	0	0	0	10
ASV.1178	0	0	0	0	0	10
ASV.1179	0	0	0	0	0	10
ASV.1180	0	0	0	0	0	10
ASV.1181	0	0	0	0	0	10
ASV.1182	0	0	0	0	0	10
ASV.1183	0	0	0	0	0	10
ASV.1184	0	0	0	0	0	10
ASV.1186	9	0	0	0	0	0
ASV.1187	9	0	0	0	0	0
ASV.1188	9	0	0	0	0	0
ASV.1190	3	0	0	6	0	0
ASV.1191	6	0	3	0	0	0
ASV.1192	9	0	0	0	0	0
ASV.1193	9	0	0	0	0	0
ASV.1195	4	0	5	0	0	0
ASV.1196	9	0	0	0	0	0
ASV.1197	9	0	0	0	0	0
ASV.1198	9	0	0	0	0	0
ASV.1199	9	0	0	0	0	0
ASV.1200	9	0	0	0	0	0
ASV.1201	9	0	0	0	0	0
ASV.1203	1	0	2	0	6	0
ASV.1204	0	9	0	0	0	0
ASV.1205	0	5	4	0	0	0
ASV.1206	0	5	4	0	0	0
ASV.1208	0	5	4	0	0	0
ASV.1209	0	9	0	0	0	0
ASV.1210	0	9	0	0	0	0
ASV.1211	0	9	0	0	0	0
ASV.1212	0	9	0	0	0	0
ASV.1213	0	9	0	0	0	0
ASV.1214	0	9	0	0	0	0
ASV.1215	0	9	0	0	0	0
ASV.1216	0	9	0	0	0	0
ASV.1217	0	9	0	0	0	0
ASV.1218	0	9	0	0	0	0
ASV.1219	0	9	0	0	0	0
ASV.1220	0	9	0	0	0	0
ASV.1221	0	9	0	0	0	0
ASV.1222	0	3	3	3	0	0
ASV.1223	0	0	9	0	0	0
ASV.1224	0	0	9	0	0	0
ASV.1225	0	0	9	0	0	0
ASV.1227	0	0	3	0	6	0
ASV.1228	0	0	4	0	5	0
ASV.1229	0	0	9	0	0	0
ASV.1231	0	0	9	0	0	0
ASV.1232	0	0	9	0	0	0
ASV.1233	0	0	9	0	0	0
ASV.1234	0	0	6	3	0	0
ASV.1235	0	0	4	0	5	0
ASV.1236	0	0	6	0	3	0
ASV.1237	0	0	3	4	2	0
ASV.1238	0	0	7	0	2	0
ASV.1239	0	0	2	0	7	0
ASV.1240	0	0	5	0	4	0
ASV.1241	0	0	4	0	5	0
ASV.1242	0	0	3	6	0	0
ASV.1243	0	0	4	0	5	0
ASV.1244	0	0	5	4	0	0
ASV.1245	0	0	9	0	0	0
ASV.1246	0	0	0	9	0	0
ASV.1247	0	0	0	9	0	0
ASV.1248	0	0	0	9	0	0
ASV.1249	0	0	0	9	0	0
ASV.1250	0	0	0	9	0	0
ASV.1251	0	0	0	9	0	0
ASV.1252	0	0	0	9	0	0
ASV.1253	0	0	0	6	3	0
ASV.1254	0	0	0	5	4	0
ASV.1255	0	0	0	4	5	0
ASV.1256	0	0	0	0	9	0
ASV.1257	0	0	0	0	9	0
ASV.1260	0	0	0	0	9	0
ASV.1262	0	0	0	0	9	0
ASV.1263	0	0	0	0	9	0
ASV.1264	0	0	0	0	9	0
ASV.1265	0	0	0	0	9	0
ASV.1267	0	0	0	0	9	0
ASV.1268	0	0	0	0	9	0
ASV.1269	0	0	0	0	9	0
ASV.1270	0	0	0	0	9	0
ASV.1271	0	0	0	0	9	0
ASV.1272	0	0	0	0	9	0
ASV.1273	0	0	0	0	9	0
ASV.1274	0	0	0	0	9	0
ASV.1275	0	0	0	0	9	0
ASV.1276	0	0	0	0	0	9
ASV.1277	0	0	0	0	0	9
ASV.1278	0	0	0	0	0	9
ASV.1279	0	0	0	0	0	9
ASV.1280	0	0	0	0	0	9
ASV.1281	0	0	0	0	0	9
ASV.1282	0	0	0	0	0	9
ASV.1283	0	0	0	0	0	9
ASV.1284	0	0	0	0	0	9
ASV.1285	0	0	0	0	0	9
ASV.1287	0	0	0	0	0	9
ASV.1288	0	0	0	0	0	9
ASV.1289	0	0	0	0	0	9
ASV.1290	0	0	0	0	0	9
ASV.1291	0	0	0	0	0	9
ASV.1292	0	0	0	0	0	9
ASV.1294	0	0	0	0	0	9
ASV.1295	0	0	0	0	0	9
ASV.1297	8	0	0	0	0	0
ASV.1298	4	0	0	4	0	0
ASV.1299	8	0	0	0	0	0
ASV.1300	4	0	4	0	0	0
ASV.1301	3	0	0	0	5	0
ASV.1302	8	0	0	0	0	0
ASV.1305	8	0	0	0	0	0
ASV.1306	8	0	0	0	0	0
ASV.1307	4	0	4	0	0	0
ASV.1308	4	0	0	4	0	0
ASV.1310	8	0	0	0	0	0
ASV.1311	8	0	0	0	0	0
ASV.1312	8	0	0	0	0	0
ASV.1313	8	0	0	0	0	0
ASV.1314	5	0	0	3	0	0
ASV.1315	0	8	0	0	0	0
ASV.1316	0	8	0	0	0	0
ASV.1317	0	8	0	0	0	0
ASV.1318	0	8	0	0	0	0
ASV.1319	0	8	0	0	0	0
ASV.1320	0	8	0	0	0	0
ASV.1321	0	8	0	0	0	0
ASV.1322	0	8	0	0	0	0
ASV.1323	0	8	0	0	0	0
ASV.1324	0	8	0	0	0	0
ASV.1325	0	8	0	0	0	0
ASV.1326	0	8	0	0	0	0
ASV.1329	0	8	0	0	0	0
ASV.1330	0	8	0	0	0	0
ASV.1331	0	8	0	0	0	0
ASV.1332	0	8	0	0	0	0
ASV.1333	0	8	0	0	0	0
ASV.1335	0	0	8	0	0	0
ASV.1336	0	0	8	0	0	0
ASV.1337	0	0	8	0	0	0
ASV.1339	0	0	8	0	0	0
ASV.1340	0	0	8	0	0	0
ASV.1341	0	0	8	0	0	0
ASV.1345	0	0	4	4	0	0
ASV.1346	0	0	8	0	0	0
ASV.1349	0	0	5	3	0	0
ASV.1350	0	0	8	0	0	0
ASV.1353	0	0	4	0	4	0
ASV.1356	0	0	8	0	0	0
ASV.1358	0	0	8	0	0	0
ASV.1359	0	0	8	0	0	0
ASV.1361	0	0	8	0	0	0
ASV.1362	0	0	8	0	0	0
ASV.1364	0	0	8	0	0	0
ASV.1365	0	0	4	0	4	0
ASV.1366	0	0	4	0	4	0
ASV.1367	0	0	3	5	0	0
ASV.1368	0	0	4	0	4	0
ASV.1373	0	0	4	0	4	0
ASV.1374	0	0	8	0	0	0
ASV.1375	0	0	4	0	4	0
ASV.1376	0	0	8	0	0	0
ASV.1377	0	0	0	8	0	0
ASV.1378	0	0	0	8	0	0
ASV.1380	0	0	0	8	0	0
ASV.1381	0	0	0	5	3	0
ASV.1382	0	0	0	8	0	0
ASV.1383	0	0	0	8	0	0
ASV.1384	0	0	0	8	0	0
ASV.1385	0	0	0	8	0	0
ASV.1386	0	0	0	8	0	0
ASV.1387	0	0	0	8	0	0
ASV.1388	0	0	0	8	0	0
ASV.1389	0	0	0	6	2	0
ASV.1390	0	0	0	5	3	0
ASV.1391	0	0	0	8	0	0
ASV.1392	0	0	0	0	8	0
ASV.1394	0	0	0	0	8	0
ASV.1395	0	0	0	0	8	0
ASV.1397	0	0	0	0	8	0
ASV.1398	0	0	0	0	0	8
ASV.1399	0	0	0	0	0	8
ASV.1400	0	0	0	0	0	8
ASV.1401	0	0	0	0	0	8
ASV.1402	0	0	0	0	0	8
ASV.1403	0	0	0	0	0	8
ASV.1404	0	0	0	0	0	8
ASV.1405	0	0	0	0	0	8
ASV.1406	0	0	0	0	0	8
ASV.1407	0	0	0	0	0	8
ASV.1408	0	0	0	0	0	8
ASV.1409	0	0	0	0	0	8
ASV.1410	0	0	0	0	0	8
ASV.1411	0	0	0	0	0	8
ASV.1412	0	0	0	0	0	8
ASV.1413	0	0	0	0	0	8
ASV.1414	0	0	0	0	0	8
ASV.1415	0	0	0	0	0	8
ASV.1416	0	0	0	0	0	8
ASV.1417	0	0	0	0	0	8
ASV.1418	0	0	0	0	0	8
ASV.1419	0	0	0	0	0	8
ASV.1420	0	0	0	0	0	8
ASV.1421	0	0	0	0	0	8
ASV.1423	0	0	0	0	0	8
ASV.1424	0	0	0	0	0	8
ASV.1425	0	0	0	0	0	8
ASV.1426	0	0	0	0	0	8
ASV.1427	0	0	0	0	0	8
ASV.1428	0	0	0	0	0	8
ASV.1429	0	0	0	0	0	8
ASV.1430	0	0	0	0	0	8
ASV.1431	0	0	0	0	0	8
ASV.1432	0	0	0	0	0	8
ASV.1434	7	0	0	0	0	0
ASV.1435	7	0	0	0	0	0
ASV.1436	7	0	0	0	0	0
ASV.1437	7	0	0	0	0	0
ASV.1438	3	0	0	0	4	0
ASV.1439	7	0	0	0	0	0
ASV.1440	7	0	0	0	0	0
ASV.1441	5	0	0	2	0	0
ASV.1442	7	0	0	0	0	0
ASV.1443	7	0	0	0	0	0
ASV.1444	7	0	0	0	0	0
ASV.1445	7	0	0	0	0	0
ASV.1446	7	0	0	0	0	0
ASV.1447	7	0	0	0	0	0
ASV.1448	7	0	0	0	0	0
ASV.1449	7	0	0	0	0	0
ASV.1450	7	0	0	0	0	0
ASV.1451	7	0	0	0	0	0
ASV.1452	7	0	0	0	0	0
ASV.1453	7	0	0	0	0	0
ASV.1454	7	0	0	0	0	0
ASV.1455	7	0	0	0	0	0
ASV.1458	2	1	0	4	0	0
ASV.1459	7	0	0	0	0	0
ASV.1460	7	0	0	0	0	0
ASV.1461	4	0	0	0	3	0
ASV.1462	0	7	0	0	0	0
ASV.1463	0	7	0	0	0	0
ASV.1465	0	7	0	0	0	0
ASV.1466	0	7	0	0	0	0
ASV.1468	0	7	0	0	0	0
ASV.1469	0	7	0	0	0	0
ASV.1471	0	3	4	0	0	0
ASV.1472	0	3	4	0	0	0
ASV.1473	0	3	0	0	4	0
ASV.1474	0	3	4	0	0	0
ASV.1475	0	7	0	0	0	0
ASV.1476	0	7	0	0	0	0
ASV.1477	0	7	0	0	0	0
ASV.1478	0	7	0	0	0	0
ASV.1479	0	7	0	0	0	0
ASV.1480	0	7	0	0	0	0
ASV.1481	0	7	0	0	0	0
ASV.1483	0	7	0	0	0	0
ASV.1485	0	7	0	0	0	0
ASV.1486	0	7	0	0	0	0
ASV.1487	0	7	0	0	0	0
ASV.1489	0	7	0	0	0	0
ASV.1490	0	0	7	0	0	0
ASV.1491	0	0	7	0	0	0
ASV.1492	0	0	7	0	0	0
ASV.1493	0	0	7	0	0	0
ASV.1499	0	0	7	0	0	0
ASV.1500	0	0	7	0	0	0
ASV.1502	0	0	7	0	0	0
ASV.1503	0	0	2	5	0	0
ASV.1505	0	0	4	3	0	0
ASV.1506	0	0	7	0	0	0
ASV.1507	0	0	7	0	0	0
ASV.1509	0	0	7	0	0	0
ASV.1510	0	0	7	0	0	0
ASV.1511	0	0	7	0	0	0
ASV.1512	0	0	7	0	0	0
ASV.1514	0	0	7	0	0	0
ASV.1515	0	0	3	0	4	0
ASV.1516	0	0	5	2	0	0
ASV.1517	0	0	2	0	5	0
ASV.1518	0	0	3	0	4	0
ASV.1519	0	0	4	3	0	0
ASV.1520	0	0	0	7	0	0
ASV.1521	0	0	0	7	0	0
ASV.1522	0	0	0	7	0	0
ASV.1524	0	0	0	7	0	0
ASV.1525	0	0	0	7	0	0
ASV.1526	0	0	0	7	0	0
ASV.1527	0	0	0	7	0	0
ASV.1529	0	0	0	7	0	0
ASV.1530	0	0	0	7	0	0
ASV.1531	0	0	0	7	0	0
ASV.1533	0	0	0	7	0	0
ASV.1534	0	0	0	7	0	0
ASV.1535	0	0	0	7	0	0
ASV.1536	0	0	0	7	0	0
ASV.1537	0	0	0	7	0	0
ASV.1538	0	0	0	7	0	0
ASV.1540	0	0	0	7	0	0
ASV.1541	0	0	0	7	0	0
ASV.1542	0	0	0	0	7	0
ASV.1543	0	0	0	0	7	0
ASV.1546	0	0	0	0	7	0
ASV.1548	0	0	0	0	7	0
ASV.1549	0	0	0	0	7	0
ASV.1550	0	0	0	0	7	0
ASV.1552	0	0	0	0	7	0
ASV.1554	0	0	0	0	7	0
ASV.1555	0	0	0	0	7	0
ASV.1556	0	0	0	0	7	0
ASV.1557	0	0	0	0	7	0
ASV.1558	0	0	0	0	7	0
ASV.1559	0	0	0	0	7	0
ASV.1560	0	0	0	0	7	0
ASV.1561	0	0	0	0	0	7
ASV.1562	0	0	0	0	0	7
ASV.1563	0	0	0	0	0	7
ASV.1564	0	0	0	0	0	7
ASV.1565	0	0	0	0	0	7
ASV.1566	0	0	0	0	0	7
ASV.1567	0	0	0	0	0	7
ASV.1568	0	0	0	0	0	7
ASV.1569	0	0	0	0	0	7
ASV.1570	0	0	0	0	0	7
ASV.1571	0	0	0	0	0	7
ASV.1572	0	0	0	0	0	7
ASV.1573	0	0	0	0	0	7
ASV.1574	0	0	0	0	0	7
ASV.1575	0	0	0	0	0	7
ASV.1577	0	0	0	0	0	7
ASV.1578	0	0	0	0	0	7
ASV.1579	0	0	0	0	0	7
ASV.1580	0	0	0	0	0	7
ASV.1581	0	0	0	0	0	7
ASV.1582	0	0	0	0	0	7
ASV.1583	0	0	0	0	0	7
ASV.1584	0	0	0	0	0	7
ASV.1585	0	0	0	0	0	7
ASV.1586	0	0	0	0	0	7
ASV.1587	0	0	0	0	0	7
ASV.1588	0	0	0	0	0	7
ASV.1589	0	0	0	0	0	7
ASV.1590	0	0	0	0	0	7
ASV.1591	0	0	0	0	0	7
ASV.1592	0	0	0	0	0	7
ASV.1593	0	0	0	0	0	7
ASV.1597	0	0	0	0	0	7
ASV.1598	0	0	0	0	0	7
ASV.1599	0	0	0	0	0	7
ASV.1600	0	0	0	0	0	7
ASV.1601	0	0	0	0	0	7
ASV.1602	0	0	0	0	0	7
ASV.1604	0	0	0	0	0	7
ASV.1605	6	0	0	0	0	0
ASV.1606	6	0	0	0	0	0
ASV.1608	6	0	0	0	0	0
ASV.1609	6	0	0	0	0	0
ASV.1610	6	0	0	0	0	0
ASV.1611	6	0	0	0	0	0
ASV.1612	6	0	0	0	0	0
ASV.1613	6	0	0	0	0	0
ASV.1614	6	0	0	0	0	0
ASV.1615	6	0	0	0	0	0
ASV.1616	6	0	0	0	0	0
ASV.1617	6	0	0	0	0	0
ASV.1618	6	0	0	0	0	0
ASV.1621	6	0	0	0	0	0
ASV.1622	6	0	0	0	0	0
ASV.1623	6	0	0	0	0	0
ASV.1624	6	0	0	0	0	0
ASV.1625	3	0	3	0	0	0
ASV.1626	6	0	0	0	0	0
ASV.1630	6	0	0	0	0	0
ASV.1631	6	0	0	0	0	0
ASV.1632	6	0	0	0	0	0
ASV.1633	6	0	0	0	0	0
ASV.1634	6	0	0	0	0	0
ASV.1635	6	0	0	0	0	0
ASV.1636	6	0	0	0	0	0
ASV.1637	6	0	0	0	0	0
ASV.1638	6	0	0	0	0	0
ASV.1639	0	6	0	0	0	0
ASV.1640	0	6	0	0	0	0
ASV.1641	0	6	0	0	0	0
ASV.1642	0	6	0	0	0	0
ASV.1643	0	6	0	0	0	0
ASV.1644	0	6	0	0	0	0
ASV.1645	0	6	0	0	0	0
ASV.1646	0	6	0	0	0	0
ASV.1647	0	6	0	0	0	0
ASV.1649	0	6	0	0	0	0
ASV.1650	0	2	0	0	4	0
ASV.1651	0	6	0	0	0	0
ASV.1653	0	5	1	0	0	0
ASV.1654	0	6	0	0	0	0
ASV.1655	0	6	0	0	0	0
ASV.1656	0	6	0	0	0	0
ASV.1657	0	6	0	0	0	0
ASV.1659	0	6	0	0	0	0
ASV.1660	0	6	0	0	0	0
ASV.1663	0	6	0	0	0	0
ASV.1665	0	6	0	0	0	0
ASV.1666	0	6	0	0	0	0
ASV.1667	0	6	0	0	0	0
ASV.1669	0	6	0	0	0	0
ASV.1670	0	6	0	0	0	0
ASV.1672	0	3	3	0	0	0
ASV.1673	0	6	0	0	0	0
ASV.1674	0	6	0	0	0	0
ASV.1677	0	3	3	0	0	0
ASV.1678	0	6	0	0	0	0
ASV.1679	0	6	0	0	0	0
ASV.1680	0	6	0	0	0	0
ASV.1681	0	6	0	0	0	0
ASV.1682	0	6	0	0	0	0
ASV.1683	0	6	0	0	0	0
ASV.1684	0	6	0	0	0	0
ASV.1685	0	6	0	0	0	0
ASV.1686	0	6	0	0	0	0
ASV.1687	0	6	0	0	0	0
ASV.1688	0	6	0	0	0	0
ASV.1689	0	6	0	0	0	0
ASV.1690	0	6	0	0	0	0
ASV.1691	0	6	0	0	0	0
ASV.1693	0	6	0	0	0	0
ASV.1701	0	0	6	0	0	0
ASV.1702	0	0	6	0	0	0
ASV.1703	0	0	6	0	0	0
ASV.1704	0	0	6	0	0	0
ASV.1705	0	0	6	0	0	0
ASV.1706	0	0	6	0	0	0
ASV.1707	0	0	6	0	0	0
ASV.1708	0	0	6	0	0	0
ASV.1709	0	0	3	0	3	0
ASV.1710	0	0	6	0	0	0
ASV.1711	0	0	6	0	0	0
ASV.1712	0	0	6	0	0	0
ASV.1713	0	0	6	0	0	0
ASV.1714	0	0	6	0	0	0
ASV.1715	0	0	6	0	0	0
ASV.1716	0	0	6	0	0	0
ASV.1717	0	0	6	0	0	0
ASV.1720	0	0	6	0	0	0
ASV.1722	0	0	6	0	0	0
ASV.1723	0	0	2	4	0	0
ASV.1724	0	0	3	0	3	0
ASV.1725	0	0	6	0	0	0
ASV.1726	0	0	0	6	0	0
ASV.1727	0	0	0	6	0	0
ASV.1729	0	0	0	6	0	0
ASV.1730	0	0	0	6	0	0
ASV.1731	0	0	0	6	0	0
ASV.1733	0	0	0	6	0	0
ASV.1735	0	0	0	6	0	0
ASV.1736	0	0	0	6	0	0
ASV.1738	0	0	0	6	0	0
ASV.1740	0	0	0	6	0	0
ASV.1741	0	0	0	4	2	0
ASV.1742	0	0	0	2	4	0
ASV.1743	0	0	0	0	6	0
ASV.1745	0	0	0	0	6	0
ASV.1746	0	0	0	0	6	0
ASV.1747	0	0	0	0	6	0
ASV.1748	0	0	0	0	6	0
ASV.1749	0	0	0	0	6	0
ASV.1750	0	0	0	0	6	0
ASV.1751	0	0	0	0	6	0
ASV.1752	0	0	0	0	6	0
ASV.1753	0	0	0	0	6	0
ASV.1755	0	0	0	0	6	0
ASV.1756	0	0	0	0	6	0
ASV.1757	0	0	0	0	6	0
ASV.1758	0	0	0	0	6	0
ASV.1759	0	0	0	0	6	0
ASV.1761	0	0	0	0	6	0
ASV.1762	0	0	0	0	6	0
ASV.1763	0	0	0	0	6	0
ASV.1764	0	0	0	0	6	0
ASV.1765	0	0	0	0	0	6
ASV.1766	0	0	0	0	0	6
ASV.1767	0	0	0	0	0	6
ASV.1768	0	0	0	0	0	6
ASV.1769	0	0	0	0	0	6
ASV.1770	0	0	0	0	0	6
ASV.1771	0	0	0	0	0	6
ASV.1772	0	0	0	0	0	6
ASV.1773	0	0	0	0	0	6
ASV.1774	0	0	0	0	0	6
ASV.1775	0	0	0	0	0	6
ASV.1776	0	0	0	0	0	6
ASV.1777	0	0	0	0	0	6
ASV.1779	0	0	0	0	0	6
ASV.1780	0	0	0	0	0	6
ASV.1782	0	0	0	0	0	6
ASV.1783	0	0	0	0	0	6
ASV.1784	0	0	0	0	0	6
ASV.1785	0	0	0	0	0	6
ASV.1786	0	0	0	0	0	6
ASV.1787	0	0	0	0	0	6
ASV.1788	0	0	0	0	0	6
ASV.1789	0	0	0	0	0	6
ASV.1791	0	0	0	0	0	6
ASV.1792	0	0	0	0	0	6
ASV.1793	0	0	0	0	0	6
ASV.1794	0	0	0	0	0	6
ASV.1796	0	0	0	0	0	6
ASV.1797	0	0	0	0	0	6
ASV.1798	0	0	0	0	0	6
ASV.1801	0	0	0	0	0	6
ASV.1802	0	0	0	0	0	6
ASV.1803	0	0	0	0	0	6
ASV.1804	0	0	0	0	0	6
ASV.1805	0	0	0	0	0	6
ASV.1806	0	0	0	0	0	6
ASV.1807	0	0	0	0	0	6
ASV.1808	0	0	0	0	0	6
ASV.1809	0	0	0	0	0	6
ASV.1810	0	0	0	0	0	6
ASV.1811	0	0	0	0	0	6
ASV.1814	0	0	0	0	0	6
ASV.1815	0	0	0	0	0	6
ASV.1816	0	0	0	0	0	6
ASV.1817	0	0	0	0	0	6
ASV.1818	0	0	0	0	0	6
ASV.1819	0	0	0	0	0	6
ASV.1820	0	0	0	0	0	6
ASV.1821	0	0	0	0	0	6
ASV.1823	0	0	0	0	0	6
ASV.1824	5	0	0	0	0	0
ASV.1825	5	0	0	0	0	0
ASV.1826	5	0	0	0	0	0
ASV.1828	5	0	0	0	0	0
ASV.1829	5	0	0	0	0	0
ASV.1830	5	0	0	0	0	0
ASV.1831	5	0	0	0	0	0
ASV.1832	5	0	0	0	0	0
ASV.1834	5	0	0	0	0	0
ASV.1835	5	0	0	0	0	0
ASV.1836	5	0	0	0	0	0
ASV.1837	5	0	0	0	0	0
ASV.1838	5	0	0	0	0	0
ASV.1839	5	0	0	0	0	0
ASV.1840	5	0	0	0	0	0
ASV.1841	5	0	0	0	0	0
ASV.1842	5	0	0	0	0	0
ASV.1843	5	0	0	0	0	0
ASV.1844	5	0	0	0	0	0
ASV.1845	5	0	0	0	0	0
ASV.1846	5	0	0	0	0	0
ASV.1847	5	0	0	0	0	0
ASV.1848	5	0	0	0	0	0
ASV.1849	5	0	0	0	0	0
ASV.1850	5	0	0	0	0	0
ASV.1853	5	0	0	0	0	0
ASV.1854	5	0	0	0	0	0
ASV.1855	5	0	0	0	0	0
ASV.1856	5	0	0	0	0	0
ASV.1857	5	0	0	0	0	0
ASV.1858	5	0	0	0	0	0
ASV.1859	5	0	0	0	0	0
ASV.1860	5	0	0	0	0	0
ASV.1861	5	0	0	0	0	0
ASV.1862	5	0	0	0	0	0
ASV.1863	5	0	0	0	0	0
ASV.1864	5	0	0	0	0	0
ASV.1865	5	0	0	0	0	0
ASV.1866	5	0	0	0	0	0
ASV.1867	5	0	0	0	0	0
ASV.1868	5	0	0	0	0	0
ASV.1869	5	0	0	0	0	0
ASV.1870	5	0	0	0	0	0
ASV.1872	5	0	0	0	0	0
ASV.1873	5	0	0	0	0	0
ASV.1874	5	0	0	0	0	0
ASV.1875	5	0	0	0	0	0
ASV.1876	5	0	0	0	0	0
ASV.1877	5	0	0	0	0	0
ASV.1878	5	0	0	0	0	0
ASV.1879	5	0	0	0	0	0
ASV.1880	0	5	0	0	0	0
ASV.1881	0	5	0	0	0	0
ASV.1882	0	5	0	0	0	0
ASV.1883	0	5	0	0	0	0
ASV.1884	0	5	0	0	0	0
ASV.1885	0	5	0	0	0	0
ASV.1886	0	5	0	0	0	0
ASV.1887	0	5	0	0	0	0
ASV.1889	0	5	0	0	0	0
ASV.1890	0	5	0	0	0	0
ASV.1891	0	5	0	0	0	0
ASV.1892	0	5	0	0	0	0
ASV.1895	0	5	0	0	0	0
ASV.1896	0	5	0	0	0	0
ASV.1897	0	5	0	0	0	0
ASV.1898	0	5	0	0	0	0
ASV.1899	0	5	0	0	0	0
ASV.1900	0	5	0	0	0	0
ASV.1901	0	5	0	0	0	0
ASV.1905	0	5	0	0	0	0
ASV.1906	0	5	0	0	0	0
ASV.1907	0	5	0	0	0	0
ASV.1909	0	5	0	0	0	0
ASV.1910	0	5	0	0	0	0
ASV.1911	0	5	0	0	0	0
ASV.1912	0	5	0	0	0	0
ASV.1913	0	5	0	0	0	0
ASV.1914	0	5	0	0	0	0
ASV.1915	0	5	0	0	0	0
ASV.1916	0	5	0	0	0	0
ASV.1917	0	5	0	0	0	0
ASV.1918	0	5	0	0	0	0
ASV.1919	0	5	0	0	0	0
ASV.1920	0	5	0	0	0	0
ASV.1921	0	5	0	0	0	0
ASV.1922	0	5	0	0	0	0
ASV.1923	0	5	0	0	0	0
ASV.1924	0	5	0	0	0	0
ASV.1925	0	5	0	0	0	0
ASV.1926	0	5	0	0	0	0
ASV.1927	0	5	0	0	0	0
ASV.1928	0	5	0	0	0	0
ASV.1929	0	5	0	0	0	0
ASV.1931	0	5	0	0	0	0
ASV.1932	0	5	0	0	0	0
ASV.1933	0	5	0	0	0	0
ASV.1934	0	5	0	0	0	0
ASV.1935	0	5	0	0	0	0
ASV.1936	0	5	0	0	0	0
ASV.1937	0	5	0	0	0	0
ASV.1939	0	5	0	0	0	0
ASV.1940	0	5	0	0	0	0
ASV.1941	0	5	0	0	0	0
ASV.1942	0	0	5	0	0	0
ASV.1943	0	0	5	0	0	0
ASV.1946	0	0	5	0	0	0
ASV.1947	0	0	5	0	0	0
ASV.1952	0	0	5	0	0	0
ASV.1953	0	0	5	0	0	0
ASV.1954	0	0	5	0	0	0
ASV.1956	0	0	5	0	0	0
ASV.1957	0	0	5	0	0	0
ASV.1959	0	0	2	0	3	0
ASV.1960	0	0	5	0	0	0
ASV.1963	0	0	5	0	0	0
ASV.1964	0	0	5	0	0	0
ASV.1966	0	0	5	0	0	0
ASV.1968	0	0	5	0	0	0
ASV.1969	0	0	5	0	0	0
ASV.1970	0	0	5	0	0	0
ASV.1975	0	0	5	0	0	0
ASV.1977	0	0	5	0	0	0
ASV.1978	0	0	3	2	0	0
ASV.1979	0	0	5	0	0	0
ASV.1980	0	0	1	0	4	0
ASV.1981	0	0	5	0	0	0
ASV.1982	0	0	5	0	0	0
ASV.1983	0	0	5	0	0	0
ASV.1985	0	0	5	0	0	0
ASV.1986	0	0	5	0	0	0
ASV.1987	0	0	2	0	3	0
ASV.1990	0	0	0	5	0	0
ASV.1991	0	0	0	5	0	0
ASV.1992	0	0	0	5	0	0
ASV.1993	0	0	0	5	0	0
ASV.1994	0	0	0	5	0	0
ASV.1995	0	0	0	5	0	0
ASV.1996	0	0	0	5	0	0
ASV.1998	0	0	0	5	0	0
ASV.1999	0	0	0	5	0	0
ASV.2000	0	0	0	5	0	0
ASV.2001	0	0	0	5	0	0
ASV.2003	0	0	0	5	0	0
ASV.2005	0	0	0	5	0	0
ASV.2006	0	0	0	5	0	0
ASV.2007	0	0	0	5	0	0
ASV.2008	0	0	0	5	0	0
ASV.2009	0	0	0	5	0	0
ASV.2010	0	0	0	5	0	0
ASV.2011	0	0	0	5	0	0
ASV.2012	0	0	0	5	0	0
ASV.2013	0	0	0	5	0	0
ASV.2014	0	0	0	5	0	0
ASV.2015	0	0	0	5	0	0
ASV.2016	0	0	0	5	0	0
ASV.2018	0	0	0	5	0	0
ASV.2019	0	0	0	5	0	0
ASV.2020	0	0	0	5	0	0
ASV.2021	0	0	0	5	0	0
ASV.2023	0	0	0	0	5	0
ASV.2024	0	0	0	0	5	0
ASV.2025	0	0	0	0	5	0
ASV.2026	0	0	0	0	5	0
ASV.2028	0	0	0	0	5	0
ASV.2029	0	0	0	0	5	0
ASV.2030	0	0	0	0	5	0
ASV.2031	0	0	0	0	5	0
ASV.2032	0	0	0	0	5	0
ASV.2034	0	0	0	0	5	0
ASV.2036	0	0	0	0	5	0
ASV.2038	0	0	0	0	5	0
ASV.2041	0	0	0	0	5	0
ASV.2042	0	0	0	0	5	0
ASV.2044	0	0	0	0	5	0
ASV.2045	0	0	0	0	5	0
ASV.2046	0	0	0	0	5	0
ASV.2047	0	0	0	0	5	0
ASV.2049	0	0	0	0	5	0
ASV.2051	0	0	0	0	5	0
ASV.2052	0	0	0	0	5	0
ASV.2053	0	0	0	0	5	0
ASV.2054	0	0	0	0	5	0
ASV.2055	0	0	0	0	5	0
ASV.2057	0	0	0	0	5	0
ASV.2058	0	0	0	0	5	0
ASV.2059	0	0	0	0	0	5
ASV.2060	0	0	0	0	0	5
ASV.2061	0	0	0	0	0	5
ASV.2062	0	0	0	0	0	5
ASV.2063	0	0	0	0	0	5
ASV.2064	0	0	0	0	0	5
ASV.2065	0	0	0	0	0	5
ASV.2067	0	0	0	0	0	5
ASV.2068	0	0	0	0	0	5
ASV.2069	0	0	0	0	0	5
ASV.2070	0	0	0	0	0	5
ASV.2071	0	0	0	0	0	5
ASV.2072	0	0	0	0	0	5
ASV.2073	0	0	0	0	0	5
ASV.2074	0	0	0	0	0	5
ASV.2076	0	0	0	0	0	5
ASV.2077	0	0	0	0	0	5
ASV.2078	0	0	0	0	0	5
ASV.2079	0	0	0	0	0	5
ASV.2080	0	0	0	0	0	5
ASV.2081	0	0	0	0	0	5
ASV.2082	0	0	0	0	0	5
ASV.2083	0	0	0	0	0	5
ASV.2084	0	0	0	0	0	5
ASV.2085	0	0	0	0	0	5
ASV.2086	0	0	0	0	0	5
ASV.2087	0	0	0	0	0	5
ASV.2088	0	0	0	0	0	5
ASV.2089	0	0	0	0	0	5
ASV.2090	0	0	0	0	0	5
ASV.2091	0	0	0	0	0	5
ASV.2092	0	0	0	0	0	5
ASV.2093	0	0	0	0	0	5
ASV.2094	0	0	0	0	0	5
ASV.2099	0	0	0	0	0	5
ASV.2100	0	0	0	0	0	5
ASV.2101	0	0	0	0	0	5
ASV.2102	0	0	0	0	0	5
ASV.2103	0	0	0	0	0	5
ASV.2104	0	0	0	0	0	5
ASV.2105	0	0	0	0	0	5
ASV.2106	0	0	0	0	0	5
ASV.2107	0	0	0	0	0	5
ASV.2108	0	0	0	0	0	5
ASV.2109	0	0	0	0	0	5
ASV.2110	0	0	0	0	0	5
ASV.2111	0	0	0	0	0	5
ASV.2113	0	0	0	0	0	5
ASV.2114	4	0	0	0	0	0
ASV.2115	4	0	0	0	0	0
ASV.2116	4	0	0	0	0	0
ASV.2117	4	0	0	0	0	0
ASV.2118	4	0	0	0	0	0
ASV.2119	4	0	0	0	0	0
ASV.2120	4	0	0	0	0	0
ASV.2121	4	0	0	0	0	0
ASV.2122	4	0	0	0	0	0
ASV.2124	4	0	0	0	0	0
ASV.2127	4	0	0	0	0	0
ASV.2128	4	0	0	0	0	0
ASV.2129	4	0	0	0	0	0
ASV.2130	4	0	0	0	0	0
ASV.2131	4	0	0	0	0	0
ASV.2132	4	0	0	0	0	0
ASV.2133	4	0	0	0	0	0
ASV.2134	4	0	0	0	0	0
ASV.2135	4	0	0	0	0	0
ASV.2136	4	0	0	0	0	0
ASV.2137	4	0	0	0	0	0
ASV.2138	4	0	0	0	0	0
ASV.2139	4	0	0	0	0	0
ASV.2140	4	0	0	0	0	0
ASV.2141	4	0	0	0	0	0
ASV.2142	4	0	0	0	0	0
ASV.2143	4	0	0	0	0	0
ASV.2144	4	0	0	0	0	0
ASV.2145	4	0	0	0	0	0
ASV.2146	4	0	0	0	0	0
ASV.2147	4	0	0	0	0	0
ASV.2150	4	0	0	0	0	0
ASV.2151	4	0	0	0	0	0
ASV.2152	4	0	0	0	0	0
ASV.2153	4	0	0	0	0	0
ASV.2154	4	0	0	0	0	0
ASV.2155	4	0	0	0	0	0
ASV.2156	4	0	0	0	0	0
ASV.2158	4	0	0	0	0	0
ASV.2159	2	0	0	2	0	0
ASV.2160	2	0	0	2	0	0
ASV.2161	4	0	0	0	0	0
ASV.2162	4	0	0	0	0	0
ASV.2163	4	0	0	0	0	0
ASV.2166	4	0	0	0	0	0
ASV.2167	4	0	0	0	0	0
ASV.2168	4	0	0	0	0	0
ASV.2169	4	0	0	0	0	0
ASV.2170	4	0	0	0	0	0
ASV.2171	4	0	0	0	0	0
ASV.2172	4	0	0	0	0	0
ASV.2174	4	0	0	0	0	0
ASV.2175	4	0	0	0	0	0
ASV.2176	4	0	0	0	0	0
ASV.2177	4	0	0	0	0	0
ASV.2178	4	0	0	0	0	0
ASV.2179	4	0	0	0	0	0
ASV.2180	4	0	0	0	0	0
ASV.2181	4	0	0	0	0	0
ASV.2182	4	0	0	0	0	0
ASV.2183	4	0	0	0	0	0
ASV.2184	4	0	0	0	0	0
ASV.2185	4	0	0	0	0	0
ASV.2187	4	0	0	0	0	0
ASV.2188	4	0	0	0	0	0
ASV.2189	4	0	0	0	0	0
ASV.2190	4	0	0	0	0	0
ASV.2192	0	4	0	0	0	0
ASV.2193	0	4	0	0	0	0
ASV.2194	0	4	0	0	0	0
ASV.2195	0	4	0	0	0	0
ASV.2196	0	4	0	0	0	0
ASV.2197	0	4	0	0	0	0
ASV.2198	0	4	0	0	0	0
ASV.2200	0	4	0	0	0	0
ASV.2204	0	4	0	0	0	0
ASV.2205	0	4	0	0	0	0
ASV.2207	0	4	0	0	0	0
ASV.2208	0	4	0	0	0	0
ASV.2209	0	4	0	0	0	0
ASV.2210	0	4	0	0	0	0
ASV.2211	0	4	0	0	0	0
ASV.2212	0	4	0	0	0	0
ASV.2214	0	4	0	0	0	0
ASV.2215	0	4	0	0	0	0
ASV.2216	0	4	0	0	0	0
ASV.2217	0	4	0	0	0	0
ASV.2219	0	4	0	0	0	0
ASV.2220	0	4	0	0	0	0
ASV.2221	0	4	0	0	0	0
ASV.2222	0	4	0	0	0	0
ASV.2223	0	4	0	0	0	0
ASV.2224	0	4	0	0	0	0
ASV.2227	0	4	0	0	0	0
ASV.2228	0	4	0	0	0	0
ASV.2229	0	4	0	0	0	0
ASV.2230	0	4	0	0	0	0
ASV.2231	0	4	0	0	0	0
ASV.2232	0	4	0	0	0	0
ASV.2233	0	4	0	0	0	0
ASV.2234	0	4	0	0	0	0
ASV.2235	0	4	0	0	0	0
ASV.2236	0	4	0	0	0	0
ASV.2237	0	4	0	0	0	0
ASV.2238	0	4	0	0	0	0
ASV.2239	0	4	0	0	0	0
ASV.2240	0	4	0	0	0	0
ASV.2241	0	4	0	0	0	0
ASV.2242	0	4	0	0	0	0
ASV.2244	0	4	0	0	0	0
ASV.2245	0	4	0	0	0	0
ASV.2246	0	4	0	0	0	0
ASV.2247	0	4	0	0	0	0
ASV.2249	0	4	0	0	0	0
ASV.2250	0	4	0	0	0	0
ASV.2251	0	4	0	0	0	0
ASV.2252	0	4	0	0	0	0
ASV.2253	0	4	0	0	0	0
ASV.2254	0	4	0	0	0	0
ASV.2256	0	4	0	0	0	0
ASV.2257	0	4	0	0	0	0
ASV.2258	0	4	0	0	0	0
ASV.2259	0	4	0	0	0	0
ASV.2261	0	4	0	0	0	0
ASV.2262	0	4	0	0	0	0
ASV.2264	0	4	0	0	0	0
ASV.2266	0	4	0	0	0	0
ASV.2267	0	0	4	0	0	0
ASV.2268	0	0	4	0	0	0
ASV.2269	0	0	4	0	0	0
ASV.2271	0	0	4	0	0	0
ASV.2272	0	0	4	0	0	0
ASV.2274	0	0	4	0	0	0
ASV.2278	0	0	4	0	0	0
ASV.2279	0	0	4	0	0	0
ASV.2280	0	0	4	0	0	0
ASV.2282	0	0	4	0	0	0
ASV.2284	0	0	4	0	0	0
ASV.2285	0	0	4	0	0	0
ASV.2288	0	0	4	0	0	0
ASV.2289	0	0	4	0	0	0
ASV.2290	0	0	4	0	0	0
ASV.2291	0	0	4	0	0	0
ASV.2292	0	0	4	0	0	0
ASV.2300	0	0	4	0	0	0
ASV.2304	0	0	4	0	0	0
ASV.2305	0	0	4	0	0	0
ASV.2306	0	0	4	0	0	0
ASV.2307	0	0	4	0	0	0
ASV.2308	0	0	4	0	0	0
ASV.2309	0	0	4	0	0	0
ASV.2310	0	0	4	0	0	0
ASV.2311	0	0	4	0	0	0
ASV.2312	0	0	4	0	0	0
ASV.2313	0	0	4	0	0	0
ASV.2314	0	0	4	0	0	0
ASV.2316	0	0	4	0	0	0
ASV.2317	0	0	4	0	0	0
ASV.2318	0	0	4	0	0	0
ASV.2319	0	0	4	0	0	0
ASV.2321	0	0	4	0	0	0
ASV.2322	0	0	4	0	0	0
ASV.2323	0	0	4	0	0	0
ASV.2325	0	0	4	0	0	0
ASV.2326	0	0	4	0	0	0
ASV.2327	0	0	4	0	0	0
ASV.2328	0	0	4	0	0	0
ASV.2329	0	0	4	0	0	0
ASV.2330	0	0	4	0	0	0
ASV.2332	0	0	4	0	0	0
ASV.2333	0	0	4	0	0	0
ASV.2335	0	0	4	0	0	0
ASV.2336	0	0	4	0	0	0
ASV.2338	0	0	4	0	0	0
ASV.2340	0	0	4	0	0	0
ASV.2341	0	0	4	0	0	0
ASV.2343	0	0	4	0	0	0
ASV.2344	0	0	4	0	0	0
ASV.2345	0	0	4	0	0	0
ASV.2346	0	0	4	0	0	0
ASV.2347	0	0	4	0	0	0
ASV.2349	0	0	4	0	0	0
ASV.2350	0	0	4	0	0	0
ASV.2351	0	0	4	0	0	0
ASV.2356	0	0	4	0	0	0
ASV.2357	0	0	4	0	0	0
ASV.2358	0	0	4	0	0	0
ASV.2359	0	0	4	0	0	0
ASV.2360	0	0	4	0	0	0
ASV.2361	0	0	4	0	0	0
ASV.2362	0	0	3	0	1	0
ASV.2363	0	0	3	0	1	0
ASV.2364	0	0	4	0	0	0
ASV.2365	0	0	4	0	0	0
ASV.2366	0	0	4	0	0	0
ASV.2368	0	0	4	0	0	0
ASV.2370	0	0	0	4	0	0
ASV.2371	0	0	0	4	0	0
ASV.2372	0	0	0	4	0	0
ASV.2373	0	0	0	4	0	0
ASV.2374	0	0	0	4	0	0
ASV.2378	0	0	0	4	0	0
ASV.2383	0	0	0	4	0	0
ASV.2385	0	0	0	4	0	0
ASV.2386	0	0	0	4	0	0
ASV.2387	0	0	0	4	0	0
ASV.2388	0	0	0	4	0	0
ASV.2389	0	0	0	4	0	0
ASV.2392	0	0	0	4	0	0
ASV.2393	0	0	0	4	0	0
ASV.2394	0	0	0	4	0	0
ASV.2395	0	0	0	4	0	0
ASV.2396	0	0	0	4	0	0
ASV.2397	0	0	0	4	0	0
ASV.2398	0	0	0	4	0	0
ASV.2399	0	0	0	4	0	0
ASV.2400	0	0	0	4	0	0
ASV.2401	0	0	0	4	0	0
ASV.2402	0	0	0	4	0	0
ASV.2403	0	0	0	4	0	0
ASV.2404	0	0	0	4	0	0
ASV.2405	0	0	0	4	0	0
ASV.2407	0	0	0	4	0	0
ASV.2408	0	0	0	0	4	0
ASV.2409	0	0	0	0	4	0
ASV.2412	0	0	0	0	4	0
ASV.2413	0	0	0	0	4	0
ASV.2418	0	0	0	0	4	0
ASV.2419	0	0	0	0	4	0
ASV.2420	0	0	0	0	4	0
ASV.2421	0	0	0	0	4	0
ASV.2422	0	0	0	0	4	0
ASV.2423	0	0	0	0	4	0
ASV.2424	0	0	0	0	4	0
ASV.2425	0	0	0	0	4	0
ASV.2426	0	0	0	0	4	0
ASV.2428	0	0	0	0	4	0
ASV.2431	0	0	0	0	4	0
ASV.2432	0	0	0	0	4	0
ASV.2433	0	0	0	0	4	0
ASV.2434	0	0	0	0	4	0
ASV.2436	0	0	0	0	4	0
ASV.2438	0	0	0	0	4	0
ASV.2439	0	0	0	0	4	0
ASV.2440	0	0	0	0	4	0
ASV.2441	0	0	0	0	4	0
ASV.2442	0	0	0	0	4	0
ASV.2444	0	0	0	0	4	0
ASV.2445	0	0	0	0	4	0
ASV.2446	0	0	0	0	4	0
ASV.2447	0	0	0	0	4	0
ASV.2448	0	0	0	0	4	0
ASV.2451	0	0	0	0	4	0
ASV.2452	0	0	0	0	4	0
ASV.2453	0	0	0	0	4	0
ASV.2454	0	0	0	0	4	0
ASV.2455	0	0	0	0	4	0
ASV.2456	0	0	0	0	4	0
ASV.2457	0	0	0	0	4	0
ASV.2459	0	0	0	0	4	0
ASV.2460	0	0	0	0	0	4
ASV.2461	0	0	0	0	0	4
ASV.2462	0	0	0	0	0	4
ASV.2463	0	0	0	0	0	4
ASV.2464	0	0	0	0	0	4
ASV.2465	0	0	0	0	0	4
ASV.2466	0	0	0	0	0	4
ASV.2467	0	0	0	0	0	4
ASV.2468	0	0	0	0	0	4
ASV.2469	0	0	0	0	0	4
ASV.2470	0	0	0	0	0	4
ASV.2471	0	0	0	0	0	4
ASV.2472	0	0	0	0	0	4
ASV.2473	0	0	0	0	0	4
ASV.2474	0	0	0	0	0	4
ASV.2475	0	0	0	0	0	4
ASV.2476	0	0	0	0	0	4
ASV.2477	0	0	0	0	0	4
ASV.2478	0	0	0	0	0	4
ASV.2479	0	0	0	0	0	4
ASV.2481	0	0	0	0	0	4
ASV.2482	0	0	0	0	0	4
ASV.2483	0	0	0	0	0	4
ASV.2484	0	0	0	0	0	4
ASV.2485	0	0	0	0	0	4
ASV.2486	0	0	0	0	0	4
ASV.2487	0	0	0	0	0	4
ASV.2488	0	0	0	0	0	4
ASV.2489	0	0	0	0	0	4
ASV.2490	0	0	0	0	0	4
ASV.2491	0	0	0	0	0	4
ASV.2493	0	0	0	0	0	4
ASV.2494	0	0	0	0	0	4
ASV.2495	0	0	0	0	0	4
ASV.2496	0	0	0	0	0	4
ASV.2497	0	0	0	0	0	4
ASV.2498	0	0	0	0	0	4
ASV.2499	0	0	0	0	0	4
ASV.2500	0	0	0	0	0	4
ASV.2501	0	0	0	0	0	4
ASV.2502	0	0	0	0	0	4
ASV.2503	0	0	0	0	0	4
ASV.2504	0	0	0	0	0	4
ASV.2505	0	0	0	0	0	4
ASV.2506	0	0	0	0	0	4
ASV.2508	0	0	0	0	0	4
ASV.2509	0	0	0	0	0	4
ASV.2511	0	0	0	0	0	4
ASV.2512	0	0	0	0	0	4
ASV.2513	0	0	0	0	0	4
ASV.2514	0	0	0	0	0	4
ASV.2515	0	0	0	0	0	4
ASV.2516	0	0	0	0	0	4
ASV.2517	0	0	0	0	0	4
ASV.2518	0	0	0	0	0	4
ASV.2519	0	0	0	0	0	4
ASV.2520	0	0	0	0	0	4
ASV.2523	0	0	0	0	0	4
ASV.2524	0	0	0	0	0	4
ASV.2525	0	0	0	0	0	4
ASV.2527	0	0	0	0	0	4
ASV.2528	0	0	0	0	0	4
ASV.2529	0	0	0	0	0	4
ASV.2530	0	0	0	0	0	4
ASV.2531	3	0	0	0	0	0
ASV.2532	3	0	0	0	0	0
ASV.2533	3	0	0	0	0	0
ASV.2534	3	0	0	0	0	0
ASV.2535	3	0	0	0	0	0
ASV.2539	3	0	0	0	0	0
ASV.2540	3	0	0	0	0	0
ASV.2541	3	0	0	0	0	0
ASV.2542	3	0	0	0	0	0
ASV.2543	3	0	0	0	0	0
ASV.2544	3	0	0	0	0	0
ASV.2545	3	0	0	0	0	0
ASV.2546	3	0	0	0	0	0
ASV.2547	3	0	0	0	0	0
ASV.2548	3	0	0	0	0	0
ASV.2549	3	0	0	0	0	0
ASV.2550	3	0	0	0	0	0
ASV.2551	3	0	0	0	0	0
ASV.2552	3	0	0	0	0	0
ASV.2553	3	0	0	0	0	0
ASV.2554	3	0	0	0	0	0
ASV.2555	3	0	0	0	0	0
ASV.2556	3	0	0	0	0	0
ASV.2558	3	0	0	0	0	0
ASV.2559	3	0	0	0	0	0
ASV.2560	3	0	0	0	0	0
ASV.2561	3	0	0	0	0	0
ASV.2562	3	0	0	0	0	0
ASV.2563	3	0	0	0	0	0
ASV.2564	3	0	0	0	0	0
ASV.2566	3	0	0	0	0	0
ASV.2567	3	0	0	0	0	0
ASV.2570	2	1	0	0	0	0
ASV.2571	3	0	0	0	0	0
ASV.2575	3	0	0	0	0	0
ASV.2576	3	0	0	0	0	0
ASV.2577	3	0	0	0	0	0
ASV.2578	3	0	0	0	0	0
ASV.2579	3	0	0	0	0	0
ASV.2580	3	0	0	0	0	0
ASV.2581	3	0	0	0	0	0
ASV.2582	3	0	0	0	0	0
ASV.2583	3	0	0	0	0	0
ASV.2585	3	0	0	0	0	0
ASV.2586	0	3	0	0	0	0
ASV.2587	0	3	0	0	0	0
ASV.2588	0	3	0	0	0	0
ASV.2589	0	3	0	0	0	0
ASV.2590	0	3	0	0	0	0
ASV.2591	0	3	0	0	0	0
ASV.2592	0	3	0	0	0	0
ASV.2593	0	3	0	0	0	0
ASV.2594	0	3	0	0	0	0
ASV.2595	0	3	0	0	0	0
ASV.2596	0	3	0	0	0	0
ASV.2597	0	3	0	0	0	0
ASV.2598	0	3	0	0	0	0
ASV.2599	0	3	0	0	0	0
ASV.2600	0	3	0	0	0	0
ASV.2601	0	3	0	0	0	0
ASV.2603	0	3	0	0	0	0
ASV.2604	0	3	0	0	0	0
ASV.2605	0	3	0	0	0	0
ASV.2606	0	3	0	0	0	0
ASV.2609	0	3	0	0	0	0
ASV.2610	0	3	0	0	0	0
ASV.2612	0	3	0	0	0	0
ASV.2614	0	3	0	0	0	0
ASV.2616	0	2	1	0	0	0
ASV.2618	0	3	0	0	0	0
ASV.2619	0	3	0	0	0	0
ASV.2621	0	3	0	0	0	0
ASV.2622	0	3	0	0	0	0
ASV.2623	0	3	0	0	0	0
ASV.2626	0	3	0	0	0	0
ASV.2627	0	3	0	0	0	0
ASV.2628	0	3	0	0	0	0
ASV.2629	0	3	0	0	0	0
ASV.2630	0	3	0	0	0	0
ASV.2631	0	3	0	0	0	0
ASV.2632	0	3	0	0	0	0
ASV.2633	0	3	0	0	0	0
ASV.2634	0	3	0	0	0	0
ASV.2635	0	3	0	0	0	0
ASV.2636	0	3	0	0	0	0
ASV.2637	0	3	0	0	0	0
ASV.2638	0	3	0	0	0	0
ASV.2639	0	3	0	0	0	0
ASV.2640	0	3	0	0	0	0
ASV.2641	0	3	0	0	0	0
ASV.2642	0	0	3	0	0	0
ASV.2643	0	0	3	0	0	0
ASV.2644	0	0	3	0	0	0
ASV.2649	0	0	3	0	0	0
ASV.2650	0	0	3	0	0	0
ASV.2651	0	0	3	0	0	0
ASV.2653	0	0	3	0	0	0
ASV.2654	0	0	3	0	0	0
ASV.2655	0	0	3	0	0	0
ASV.2658	0	0	3	0	0	0
ASV.2662	0	0	3	0	0	0
ASV.2663	0	0	3	0	0	0
ASV.2664	0	0	3	0	0	0
ASV.2666	0	0	1	0	2	0
ASV.2668	0	0	3	0	0	0
ASV.2669	0	0	3	0	0	0
ASV.2671	0	0	3	0	0	0
ASV.2675	0	0	3	0	0	0
ASV.2676	0	0	3	0	0	0
ASV.2682	0	0	3	0	0	0
ASV.2683	0	0	3	0	0	0
ASV.2684	0	0	3	0	0	0
ASV.2686	0	0	3	0	0	0
ASV.2688	0	0	3	0	0	0
ASV.2689	0	0	3	0	0	0
ASV.2693	0	0	3	0	0	0
ASV.2694	0	0	3	0	0	0
ASV.2695	0	0	3	0	0	0
ASV.2696	0	0	3	0	0	0
ASV.2702	0	0	3	0	0	0
ASV.2704	0	0	3	0	0	0
ASV.2705	0	0	3	0	0	0
ASV.2706	0	0	3	0	0	0
ASV.2707	0	0	3	0	0	0
ASV.2708	0	0	3	0	0	0
ASV.2711	0	0	3	0	0	0
ASV.2712	0	0	3	0	0	0
ASV.2717	0	0	3	0	0	0
ASV.2718	0	0	3	0	0	0
ASV.2721	0	0	3	0	0	0
ASV.2722	0	0	3	0	0	0
ASV.2725	0	0	3	0	0	0
ASV.2726	0	0	3	0	0	0
ASV.2727	0	0	3	0	0	0
ASV.2728	0	0	3	0	0	0
ASV.2729	0	0	3	0	0	0
ASV.2731	0	0	3	0	0	0
ASV.2732	0	0	3	0	0	0
ASV.2733	0	0	3	0	0	0
ASV.2734	0	0	3	0	0	0
ASV.2735	0	0	3	0	0	0
ASV.2736	0	0	3	0	0	0
ASV.2738	0	0	0	3	0	0
ASV.2739	0	0	0	3	0	0
ASV.2742	0	0	0	3	0	0
ASV.2745	0	0	0	3	0	0
ASV.2746	0	0	0	3	0	0
ASV.2747	0	0	0	3	0	0
ASV.2748	0	0	0	3	0	0
ASV.2749	0	0	0	3	0	0
ASV.2750	0	0	0	3	0	0
ASV.2751	0	0	0	3	0	0
ASV.2752	0	0	0	3	0	0
ASV.2754	0	0	0	3	0	0
ASV.2755	0	0	0	3	0	0
ASV.2756	0	0	0	0	3	0
ASV.2757	0	0	0	0	3	0
ASV.2758	0	0	0	0	3	0
ASV.2760	0	0	0	0	3	0
ASV.2761	0	0	0	0	3	0
ASV.2769	0	0	0	0	3	0
ASV.2770	0	0	0	0	3	0
ASV.2771	0	0	0	0	3	0
ASV.2774	0	0	0	0	3	0
ASV.2775	0	0	0	0	3	0
ASV.2776	0	0	0	0	3	0
ASV.2779	0	0	0	0	3	0
ASV.2784	0	0	0	0	3	0
ASV.2786	0	0	0	0	3	0
ASV.2787	0	0	0	0	3	0
ASV.2788	0	0	0	0	3	0
ASV.2790	0	0	0	0	3	0
ASV.2791	0	0	0	0	3	0
ASV.2792	0	0	0	0	3	0
ASV.2794	0	0	0	0	3	0
ASV.2795	0	0	0	0	3	0
ASV.2796	0	0	0	0	3	0
ASV.2797	0	0	0	0	3	0
ASV.2798	0	0	0	0	0	3
ASV.2799	0	0	0	0	0	3
ASV.2800	0	0	0	0	0	3
ASV.2801	0	0	0	0	0	3
ASV.2802	0	0	0	0	0	3
ASV.2803	0	0	0	0	0	3
ASV.2804	0	0	0	0	0	3
ASV.2806	0	0	0	0	0	3
ASV.2809	0	0	0	0	0	3
ASV.2812	0	0	0	0	0	3
ASV.2813	0	0	0	0	0	3
ASV.2814	0	0	0	0	0	3
ASV.2815	0	0	0	0	0	3
ASV.2816	0	0	0	0	0	3
ASV.2817	0	0	0	0	0	3
ASV.2818	0	0	0	0	0	3
ASV.2819	0	0	0	0	0	3
ASV.2822	0	0	0	0	0	3
ASV.2823	0	0	0	0	0	3
ASV.2824	0	0	0	0	0	3
ASV.2825	0	0	0	0	0	3
ASV.2830	0	0	0	0	0	3
ASV.2831	0	0	0	0	0	3
ASV.2832	0	0	0	0	0	3
ASV.2833	0	0	0	0	0	3
ASV.2834	0	0	0	0	0	3
ASV.2835	0	0	0	0	0	3
ASV.2836	0	0	0	0	0	3
ASV.2837	0	0	0	0	0	3
ASV.2838	0	0	0	0	0	3
ASV.2839	0	0	0	0	0	3
ASV.2840	0	0	0	0	0	3
ASV.2841	0	0	0	0	0	3
ASV.2842	0	0	0	0	0	3
ASV.2843	0	0	0	0	0	3
ASV.2844	0	0	0	0	0	3
ASV.2845	0	0	0	0	0	3
ASV.2846	0	0	0	0	0	3
ASV.2847	0	0	0	0	0	3
ASV.2848	0	0	0	0	0	3
ASV.2849	0	0	0	0	0	3
ASV.2850	0	0	0	0	0	3
ASV.2852	0	0	0	0	0	3
ASV.2853	0	0	0	0	0	3
ASV.2854	0	0	0	0	0	3
ASV.2855	0	0	0	0	0	3
ASV.2856	0	0	0	0	0	3
ASV.2857	0	0	0	0	0	3
ASV.2858	0	0	0	0	0	3
ASV.2859	0	0	0	0	0	3
ASV.2860	0	0	0	0	0	3
ASV.2861	0	0	0	0	0	3
ASV.2862	0	0	0	0	0	3
ASV.2863	0	0	0	0	0	3
ASV.2864	0	0	0	0	0	3
ASV.2865	0	0	0	0	0	3
ASV.2866	0	0	0	0	0	3
ASV.2867	0	0	0	0	0	3
ASV.2868	0	0	0	0	0	3
ASV.2869	0	0	0	0	0	3
ASV.2870	0	0	0	0	0	3
ASV.2871	0	0	0	0	0	3
ASV.2873	0	0	0	0	0	3
ASV.2874	0	0	0	0	0	3
ASV.2876	0	0	0	0	0	3
ASV.2877	0	0	0	0	0	3
ASV.2878	0	0	0	0	0	3
ASV.2879	0	0	0	0	0	3
ASV.2880	2	0	0	0	0	0
ASV.2881	2	0	0	0	0	0
ASV.2884	2	0	0	0	0	0
ASV.2885	2	0	0	0	0	0
ASV.2886	2	0	0	0	0	0
ASV.2887	2	0	0	0	0	0
ASV.2888	2	0	0	0	0	0
ASV.2889	2	0	0	0	0	0
ASV.2890	2	0	0	0	0	0
ASV.2893	2	0	0	0	0	0
ASV.2894	2	0	0	0	0	0
ASV.2895	2	0	0	0	0	0
ASV.2896	2	0	0	0	0	0
ASV.2897	2	0	0	0	0	0
ASV.2898	2	0	0	0	0	0
ASV.2899	2	0	0	0	0	0
ASV.2900	2	0	0	0	0	0
ASV.2901	2	0	0	0	0	0
ASV.2902	2	0	0	0	0	0
ASV.2903	2	0	0	0	0	0
ASV.2904	2	0	0	0	0	0
ASV.2905	2	0	0	0	0	0
ASV.2906	2	0	0	0	0	0
ASV.2910	2	0	0	0	0	0
ASV.2911	2	0	0	0	0	0
ASV.2912	2	0	0	0	0	0
ASV.2913	2	0	0	0	0	0
ASV.2914	2	0	0	0	0	0
ASV.2915	2	0	0	0	0	0
ASV.2916	2	0	0	0	0	0
ASV.2917	2	0	0	0	0	0
ASV.2918	2	0	0	0	0	0
ASV.2919	2	0	0	0	0	0
ASV.2920	2	0	0	0	0	0
ASV.2921	2	0	0	0	0	0
ASV.2922	2	0	0	0	0	0
ASV.2924	2	0	0	0	0	0
ASV.2925	0	2	0	0	0	0
ASV.2926	0	2	0	0	0	0
ASV.2927	0	2	0	0	0	0
ASV.2928	0	2	0	0	0	0
ASV.2929	0	2	0	0	0	0
ASV.2930	0	2	0	0	0	0
ASV.2931	0	2	0	0	0	0
ASV.2932	0	2	0	0	0	0
ASV.2934	0	2	0	0	0	0
ASV.2936	0	2	0	0	0	0
ASV.2937	0	2	0	0	0	0
ASV.2938	0	2	0	0	0	0
ASV.2939	0	2	0	0	0	0
ASV.2940	0	2	0	0	0	0
ASV.2941	0	2	0	0	0	0
ASV.2942	0	2	0	0	0	0
ASV.2945	0	2	0	0	0	0
ASV.2946	0	2	0	0	0	0
ASV.2948	0	2	0	0	0	0
ASV.2951	0	2	0	0	0	0
ASV.2952	0	2	0	0	0	0
ASV.2953	0	2	0	0	0	0
ASV.2957	0	2	0	0	0	0
ASV.2958	0	2	0	0	0	0
ASV.2959	0	2	0	0	0	0
ASV.2961	0	2	0	0	0	0
ASV.2963	0	2	0	0	0	0
ASV.2964	0	2	0	0	0	0
ASV.2965	0	2	0	0	0	0
ASV.2966	0	2	0	0	0	0
ASV.2967	0	2	0	0	0	0
ASV.2968	0	2	0	0	0	0
ASV.2969	0	2	0	0	0	0
ASV.2970	0	2	0	0	0	0
ASV.2971	0	0	2	0	0	0
ASV.2972	0	0	2	0	0	0
ASV.2973	0	0	2	0	0	0
ASV.2981	0	0	2	0	0	0
ASV.2984	0	0	2	0	0	0
ASV.2985	0	0	2	0	0	0
ASV.2989	0	0	2	0	0	0
ASV.2991	0	0	2	0	0	0
ASV.2997	0	0	2	0	0	0
ASV.3000	0	0	2	0	0	0
ASV.3001	0	0	2	0	0	0
ASV.3004	0	0	1	0	1	0
ASV.3005	0	0	2	0	0	0
ASV.3015	0	0	2	0	0	0
ASV.3017	0	0	1	1	0	0
ASV.3018	0	0	2	0	0	0
ASV.3019	0	0	2	0	0	0
ASV.3020	0	0	2	0	0	0
ASV.3021	0	0	2	0	0	0
ASV.3024	0	0	2	0	0	0
ASV.3031	0	0	2	0	0	0
ASV.3034	0	0	2	0	0	0
ASV.3035	0	0	2	0	0	0
ASV.3036	0	0	2	0	0	0
ASV.3037	0	0	2	0	0	0
ASV.3038	0	0	2	0	0	0
ASV.3039	0	0	2	0	0	0
ASV.3040	0	0	2	0	0	0
ASV.3041	0	0	2	0	0	0
ASV.3042	0	0	2	0	0	0
ASV.3045	0	0	2	0	0	0
ASV.3047	0	0	2	0	0	0
ASV.3048	0	0	2	0	0	0
ASV.3049	0	0	2	0	0	0
ASV.3050	0	0	2	0	0	0
ASV.3051	0	0	2	0	0	0
ASV.3053	0	0	2	0	0	0
ASV.3058	0	0	2	0	0	0
ASV.3059	0	0	2	0	0	0
ASV.3060	0	0	2	0	0	0
ASV.3068	0	0	2	0	0	0
ASV.3069	0	0	2	0	0	0
ASV.3074	0	0	0	2	0	0
ASV.3075	0	0	0	2	0	0
ASV.3076	0	0	0	2	0	0
ASV.3077	0	0	0	2	0	0
ASV.3086	0	0	0	2	0	0
ASV.3087	0	0	0	2	0	0
ASV.3090	0	0	0	2	0	0
ASV.3091	0	0	0	1	1	0
ASV.3092	0	0	0	2	0	0
ASV.3093	0	0	0	2	0	0
ASV.3094	0	0	0	2	0	0
ASV.3095	0	0	0	2	0	0
ASV.3096	0	0	0	2	0	0
ASV.3097	0	0	0	2	0	0
ASV.3098	0	0	0	1	1	0
ASV.3100	0	0	0	2	0	0
ASV.3101	0	0	0	2	0	0
ASV.3108	0	0	0	2	0	0
ASV.3110	0	0	0	0	2	0
ASV.3112	0	0	0	0	2	0
ASV.3116	0	0	0	0	2	0
ASV.3117	0	0	0	0	2	0
ASV.3121	0	0	0	0	2	0
ASV.3122	0	0	0	0	2	0
ASV.3123	0	0	0	0	2	0
ASV.3124	0	0	0	0	2	0
ASV.3127	0	0	0	0	2	0
ASV.3132	0	0	0	0	2	0
ASV.3134	0	0	0	0	2	0
ASV.3137	0	0	0	0	2	0
ASV.3139	0	0	0	0	2	0
ASV.3140	0	0	0	0	2	0
ASV.3143	0	0	0	0	2	0
ASV.3145	0	0	0	0	2	0
ASV.3147	0	0	0	0	2	0
ASV.3149	0	0	0	0	0	2
ASV.3150	0	0	0	0	0	2
ASV.3151	0	0	0	0	0	2
ASV.3152	0	0	0	0	0	2
ASV.3153	0	0	0	0	0	2
ASV.3154	0	0	0	0	0	2
ASV.3155	0	0	0	0	0	2
ASV.3156	0	0	0	0	0	2
ASV.3157	0	0	0	0	0	2
ASV.3159	0	0	0	0	0	2
ASV.3160	0	0	0	0	0	2
ASV.3162	0	0	0	0	0	2
ASV.3163	0	0	0	0	0	2
ASV.3164	0	0	0	0	0	2
ASV.3165	0	0	0	0	0	2
ASV.3166	0	0	0	0	0	2
ASV.3168	0	0	0	0	0	2
ASV.3169	0	0	0	0	0	2
ASV.3170	0	0	0	0	0	2
ASV.3171	0	0	0	0	0	2
ASV.3172	0	0	0	0	0	2
ASV.3173	0	0	0	0	0	2
ASV.3174	0	0	0	0	0	2
ASV.3175	0	0	0	0	0	2
ASV.3176	0	0	0	0	0	2
ASV.3177	0	0	0	0	0	2
ASV.3178	0	0	0	0	0	2
ASV.3179	0	0	0	0	0	2
ASV.3180	0	0	0	0	0	2
ASV.3181	0	0	0	0	0	2
ASV.3182	0	0	0	0	0	2
ASV.3183	0	0	0	0	0	2
ASV.3184	0	0	0	0	0	2
ASV.3185	0	0	0	0	0	2
ASV.3186	0	0	0	0	0	2
ASV.3187	0	0	0	0	0	2
ASV.3188	0	0	0	0	0	2
ASV.3189	0	0	0	0	0	2
ASV.3190	0	0	0	0	0	2
ASV.3191	0	0	0	0	0	2
ASV.3192	0	0	0	0	0	2
ASV.3193	0	0	0	0	0	2
ASV.3194	0	0	0	0	0	2
ASV.3197	0	0	0	0	0	2
ASV.3198	0	0	0	0	0	2
ASV.3199	0	0	0	0	0	2
ASV.3200	0	0	0	0	0	2
ASV.3201	0	0	0	0	0	2
ASV.3202	0	0	0	0	0	2
ASV.3203	0	0	0	0	0	2
ASV.3204	0	0	0	0	0	2
ASV.3205	0	0	0	0	0	2
ASV.3206	0	0	0	0	0	2
ASV.3207	0	0	0	0	0	2
ASV.3208	0	0	0	0	0	2
ASV.3210	0	0	0	0	0	2
ASV.3212	1	0	0	0	0	0
ASV.3214	1	0	0	0	0	0
ASV.3217	1	0	0	0	0	0
ASV.3220	1	0	0	0	0	0
ASV.3221	1	0	0	0	0	0
ASV.3222	1	0	0	0	0	0
ASV.3223	1	0	0	0	0	0
ASV.3228	1	0	0	0	0	0
ASV.3229	1	0	0	0	0	0
ASV.3230	1	0	0	0	0	0
ASV.3231	1	0	0	0	0	0
ASV.3232	1	0	0	0	0	0
ASV.3233	1	0	0	0	0	0
ASV.3234	1	0	0	0	0	0
ASV.3235	1	0	0	0	0	0
ASV.3236	1	0	0	0	0	0
ASV.3237	1	0	0	0	0	0
ASV.3238	1	0	0	0	0	0
ASV.3239	1	0	0	0	0	0
ASV.3240	1	0	0	0	0	0
ASV.3241	1	0	0	0	0	0
ASV.3242	1	0	0	0	0	0
ASV.3243	1	0	0	0	0	0
ASV.3245	1	0	0	0	0	0
ASV.3246	1	0	0	0	0	0
ASV.3247	1	0	0	0	0	0
ASV.3248	1	0	0	0	0	0
ASV.3251	1	0	0	0	0	0
ASV.3252	1	0	0	0	0	0
ASV.3253	1	0	0	0	0	0
ASV.3255	1	0	0	0	0	0
ASV.3256	1	0	0	0	0	0
ASV.3257	1	0	0	0	0	0
ASV.3258	1	0	0	0	0	0
ASV.3259	1	0	0	0	0	0
ASV.3260	1	0	0	0	0	0
ASV.3261	1	0	0	0	0	0
ASV.3262	1	0	0	0	0	0
ASV.3263	1	0	0	0	0	0
ASV.3264	1	0	0	0	0	0
ASV.3266	1	0	0	0	0	0
ASV.3267	1	0	0	0	0	0
ASV.3268	1	0	0	0	0	0
ASV.3270	1	0	0	0	0	0
ASV.3271	1	0	0	0	0	0
ASV.3272	1	0	0	0	0	0
ASV.3273	1	0	0	0	0	0
ASV.3274	1	0	0	0	0	0
ASV.3275	1	0	0	0	0	0
ASV.3276	1	0	0	0	0	0
ASV.3277	1	0	0	0	0	0
ASV.3278	1	0	0	0	0	0
ASV.3279	1	0	0	0	0	0
ASV.3280	1	0	0	0	0	0
ASV.3281	1	0	0	0	0	0
ASV.3282	1	0	0	0	0	0
ASV.3283	1	0	0	0	0	0
ASV.3284	1	0	0	0	0	0
ASV.3285	1	0	0	0	0	0
ASV.3286	1	0	0	0	0	0
ASV.3287	1	0	0	0	0	0
ASV.3289	1	0	0	0	0	0
ASV.3293	1	0	0	0	0	0
ASV.3294	1	0	0	0	0	0
ASV.3295	1	0	0	0	0	0
ASV.3296	1	0	0	0	0	0
ASV.3297	1	0	0	0	0	0
ASV.3299	1	0	0	0	0	0
ASV.3300	1	0	0	0	0	0
ASV.3301	1	0	0	0	0	0
ASV.3302	1	0	0	0	0	0
ASV.3303	1	0	0	0	0	0
ASV.3304	1	0	0	0	0	0
ASV.3307	1	0	0	0	0	0
ASV.3309	1	0	0	0	0	0
ASV.3310	1	0	0	0	0	0
ASV.3311	1	0	0	0	0	0
ASV.3316	1	0	0	0	0	0
ASV.3318	1	0	0	0	0	0
ASV.3319	1	0	0	0	0	0
ASV.3320	1	0	0	0	0	0
ASV.3322	1	0	0	0	0	0
ASV.3325	1	0	0	0	0	0
ASV.3328	1	0	0	0	0	0
ASV.3331	1	0	0	0	0	0
ASV.3332	1	0	0	0	0	0
ASV.3333	1	0	0	0	0	0
ASV.3334	1	0	0	0	0	0
ASV.3335	1	0	0	0	0	0
ASV.3336	1	0	0	0	0	0
ASV.3337	1	0	0	0	0	0
ASV.3340	1	0	0	0	0	0
ASV.3342	1	0	0	0	0	0
ASV.3343	1	0	0	0	0	0
ASV.3344	1	0	0	0	0	0
ASV.3348	0	1	0	0	0	0
ASV.3350	0	1	0	0	0	0
ASV.3352	0	1	0	0	0	0
ASV.3354	0	1	0	0	0	0
ASV.3355	0	1	0	0	0	0
ASV.3356	0	1	0	0	0	0
ASV.3357	0	1	0	0	0	0
ASV.3358	0	1	0	0	0	0
ASV.3359	0	1	0	0	0	0
ASV.3361	0	1	0	0	0	0
ASV.3363	0	1	0	0	0	0
ASV.3364	0	1	0	0	0	0
ASV.3365	0	1	0	0	0	0
ASV.3366	0	1	0	0	0	0
ASV.3367	0	1	0	0	0	0
ASV.3368	0	1	0	0	0	0
ASV.3369	0	1	0	0	0	0
ASV.3371	0	1	0	0	0	0
ASV.3373	0	1	0	0	0	0
ASV.3374	0	1	0	0	0	0
ASV.3375	0	1	0	0	0	0
ASV.3376	0	1	0	0	0	0
ASV.3377	0	1	0	0	0	0
ASV.3381	0	1	0	0	0	0
ASV.3383	0	1	0	0	0	0
ASV.3384	0	1	0	0	0	0
ASV.3385	0	1	0	0	0	0
ASV.3386	0	1	0	0	0	0
ASV.3387	0	1	0	0	0	0
ASV.3388	0	1	0	0	0	0
ASV.3389	0	1	0	0	0	0
ASV.3390	0	1	0	0	0	0
ASV.3392	0	1	0	0	0	0
ASV.3394	0	1	0	0	0	0
ASV.3395	0	1	0	0	0	0
ASV.3396	0	1	0	0	0	0
ASV.3397	0	1	0	0	0	0
ASV.3398	0	1	0	0	0	0
ASV.3399	0	1	0	0	0	0
ASV.3400	0	1	0	0	0	0
ASV.3403	0	1	0	0	0	0
ASV.3411	0	1	0	0	0	0
ASV.3412	0	1	0	0	0	0
ASV.3413	0	1	0	0	0	0
ASV.3417	0	1	0	0	0	0
ASV.3421	0	1	0	0	0	0
ASV.3422	0	1	0	0	0	0
ASV.3423	0	1	0	0	0	0
ASV.3425	0	1	0	0	0	0
ASV.3427	0	1	0	0	0	0
ASV.3428	0	1	0	0	0	0
ASV.3430	0	0	1	0	0	0
ASV.3432	0	0	1	0	0	0
ASV.3434	0	0	1	0	0	0
ASV.3436	0	0	1	0	0	0
ASV.3443	0	0	1	0	0	0
ASV.3444	0	0	1	0	0	0
ASV.3445	0	0	1	0	0	0
ASV.3456	0	0	1	0	0	0
ASV.3461	0	0	1	0	0	0
ASV.3463	0	0	1	0	0	0
ASV.3465	0	0	1	0	0	0
ASV.3468	0	0	1	0	0	0
ASV.3469	0	0	1	0	0	0
ASV.3470	0	0	1	0	0	0
ASV.3478	0	0	1	0	0	0
ASV.3479	0	0	1	0	0	0
ASV.3480	0	0	1	0	0	0
ASV.3486	0	0	1	0	0	0
ASV.3488	0	0	1	0	0	0
ASV.3489	0	0	1	0	0	0
ASV.3490	0	0	1	0	0	0
ASV.3493	0	0	1	0	0	0
ASV.3500	0	0	1	0	0	0
ASV.3504	0	0	1	0	0	0
ASV.3505	0	0	1	0	0	0
ASV.3507	0	0	1	0	0	0
ASV.3510	0	0	1	0	0	0
ASV.3511	0	0	1	0	0	0
ASV.3514	0	0	1	0	0	0
ASV.3515	0	0	1	0	0	0
ASV.3517	0	0	1	0	0	0
ASV.3519	0	0	1	0	0	0
ASV.3520	0	0	1	0	0	0
ASV.3522	0	0	1	0	0	0
ASV.3529	0	0	1	0	0	0
ASV.3530	0	0	1	0	0	0
ASV.3533	0	0	1	0	0	0
ASV.3535	0	0	1	0	0	0
ASV.3537	0	0	1	0	0	0
ASV.3538	0	0	1	0	0	0
ASV.3539	0	0	1	0	0	0
ASV.3542	0	0	1	0	0	0
ASV.3543	0	0	1	0	0	0
ASV.3546	0	0	1	0	0	0
ASV.3547	0	0	1	0	0	0
ASV.3548	0	0	1	0	0	0
ASV.3549	0	0	1	0	0	0
ASV.3555	0	0	1	0	0	0
ASV.3556	0	0	1	0	0	0
ASV.3558	0	0	1	0	0	0
ASV.3559	0	0	1	0	0	0
ASV.3561	0	0	1	0	0	0
ASV.3569	0	0	1	0	0	0
ASV.3570	0	0	1	0	0	0
ASV.3571	0	0	1	0	0	0
ASV.3574	0	0	1	0	0	0
ASV.3577	0	0	1	0	0	0
ASV.3579	0	0	1	0	0	0
ASV.3580	0	0	1	0	0	0
ASV.3584	0	0	1	0	0	0
ASV.3585	0	0	1	0	0	0
ASV.3586	0	0	1	0	0	0
ASV.3588	0	0	1	0	0	0
ASV.3589	0	0	1	0	0	0
ASV.3590	0	0	1	0	0	0
ASV.3592	0	0	1	0	0	0
ASV.3593	0	0	1	0	0	0
ASV.3594	0	0	1	0	0	0
ASV.3597	0	0	1	0	0	0
ASV.3598	0	0	1	0	0	0
ASV.3599	0	0	1	0	0	0
ASV.3600	0	0	1	0	0	0
ASV.3601	0	0	1	0	0	0
ASV.3602	0	0	1	0	0	0
ASV.3605	0	0	1	0	0	0
ASV.3606	0	0	1	0	0	0
ASV.3607	0	0	1	0	0	0
ASV.3608	0	0	1	0	0	0
ASV.3610	0	0	1	0	0	0
ASV.3612	0	0	1	0	0	0
ASV.3613	0	0	1	0	0	0
ASV.3614	0	0	1	0	0	0
ASV.3615	0	0	1	0	0	0
ASV.3616	0	0	1	0	0	0
ASV.3622	0	0	1	0	0	0
ASV.3623	0	0	1	0	0	0
ASV.3626	0	0	1	0	0	0
ASV.3631	0	0	1	0	0	0
ASV.3632	0	0	1	0	0	0
ASV.3633	0	0	1	0	0	0
ASV.3634	0	0	1	0	0	0
ASV.3635	0	0	1	0	0	0
ASV.3636	0	0	1	0	0	0
ASV.3639	0	0	1	0	0	0
ASV.3640	0	0	1	0	0	0
ASV.3641	0	0	1	0	0	0
ASV.3642	0	0	1	0	0	0
ASV.3648	0	0	1	0	0	0
ASV.3649	0	0	1	0	0	0
ASV.3651	0	0	1	0	0	0
ASV.3652	0	0	1	0	0	0
ASV.3653	0	0	1	0	0	0
ASV.3654	0	0	1	0	0	0
ASV.3655	0	0	1	0	0	0
ASV.3656	0	0	1	0	0	0
ASV.3657	0	0	1	0	0	0
ASV.3658	0	0	1	0	0	0
ASV.3659	0	0	1	0	0	0
ASV.3660	0	0	1	0	0	0
ASV.3665	0	0	1	0	0	0
ASV.3666	0	0	1	0	0	0
ASV.3667	0	0	1	0	0	0
ASV.3668	0	0	1	0	0	0
ASV.3670	0	0	1	0	0	0
ASV.3672	0	0	1	0	0	0
ASV.3673	0	0	1	0	0	0
ASV.3676	0	0	1	0	0	0
ASV.3682	0	0	1	0	0	0
ASV.3683	0	0	1	0	0	0
ASV.3684	0	0	1	0	0	0
ASV.3685	0	0	1	0	0	0
ASV.3686	0	0	1	0	0	0
ASV.3687	0	0	1	0	0	0
ASV.3688	0	0	1	0	0	0
ASV.3690	0	0	1	0	0	0
ASV.3691	0	0	1	0	0	0
ASV.3692	0	0	1	0	0	0
ASV.3694	0	0	1	0	0	0
ASV.3695	0	0	1	0	0	0
ASV.3696	0	0	1	0	0	0
ASV.3697	0	0	1	0	0	0
ASV.3698	0	0	1	0	0	0
ASV.3704	0	0	1	0	0	0
ASV.3705	0	0	1	0	0	0
ASV.3710	0	0	1	0	0	0
ASV.3711	0	0	1	0	0	0
ASV.3715	0	0	1	0	0	0
ASV.3717	0	0	1	0	0	0
ASV.3719	0	0	1	0	0	0
ASV.3723	0	0	1	0	0	0
ASV.3725	0	0	1	0	0	0
ASV.3729	0	0	1	0	0	0
ASV.3743	0	0	1	0	0	0
ASV.3744	0	0	1	0	0	0
ASV.3749	0	0	1	0	0	0
ASV.3750	0	0	1	0	0	0
ASV.3751	0	0	1	0	0	0
ASV.3770	0	0	1	0	0	0
ASV.3771	0	0	1	0	0	0
ASV.3772	0	0	1	0	0	0
ASV.3775	0	0	1	0	0	0
ASV.3776	0	0	1	0	0	0
ASV.3779	0	0	1	0	0	0
ASV.3780	0	0	1	0	0	0
ASV.3786	0	0	1	0	0	0
ASV.3787	0	0	1	0	0	0
ASV.3788	0	0	1	0	0	0
ASV.3789	0	0	1	0	0	0
ASV.3790	0	0	1	0	0	0
ASV.3794	0	0	1	0	0	0
ASV.3795	0	0	1	0	0	0
ASV.3797	0	0	1	0	0	0
ASV.3798	0	0	1	0	0	0
ASV.3817	0	0	1	0	0	0
ASV.3821	0	0	1	0	0	0
ASV.3822	0	0	1	0	0	0
ASV.3823	0	0	1	0	0	0
ASV.3825	0	0	1	0	0	0
ASV.3830	0	0	1	0	0	0
ASV.3838	0	0	0	1	0	0
ASV.3840	0	0	0	1	0	0
ASV.3843	0	0	0	1	0	0
ASV.3852	0	0	0	1	0	0
ASV.3853	0	0	0	1	0	0
ASV.3856	0	0	0	1	0	0
ASV.3857	0	0	0	1	0	0
ASV.3858	0	0	0	1	0	0
ASV.3859	0	0	0	1	0	0
ASV.3864	0	0	0	1	0	0
ASV.3867	0	0	0	1	0	0
ASV.3869	0	0	0	1	0	0
ASV.3873	0	0	0	1	0	0
ASV.3874	0	0	0	1	0	0
ASV.3875	0	0	0	1	0	0
ASV.3878	0	0	0	1	0	0
ASV.3879	0	0	0	1	0	0
ASV.3885	0	0	0	1	0	0
ASV.3890	0	0	0	1	0	0
ASV.3893	0	0	0	1	0	0
ASV.3894	0	0	0	1	0	0
ASV.3895	0	0	0	1	0	0
ASV.3896	0	0	0	1	0	0
ASV.3899	0	0	0	1	0	0
ASV.3906	0	0	0	1	0	0
ASV.3913	0	0	0	1	0	0
ASV.3914	0	0	0	1	0	0
ASV.3915	0	0	0	1	0	0
ASV.3916	0	0	0	1	0	0
ASV.3918	0	0	0	1	0	0
ASV.3919	0	0	0	1	0	0
ASV.3920	0	0	0	1	0	0
ASV.3923	0	0	0	1	0	0
ASV.3926	0	0	0	1	0	0
ASV.3927	0	0	0	1	0	0
ASV.3928	0	0	0	1	0	0
ASV.3929	0	0	0	1	0	0
ASV.3937	0	0	0	1	0	0
ASV.3939	0	0	0	1	0	0
ASV.3940	0	0	0	1	0	0
ASV.3941	0	0	0	1	0	0
ASV.3944	0	0	0	1	0	0
ASV.3947	0	0	0	0	1	0
ASV.3953	0	0	0	0	1	0
ASV.3954	0	0	0	0	1	0
ASV.3965	0	0	0	0	1	0
ASV.3966	0	0	0	0	1	0
ASV.3967	0	0	0	0	1	0
ASV.3968	0	0	0	0	1	0
ASV.3969	0	0	0	0	1	0
ASV.3974	0	0	0	0	1	0
ASV.3975	0	0	0	0	1	0
ASV.3988	0	0	0	0	1	0
ASV.3993	0	0	0	0	1	0
ASV.3994	0	0	0	0	1	0
ASV.3995	0	0	0	0	1	0
ASV.3999	0	0	0	0	1	0
ASV.4000	0	0	0	0	1	0
ASV.4002	0	0	0	0	1	0
ASV.4003	0	0	0	0	1	0
ASV.4008	0	0	0	0	1	0
ASV.4010	0	0	0	0	1	0
ASV.4016	0	0	0	0	1	0
ASV.4017	0	0	0	0	1	0
ASV.4022	0	0	0	0	1	0
ASV.4023	0	0	0	0	1	0
ASV.4025	0	0	0	0	1	0
ASV.4026	0	0	0	0	1	0
ASV.4030	0	0	0	0	1	0
ASV.4034	0	0	0	0	1	0
ASV.4035	0	0	0	0	1	0
ASV.4037	0	0	0	0	1	0
ASV.4038	0	0	0	0	1	0
ASV.4041	0	0	0	0	1	0
ASV.4042	0	0	0	0	1	0
ASV.4043	0	0	0	0	1	0
ASV.4048	0	0	0	0	1	0
ASV.4049	0	0	0	0	1	0
ASV.4050	0	0	0	0	1	0
ASV.4052	0	0	0	0	1	0
ASV.4054	0	0	0	0	1	0
ASV.4058	0	0	0	0	1	0
ASV.4059	0	0	0	0	1	0
ASV.4065	0	0	0	0	1	0
ASV.4087	0	0	0	0	1	0
ASV.4088	0	0	0	0	1	0
ASV.4091	0	0	0	0	1	0
ASV.4094	0	0	0	0	1	0
ASV.4096	0	0	0	0	1	0
ASV.4100	0	0	0	0	1	0
ASV.4104	0	0	0	0	1	0
ASV.4109	0	0	0	0	1	0
ASV.4111	0	0	0	0	1	0
ASV.4113	0	0	0	0	1	0
ASV.4116	0	0	0	0	1	0
ASV.4121	0	0	0	0	1	0
ASV.4123	0	0	0	0	1	0
ASV.4124	0	0	0	0	1	0
ASV.4125	0	0	0	0	1	0
ASV.4126	0	0	0	0	1	0
ASV.4127	0	0	0	0	1	0
ASV.4131	0	0	0	0	1	0
ASV.4132	0	0	0	0	1	0
ASV.4134	0	0	0	0	1	0
ASV.4135	0	0	0	0	1	0
ASV.4136	0	0	0	0	1	0
ASV.4141	0	0	0	0	1	0
ASV.4142	0	0	0	0	1	0
ASV.4143	0	0	0	0	1	0
ASV.4144	0	0	0	0	1	0
ASV.4145	0	0	0	0	1	0
ASV.4146	0	0	0	0	1	0
ASV.4147	0	0	0	0	1	0
ASV.4151	0	0	0	0	1	0
ASV.4156	0	0	0	0	1	0
ASV.4158	0	0	0	0	1	0
ASV.4159	0	0	0	0	1	0
ASV.4162	0	0	0	0	1	0
ASV.4163	0	0	0	0	1	0
ASV.4164	0	0	0	0	1	0
ASV.4165	0	0	0	0	1	0
ASV.4169	0	0	0	0	1	0
ASV.4171	0	0	0	0	1	0
ASV.4175	0	0	0	0	1	0
ASV.4176	0	0	0	0	1	0
ASV.4177	0	0	0	0	1	0
ASV.4178	0	0	0	0	1	0
ASV.4183	0	0	0	0	0	1
ASV.4185	0	0	0	0	0	1
ASV.4186	0	0	0	0	0	1
ASV.4189	0	0	0	0	0	1
ASV.4190	0	0	0	0	0	1
ASV.4191	0	0	0	0	0	1
ASV.4193	0	0	0	0	0	1
ASV.4196	0	0	0	0	0	1
ASV.4197	0	0	0	0	0	1
ASV.4200	0	0	0	0	0	1
ASV.4201	0	0	0	0	0	1
ASV.4203	0	0	0	0	0	1
ASV.4206	0	0	0	0	0	1
ASV.4208	0	0	0	0	0	1
ASV.4209	0	0	0	0	0	1
ASV.4210	0	0	0	0	0	1
ASV.4211	0	0	0	0	0	1
ASV.4212	0	0	0	0	0	1
ASV.4213	0	0	0	0	0	1
ASV.4214	0	0	0	0	0	1
ASV.4215	0	0	0	0	0	1
ASV.4216	0	0	0	0	0	1
ASV.4217	0	0	0	0	0	1
ASV.4219	0	0	0	0	0	1
ASV.4222	0	0	0	0	0	1
ASV.4223	0	0	0	0	0	1
ASV.4224	0	0	0	0	0	1
ASV.4225	0	0	0	0	0	1
ASV.4228	0	0	0	0	0	1
ASV.4229	0	0	0	0	0	1
ASV.4230	0	0	0	0	0	1
ASV.4231	0	0	0	0	0	1
ASV.4232	0	0	0	0	0	1
ASV.4233	0	0	0	0	0	1
ASV.4234	0	0	0	0	0	1
ASV.4235	0	0	0	0	0	1
ASV.4236	0	0	0	0	0	1
ASV.4237	0	0	0	0	0	1
ASV.4238	0	0	0	0	0	1
ASV.4239	0	0	0	0	0	1
ASV.4240	0	0	0	0	0	1
ASV.4241	0	0	0	0	0	1
ASV.4242	0	0	0	0	0	1
ASV.4243	0	0	0	0	0	1
ASV.4244	0	0	0	0	0	1
ASV.4245	0	0	0	0	0	1
ASV.4246	0	0	0	0	0	1
ASV.4247	0	0	0	0	0	1
ASV.4248	0	0	0	0	0	1
ASV.4251	0	0	0	0	0	1
ASV.4254	0	0	0	0	0	1
ASV.4256	0	0	0	0	0	1
ASV.4257	0	0	0	0	0	1
ASV.4258	0	0	0	0	0	1
ASV.4259	0	0	0	0	0	1
ASV.4260	0	0	0	0	0	1
ASV.4261	0	0	0	0	0	1
ASV.4262	0	0	0	0	0	1
ASV.4263	0	0	0	0	0	1
ASV.4264	0	0	0	0	0	1
ASV.4265	0	0	0	0	0	1
ASV.4266	0	0	0	0	0	1
ASV.4267	0	0	0	0	0	1
ASV.4268	0	0	0	0	0	1
ASV.4269	0	0	0	0	0	1
ASV.4270	0	0	0	0	0	1
ASV.4271	0	0	0	0	0	1
ASV.4272	0	0	0	0	0	1
ASV.4273	0	0	0	0	0	1
ASV.4274	0	0	0	0	0	1
ASV.4275	0	0	0	0	0	1
ASV.4276	0	0	0	0	0	1
ASV.4277	0	0	0	0	0	1
ASV.4278	0	0	0	0	0	1
ASV.4279	0	0	0	0	0	1
ASV.4280	0	0	0	0	0	1
ASV.4281	0	0	0	0	0	1
ASV.4282	0	0	0	0	0	1
ASV.4283	0	0	0	0	0	1
ASV.4284	0	0	0	0	0	1
ASV.4285	0	0	0	0	0	1
ASV.4286	0	0	0	0	0	1
ASV.4287	0	0	0	0	0	1
ASV.4288	0	0	0	0	0	1
ASV.4289	0	0	0	0	0	1
ASV.4290	0	0	0	0	0	1
ASV.4291	0	0	0	0	0	1
ASV.4292	0	0	0	0	0	1
ASV.4293	0	0	0	0	0	1
ASV.4294	0	0	0	0	0	1
ASV.4295	0	0	0	0	0	1
ASV.4296	0	0	0	0	0	1
ASV.4297	0	0	0	0	0	1
ASV.4298	0	0	0	0	0	1
ASV.4299	0	0	0	0	0	1
ASV.4300	0	0	0	0	0	1
ASV.4301	0	0	0	0	0	1
ASV.4302	0	0	0	0	0	1
ASV.4303	0	0	0	0	0	1
ASV.4304	0	0	0	0	0	1
ASV.4305	0	0	0	0	0	1
ASV.4306	0	0	0	0	0	1
ASV.4307	0	0	0	0	0	1
ASV.4308	0	0	0	0	0	1
ASV.4309	0	0	0	0	0	1
ASV.4310	0	0	0	0	0	1
ASV.4311	0	0	0	0	0	1
ASV.4312	0	0	0	0	0	1
ASV.4313	0	0	0	0	0	1
ASV.4314	0	0	0	0	0	1
ASV.4315	0	0	0	0	0	1
ASV.4316	0	0	0	0	0	1
ASV.4317	0	0	0	0	0	1
ASV.4318	0	0	0	0	0	1
ASV.4319	0	0	0	0	0	1
ASV.4320	0	0	0	0	0	1
ASV.4321	0	0	0	0	0	1
ASV.4322	0	0	0	0	0	1
ASV.4323	0	0	0	0	0	1
ASV.4324	0	0	0	0	0	1
ASV.4327	0	0	0	0	0	1
ASV.4331	0	0	0	0	0	1
ASV.4333	0	0	0	0	0	1
ASV.4334	0	0	0	0	0	1
ASV.4335	0	0	0	0	0	1
ASV.4336	0	0	0	0	0	1
ASV.4337	0	0	0	0	0	1
ASV.4338	0	0	0	0	0	1
ASV.4339	0	0	0	0	0	1
ASV.4340	0	0	0	0	0	1
ASV.4341	0	0	0	0	0	1
ASV.4342	0	0	0	0	0	1
ASV.4343	0	0	0	0	0	1
ASV.4344	0	0	0	0	0	1
ASV.4345	0	0	0	0	0	1
ASV.4346	0	0	0	0	0	1
ASV.4347	0	0	0	0	0	1
ASV.4348	0	0	0	0	0	1
ASV.4350	0	0	0	0	0	1
ASV.4352	0	0	0	0	0	1
ASV.4354	0	0	0	0	0	1
ASV.4356	0	0	0	0	0	1
ASV.4357	0	0	0	0	0	1
